<?xml version="1.0" encoding="UTF-8"?>
<kml xmlns="http://www.opengis.net/kml/2.2">
<Document>
  <name>Schengen Airports and Arrival Routes</name>
  <Style id="ruta_schengen">
    <LineStyle>
      <color>ff00ff00</color>
      <width>3</width>
    </LineStyle>
  </Style>
  <Style id="ruta_no_schengen">
    <LineStyle>
      <color>ff0000ff</color>
      <width>3</width>
    </LineStyle>
  </Style>
  <Folder>
    <name>Aeropuertos</name>
    <Placemark>
      <name>BIKF (Schengen)</name>
      <Point>
        <coordinates>
          -22.605555555555558,63.985
        </coordinates>
      </Point>
    </Placemark>
    <Placemark>
      <name>CYUL (No Schengen)</name>
      <Point>
        <coordinates>
          -73.74138888888889,45.46805555555556
        </coordinates>
      </Point>
    </Placemark>
    <Placemark>
      <name>CYYZ (No Schengen)</name>
      <Point>
        <coordinates>
          -79.63055555555555,43.67722222222222
        </coordinates>
      </Point>
    </Placemark>
    <Placemark>
      <name>DAAG (No Schengen)</name>
      <Point>
        <coordinates>
          3.2144444444444447,36.693888888888885
        </coordinates>
      </Point>
    </Placemark>
    <Placemark>
      <name>DTTA (No Schengen)</name>
      <Point>
        <coordinates>
          10.226944444444445,36.85111111111111
        </coordinates>
      </Point>
    </Placemark>
    <Placemark>
      <name>EBAW (Schengen)</name>
      <Point>
        <coordinates>
          4.460277777777778,51.18944444444444
        </coordinates>
      </Point>
    </Placemark>
    <Placemark>
      <name>EBBR (Schengen)</name>
      <Point>
        <coordinates>
          4.484444444444445,50.90138888888889
        </coordinates>
      </Point>
    </Placemark>
    <Placemark>
      <name>EBLG (Schengen)</name>
      <Point>
        <coordinates>
          5.442777777777778,50.63638888888889
        </coordinates>
      </Point>
    </Placemark>
    <Placemark>
      <name>EBOS (Schengen)</name>
      <Point>
        <coordinates>
          2.8622222222222224,51.19888888888889
        </coordinates>
      </Point>
    </Placemark>
    <Placemark>
      <name>EDDB (Schengen)</name>
      <Point>
        <coordinates>
          13.500555555555556,52.36222222222222
        </coordinates>
      </Point>
    </Placemark>
    <Placemark>
      <name>EDDF (Schengen)</name>
      <Point>
        <coordinates>
          8.570555555555556,50.03333333333333
        </coordinates>
      </Point>
    </Placemark>
    <Placemark>
      <name>EDDH (Schengen)</name>
      <Point>
        <coordinates>
          9.988333333333333,53.63027777777778
        </coordinates>
      </Point>
    </Placemark>
    <Placemark>
      <name>EDDK (Schengen)</name>
      <Point>
        <coordinates>
          7.142777777777778,50.865833333333335
        </coordinates>
      </Point>
    </Placemark>
    <Placemark>
      <name>EDDL (Schengen)</name>
      <Point>
        <coordinates>
          6.7572222222222225,51.280833333333334
        </coordinates>
      </Point>
    </Placemark>
    <Placemark>
      <name>EDDM (Schengen)</name>
      <Point>
        <coordinates>
          11.786111111111111,48.35388888888889
        </coordinates>
      </Point>
    </Placemark>
    <Placemark>
      <name>EDDN (Schengen)</name>
      <Point>
        <coordinates>
          11.078055555555554,49.49861111111111
        </coordinates>
      </Point>
    </Placemark>
    <Placemark>
      <name>EDDP (Schengen)</name>
      <Point>
        <coordinates>
          12.236388888888888,51.42388888888889
        </coordinates>
      </Point>
    </Placemark>
    <Placemark>
      <name>EDDS (Schengen)</name>
      <Point>
        <coordinates>
          9.221944444444444,48.69
        </coordinates>
      </Point>
    </Placemark>
    <Placemark>
      <name>EDDT (Schengen)</name>
      <Point>
        <coordinates>
          13.287777777777778,52.55972222222222
        </coordinates>
      </Point>
    </Placemark>
    <Placemark>
      <name>EDDV (Schengen)</name>
      <Point>
        <coordinates>
          9.68361111111111,52.46027777777778
        </coordinates>
      </Point>
    </Placemark>
    <Placemark>
      <name>EETN (Schengen)</name>
      <Point>
        <coordinates>
          24.8325,59.413333333333334
        </coordinates>
      </Point>
    </Placemark>
    <Placemark>
      <name>EFHK (Schengen)</name>
      <Point>
        <coordinates>
          24.96333333333333,60.31722222222223
        </coordinates>
      </Point>
    </Placemark>
    <Placemark>
      <name>EGAA (No Schengen)</name>
      <Point>
        <coordinates>
          -6.215833333333333,54.6575
        </coordinates>
      </Point>
    </Placemark>
    <Placemark>
      <name>EGBB (No Schengen)</name>
      <Point>
        <coordinates>
          -1.7480555555555557,52.45388888888889
        </coordinates>
      </Point>
    </Placemark>
    <Placemark>
      <name>EGCC (No Schengen)</name>
      <Point>
        <coordinates>
          -2.275,53.35388888888889
        </coordinates>
      </Point>
    </Placemark>
    <Placemark>
      <name>EGFF (No Schengen)</name>
      <Point>
        <coordinates>
          -3.3433333333333333,51.39666666666667
        </coordinates>
      </Point>
    </Placemark>
    <Placemark>
      <name>EGGD (No Schengen)</name>
      <Point>
        <coordinates>
          -2.7191666666666667,51.382777777777775
        </coordinates>
      </Point>
    </Placemark>
    <Placemark>
      <name>EGGP (No Schengen)</name>
      <Point>
        <coordinates>
          -2.8497222222222223,53.33361111111111
        </coordinates>
      </Point>
    </Placemark>
    <Placemark>
      <name>EGGW (No Schengen)</name>
      <Point>
        <coordinates>
          -0.3683333333333333,51.874722222222225
        </coordinates>
      </Point>
    </Placemark>
    <Placemark>
      <name>EGHI (No Schengen)</name>
      <Point>
        <coordinates>
          -1.3566666666666667,50.95027777777778
        </coordinates>
      </Point>
    </Placemark>
    <Placemark>
      <name>EGKK (No Schengen)</name>
      <Point>
        <coordinates>
          -0.19027777777777777,51.14805555555556
        </coordinates>
      </Point>
    </Placemark>
    <Placemark>
      <name>EGLL (No Schengen)</name>
      <Point>
        <coordinates>
          -0.4613888888888889,51.4775
        </coordinates>
      </Point>
    </Placemark>
    <Placemark>
      <name>EGMC (No Schengen)</name>
      <Point>
        <coordinates>
          0.6933333333333334,51.57027777777778
        </coordinates>
      </Point>
    </Placemark>
    <Placemark>
      <name>EGNM (No Schengen)</name>
      <Point>
        <coordinates>
          -1.6608333333333332,53.86611111111111
        </coordinates>
      </Point>
    </Placemark>
    <Placemark>
      <name>EGNT (No Schengen)</name>
      <Point>
        <coordinates>
          -1.6897222222222223,55.03805555555555
        </coordinates>
      </Point>
    </Placemark>
    <Placemark>
      <name>EGNX (No Schengen)</name>
      <Point>
        <coordinates>
          -1.3277777777777777,52.83111111111111
        </coordinates>
      </Point>
    </Placemark>
    <Placemark>
      <name>EGPH (No Schengen)</name>
      <Point>
        <coordinates>
          -3.3725,55.95
        </coordinates>
      </Point>
    </Placemark>
    <Placemark>
      <name>EGPK (No Schengen)</name>
      <Point>
        <coordinates>
          -4.594444444444444,55.50944444444445
        </coordinates>
      </Point>
    </Placemark>
    <Placemark>
      <name>EGSS (No Schengen)</name>
      <Point>
        <coordinates>
          0.23500000000000001,51.885
        </coordinates>
      </Point>
    </Placemark>
    <Placemark>
      <name>EHAM (Schengen)</name>
      <Point>
        <coordinates>
          4.764166666666667,52.308055555555555
        </coordinates>
      </Point>
    </Placemark>
    <Placemark>
      <name>EHEH (Schengen)</name>
      <Point>
        <coordinates>
          5.374444444444444,51.45
        </coordinates>
      </Point>
    </Placemark>
    <Placemark>
      <name>EHRD (Schengen)</name>
      <Point>
        <coordinates>
          4.437222222222222,51.956944444444446
        </coordinates>
      </Point>
    </Placemark>
    <Placemark>
      <name>EIDW (No Schengen)</name>
      <Point>
        <coordinates>
          -6.27,53.421388888888885
        </coordinates>
      </Point>
    </Placemark>
    <Placemark>
      <name>EKBI (Schengen)</name>
      <Point>
        <coordinates>
          9.151666666666667,55.74027777777778
        </coordinates>
      </Point>
    </Placemark>
    <Placemark>
      <name>EKCH (Schengen)</name>
      <Point>
        <coordinates>
          12.65611111111111,55.61805555555556
        </coordinates>
      </Point>
    </Placemark>
    <Placemark>
      <name>ELLX (Schengen)</name>
      <Point>
        <coordinates>
          6.204444444444444,49.623333333333335
        </coordinates>
      </Point>
    </Placemark>
    <Placemark>
      <name>ENBR (Schengen)</name>
      <Point>
        <coordinates>
          5.218055555555556,60.29361111111111
        </coordinates>
      </Point>
    </Placemark>
    <Placemark>
      <name>ENGM (Schengen)</name>
      <Point>
        <coordinates>
          11.08388888888889,60.20277777777778
        </coordinates>
      </Point>
    </Placemark>
    <Placemark>
      <name>EPKK (Schengen)</name>
      <Point>
        <coordinates>
          19.784722222222225,50.07777777777778
        </coordinates>
      </Point>
    </Placemark>
    <Placemark>
      <name>EPKT (Schengen)</name>
      <Point>
        <coordinates>
          19.08,50.47416666666667
        </coordinates>
      </Point>
    </Placemark>
    <Placemark>
      <name>EPWA (Schengen)</name>
      <Point>
        <coordinates>
          20.96722222222222,52.16583333333333
        </coordinates>
      </Point>
    </Placemark>
    <Placemark>
      <name>ESGG (Schengen)</name>
      <Point>
        <coordinates>
          12.29111111111111,57.66
        </coordinates>
      </Point>
    </Placemark>
    <Placemark>
      <name>ESKN (Schengen)</name>
      <Point>
        <coordinates>
          16.90361111111111,58.78861111111111
        </coordinates>
      </Point>
    </Placemark>
    <Placemark>
      <name>ESSA (Schengen)</name>
      <Point>
        <coordinates>
          17.91861111111111,59.651944444444446
        </coordinates>
      </Point>
    </Placemark>
    <Placemark>
      <name>ETNL (No Schengen)</name>
      <Point>
        <coordinates>
          12.278333333333334,53.91916666666666
        </coordinates>
      </Point>
    </Placemark>
    <Placemark>
      <name>EVRA (Schengen)</name>
      <Point>
        <coordinates>
          23.97111111111111,56.92361111111111
        </coordinates>
      </Point>
    </Placemark>
    <Placemark>
      <name>EYVI (Schengen)</name>
      <Point>
        <coordinates>
          25.28777777777778,54.636944444444445
        </coordinates>
      </Point>
    </Placemark>
    <Placemark>
      <name>GCFV (No Schengen)</name>
      <Point>
        <coordinates>
          -13.863888888888889,28.452777777777776
        </coordinates>
      </Point>
    </Placemark>
    <Placemark>
      <name>GCLP (No Schengen)</name>
      <Point>
        <coordinates>
          -15.386666666666667,27.931944444444447
        </coordinates>
      </Point>
    </Placemark>
    <Placemark>
      <name>GCRR (No Schengen)</name>
      <Point>
        <coordinates>
          -13.605277777777777,28.945555555555554
        </coordinates>
      </Point>
    </Placemark>
    <Placemark>
      <name>GCXO (No Schengen)</name>
      <Point>
        <coordinates>
          -16.341666666666665,28.482777777777777
        </coordinates>
      </Point>
    </Placemark>
    <Placemark>
      <name>GMFF (No Schengen)</name>
      <Point>
        <coordinates>
          -4.977777777777778,33.92722222222222
        </coordinates>
      </Point>
    </Placemark>
    <Placemark>
      <name>GMMN (No Schengen)</name>
      <Point>
        <coordinates>
          -7.581666666666666,33.36416666666667
        </coordinates>
      </Point>
    </Placemark>
    <Placemark>
      <name>GMMX (No Schengen)</name>
      <Point>
        <coordinates>
          -8.040833333333333,31.608611111111113
        </coordinates>
      </Point>
    </Placemark>
    <Placemark>
      <name>GMTT (No Schengen)</name>
      <Point>
        <coordinates>
          -5.921111111111111,35.73166666666667
        </coordinates>
      </Point>
    </Placemark>
    <Placemark>
      <name>HECA (No Schengen)</name>
      <Point>
        <coordinates>
          31.413888888888888,30.11138888888889
        </coordinates>
      </Point>
    </Placemark>
    <Placemark>
      <name>HTDA (No Schengen)</name>
      <Point>
        <coordinates>
          39.20333333333333,-6.875555555555556
        </coordinates>
      </Point>
    </Placemark>
    <Placemark>
      <name>KATL (No Schengen)</name>
      <Point>
        <coordinates>
          -84.43333333333334,33.63333333333333
        </coordinates>
      </Point>
    </Placemark>
    <Placemark>
      <name>KCLT (No Schengen)</name>
      <Point>
        <coordinates>
          -80.95,35.21666666666667
        </coordinates>
      </Point>
    </Placemark>
    <Placemark>
      <name>KEWR (No Schengen)</name>
      <Point>
        <coordinates>
          -74.16833333333334,40.696666666666665
        </coordinates>
      </Point>
    </Placemark>
    <Placemark>
      <name>KIAD (No Schengen)</name>
      <Point>
        <coordinates>
          -77.45666666666666,38.94499999999999
        </coordinates>
      </Point>
    </Placemark>
    <Placemark>
      <name>KJFK (No Schengen)</name>
      <Point>
        <coordinates>
          -73.77833333333334,40.640277777777776
        </coordinates>
      </Point>
    </Placemark>
    <Placemark>
      <name>KMIA (No Schengen)</name>
      <Point>
        <coordinates>
          -80.28333333333333,25.8
        </coordinates>
      </Point>
    </Placemark>
    <Placemark>
      <name>KPHL (No Schengen)</name>
      <Point>
        <coordinates>
          -75.245,39.87
        </coordinates>
      </Point>
    </Placemark>
    <Placemark>
      <name>KUGN (No Schengen)</name>
      <Point>
        <coordinates>
          -87.86833333333333,42.42166666666667
        </coordinates>
      </Point>
    </Placemark>
    <Placemark>
      <name>LBSF (No Schengen)</name>
      <Point>
        <coordinates>
          23.40833333333333,42.69499999999999
        </coordinates>
      </Point>
    </Placemark>
    <Placemark>
      <name>LCLK (Schengen)</name>
      <Point>
        <coordinates>
          33.63027777777778,34.87888888888889
        </coordinates>
      </Point>
    </Placemark>
    <Placemark>
      <name>LDDU (No Schengen)</name>
      <Point>
        <coordinates>
          18.26833333333333,42.561388888888885
        </coordinates>
      </Point>
    </Placemark>
    <Placemark>
      <name>LDSP (No Schengen)</name>
      <Point>
        <coordinates>
          16.298055555555557,43.538888888888884
        </coordinates>
      </Point>
    </Placemark>
    <Placemark>
      <name>LDZA (No Schengen)</name>
      <Point>
        <coordinates>
          16.06888888888889,45.74305555555556
        </coordinates>
      </Point>
    </Placemark>
    <Placemark>
      <name>LEAL (Schengen)</name>
      <Point>
        <coordinates>
          -0.5580555555555556,38.282222222222224
        </coordinates>
      </Point>
    </Placemark>
    <Placemark>
      <name>LEAM (Schengen)</name>
      <Point>
        <coordinates>
          -2.37,36.84388888888889
        </coordinates>
      </Point>
    </Placemark>
    <Placemark>
      <name>LEAS (Schengen)</name>
      <Point>
        <coordinates>
          -6.034722222222222,43.56361111111111
        </coordinates>
      </Point>
    </Placemark>
    <Placemark>
      <name>LEBB (Schengen)</name>
      <Point>
        <coordinates>
          -2.9105555555555553,43.301111111111105
        </coordinates>
      </Point>
    </Placemark>
    <Placemark>
      <name>LEBL (Schengen)</name>
      <Point>
        <coordinates>
          2.0783333333333336,41.29694444444444
        </coordinates>
      </Point>
    </Placemark>
    <Placemark>
      <name>LEBZ (Schengen)</name>
      <Point>
        <coordinates>
          -6.8213888888888885,38.89138888888889
        </coordinates>
      </Point>
    </Placemark>
    <Placemark>
      <name>LECO (Schengen)</name>
      <Point>
        <coordinates>
          -8.377222222222223,43.301944444444445
        </coordinates>
      </Point>
    </Placemark>
    <Placemark>
      <name>LEGE (Schengen)</name>
      <Point>
        <coordinates>
          2.7605555555555554,41.90083333333333
        </coordinates>
      </Point>
    </Placemark>
    <Placemark>
      <name>LEGR (Schengen)</name>
      <Point>
        <coordinates>
          -3.777222222222222,37.18861111111111
        </coordinates>
      </Point>
    </Placemark>
    <Placemark>
      <name>LEIB (Schengen)</name>
      <Point>
        <coordinates>
          1.3730555555555557,38.87277777777778
        </coordinates>
      </Point>
    </Placemark>
    <Placemark>
      <name>LEJR (Schengen)</name>
      <Point>
        <coordinates>
          -6.06,36.74472222222222
        </coordinates>
      </Point>
    </Placemark>
    <Placemark>
      <name>LELN (Schengen)</name>
      <Point>
        <coordinates>
          -5.6561111111111115,42.58861111111111
        </coordinates>
      </Point>
    </Placemark>
    <Placemark>
      <name>LEMD (Schengen)</name>
      <Point>
        <coordinates>
          -3.560833333333333,40.47222222222222
        </coordinates>
      </Point>
    </Placemark>
    <Placemark>
      <name>LEMG (Schengen)</name>
      <Point>
        <coordinates>
          -4.4991666666666665,36.675
        </coordinates>
      </Point>
    </Placemark>
    <Placemark>
      <name>LEMH (Schengen)</name>
      <Point>
        <coordinates>
          4.2186111111111115,39.862500000000004
        </coordinates>
      </Point>
    </Placemark>
    <Placemark>
      <name>LEPA (Schengen)</name>
      <Point>
        <coordinates>
          2.738888888888889,39.55166666666666
        </coordinates>
      </Point>
    </Placemark>
    <Placemark>
      <name>LESO (Schengen)</name>
      <Point>
        <coordinates>
          -1.7905555555555555,43.35638888888889
        </coordinates>
      </Point>
    </Placemark>
    <Placemark>
      <name>LEST (Schengen)</name>
      <Point>
        <coordinates>
          -8.415277777777778,42.896388888888886
        </coordinates>
      </Point>
    </Placemark>
    <Placemark>
      <name>LEVC (Schengen)</name>
      <Point>
        <coordinates>
          -0.4816666666666667,39.489444444444445
        </coordinates>
      </Point>
    </Placemark>
    <Placemark>
      <name>LEVD (Schengen)</name>
      <Point>
        <coordinates>
          -4.851944444444444,41.70611111111111
        </coordinates>
      </Point>
    </Placemark>
    <Placemark>
      <name>LEVX (Schengen)</name>
      <Point>
        <coordinates>
          -8.627500000000001,42.22916666666667
        </coordinates>
      </Point>
    </Placemark>
    <Placemark>
      <name>LEXJ (Schengen)</name>
      <Point>
        <coordinates>
          -3.82,43.426944444444445
        </coordinates>
      </Point>
    </Placemark>
    <Placemark>
      <name>LEZL (Schengen)</name>
      <Point>
        <coordinates>
          -5.898888888888888,37.418055555555554
        </coordinates>
      </Point>
    </Placemark>
    <Placemark>
      <name>LFBD (Schengen)</name>
      <Point>
        <coordinates>
          -0.7152777777777777,44.828611111111115
        </coordinates>
      </Point>
    </Placemark>
    <Placemark>
      <name>LFBT (Schengen)</name>
      <Point>
        <coordinates>
          -0.002777777777777778,43.18555555555555
        </coordinates>
      </Point>
    </Placemark>
    <Placemark>
      <name>LFCK (Schengen)</name>
      <Point>
        <coordinates>
          2.2905555555555552,43.555
        </coordinates>
      </Point>
    </Placemark>
    <Placemark>
      <name>LFLL (Schengen)</name>
      <Point>
        <coordinates>
          5.0811111111111105,45.72555555555556
        </coordinates>
      </Point>
    </Placemark>
    <Placemark>
      <name>LFMD (Schengen)</name>
      <Point>
        <coordinates>
          6.954166666666667,43.546388888888885
        </coordinates>
      </Point>
    </Placemark>
    <Placemark>
      <name>LFML (Schengen)</name>
      <Point>
        <coordinates>
          5.215,43.43666666666666
        </coordinates>
      </Point>
    </Placemark>
    <Placemark>
      <name>LFMN (Schengen)</name>
      <Point>
        <coordinates>
          7.215,43.665277777777774
        </coordinates>
      </Point>
    </Placemark>
    <Placemark>
      <name>LFOB (Schengen)</name>
      <Point>
        <coordinates>
          2.112777777777778,49.45444444444445
        </coordinates>
      </Point>
    </Placemark>
    <Placemark>
      <name>LFPG (Schengen)</name>
      <Point>
        <coordinates>
          2.5477777777777777,49.00972222222222
        </coordinates>
      </Point>
    </Placemark>
    <Placemark>
      <name>LFPO (Schengen)</name>
      <Point>
        <coordinates>
          2.3794444444444447,48.723333333333336
        </coordinates>
      </Point>
    </Placemark>
    <Placemark>
      <name>LFQQ (Schengen)</name>
      <Point>
        <coordinates>
          3.0869444444444447,50.56333333333333
        </coordinates>
      </Point>
    </Placemark>
    <Placemark>
      <name>LFRN (Schengen)</name>
      <Point>
        <coordinates>
          -1.7322222222222223,48.07194444444445
        </coordinates>
      </Point>
    </Placemark>
    <Placemark>
      <name>LFRS (Schengen)</name>
      <Point>
        <coordinates>
          -1.607777777777778,47.15694444444444
        </coordinates>
      </Point>
    </Placemark>
    <Placemark>
      <name>LFSB (Schengen)</name>
      <Point>
        <coordinates>
          7.529166666666667,47.59
        </coordinates>
      </Point>
    </Placemark>
    <Placemark>
      <name>LFST (Schengen)</name>
      <Point>
        <coordinates>
          7.634444444444444,48.54194444444444
        </coordinates>
      </Point>
    </Placemark>
    <Placemark>
      <name>LGAV (Schengen)</name>
      <Point>
        <coordinates>
          23.944444444444446,37.93666666666666
        </coordinates>
      </Point>
    </Placemark>
    <Placemark>
      <name>LGIR (Schengen)</name>
      <Point>
        <coordinates>
          25.18027777777778,35.33972222222222
        </coordinates>
      </Point>
    </Placemark>
    <Placemark>
      <name>LGKR (Schengen)</name>
      <Point>
        <coordinates>
          19.91222222222222,39.60194444444445
        </coordinates>
      </Point>
    </Placemark>
    <Placemark>
      <name>LGMK (Schengen)</name>
      <Point>
        <coordinates>
          25.34722222222222,37.43722222222222
        </coordinates>
      </Point>
    </Placemark>
    <Placemark>
      <name>LGSR (Schengen)</name>
      <Point>
        <coordinates>
          25.479166666666664,36.399166666666666
        </coordinates>
      </Point>
    </Placemark>
    <Placemark>
      <name>LGTS (Schengen)</name>
      <Point>
        <coordinates>
          22.97083333333333,40.51972222222222
        </coordinates>
      </Point>
    </Placemark>
    <Placemark>
      <name>LHBP (Schengen)</name>
      <Point>
        <coordinates>
          19.261944444444445,47.43944444444444
        </coordinates>
      </Point>
    </Placemark>
    <Placemark>
      <name>LIBD (Schengen)</name>
      <Point>
        <coordinates>
          16.765,41.13805555555555
        </coordinates>
      </Point>
    </Placemark>
    <Placemark>
      <name>LICJ (Schengen)</name>
      <Point>
        <coordinates>
          13.099444444444446,38.18194444444444
        </coordinates>
      </Point>
    </Placemark>
    <Placemark>
      <name>LIEE (Schengen)</name>
      <Point>
        <coordinates>
          9.056111111111111,39.24722222222222
        </coordinates>
      </Point>
    </Placemark>
    <Placemark>
      <name>LIEO (Schengen)</name>
      <Point>
        <coordinates>
          9.517777777777779,40.89861111111111
        </coordinates>
      </Point>
    </Placemark>
    <Placemark>
      <name>LIMC (Schengen)</name>
      <Point>
        <coordinates>
          8.723055555555556,45.63
        </coordinates>
      </Point>
    </Placemark>
    <Placemark>
      <name>LIME (Schengen)</name>
      <Point>
        <coordinates>
          9.700277777777776,45.66888888888889
        </coordinates>
      </Point>
    </Placemark>
    <Placemark>
      <name>LIMF (Schengen)</name>
      <Point>
        <coordinates>
          7.649444444444444,45.2025
        </coordinates>
      </Point>
    </Placemark>
    <Placemark>
      <name>LIML (Schengen)</name>
      <Point>
        <coordinates>
          9.278333333333334,45.44944444444444
        </coordinates>
      </Point>
    </Placemark>
    <Placemark>
      <name>LIPE (Schengen)</name>
      <Point>
        <coordinates>
          11.296944444444444,44.530833333333334
        </coordinates>
      </Point>
    </Placemark>
    <Placemark>
      <name>LIPH (Schengen)</name>
      <Point>
        <coordinates>
          12.197777777777778,45.65083333333333
        </coordinates>
      </Point>
    </Placemark>
    <Placemark>
      <name>LIPX (Schengen)</name>
      <Point>
        <coordinates>
          10.887777777777778,45.396388888888886
        </coordinates>
      </Point>
    </Placemark>
    <Placemark>
      <name>LIPZ (Schengen)</name>
      <Point>
        <coordinates>
          12.351944444444444,45.50527777777778
        </coordinates>
      </Point>
    </Placemark>
    <Placemark>
      <name>LIRF (Schengen)</name>
      <Point>
        <coordinates>
          12.238888888888889,41.80027777777777
        </coordinates>
      </Point>
    </Placemark>
    <Placemark>
      <name>LIRN (Schengen)</name>
      <Point>
        <coordinates>
          14.290833333333333,40.88444444444444
        </coordinates>
      </Point>
    </Placemark>
    <Placemark>
      <name>LIRP (Schengen)</name>
      <Point>
        <coordinates>
          10.395555555555555,43.68277777777777
        </coordinates>
      </Point>
    </Placemark>
    <Placemark>
      <name>LIRQ (Schengen)</name>
      <Point>
        <coordinates>
          11.202777777777778,43.808611111111105
        </coordinates>
      </Point>
    </Placemark>
    <Placemark>
      <name>LKPR (Schengen)</name>
      <Point>
        <coordinates>
          14.26,50.100833333333334
        </coordinates>
      </Point>
    </Placemark>
    <Placemark>
      <name>LLBG (No Schengen)</name>
      <Point>
        <coordinates>
          34.885555555555555,32.00944444444445
        </coordinates>
      </Point>
    </Placemark>
    <Placemark>
      <name>LMML (Schengen)</name>
      <Point>
        <coordinates>
          14.477500000000001,35.8575
        </coordinates>
      </Point>
    </Placemark>
    <Placemark>
      <name>LOWW (Schengen)</name>
      <Point>
        <coordinates>
          16.56972222222222,48.11027777777778
        </coordinates>
      </Point>
    </Placemark>
    <Placemark>
      <name>LPPR (Schengen)</name>
      <Point>
        <coordinates>
          -8.678055555555554,41.23555555555556
        </coordinates>
      </Point>
    </Placemark>
    <Placemark>
      <name>LPPT (Schengen)</name>
      <Point>
        <coordinates>
          -9.134166666666665,38.774166666666666
        </coordinates>
      </Point>
    </Placemark>
    <Placemark>
      <name>LRCL (No Schengen)</name>
      <Point>
        <coordinates>
          23.692222222222224,46.78916666666667
        </coordinates>
      </Point>
    </Placemark>
    <Placemark>
      <name>LROP (No Schengen)</name>
      <Point>
        <coordinates>
          26.084999999999997,44.571111111111115
        </coordinates>
      </Point>
    </Placemark>
    <Placemark>
      <name>LSGG (Schengen)</name>
      <Point>
        <coordinates>
          6.109444444444444,46.23833333333334
        </coordinates>
      </Point>
    </Placemark>
    <Placemark>
      <name>LSZG (Schengen)</name>
      <Point>
        <coordinates>
          7.416388888888889,47.18138888888889
        </coordinates>
      </Point>
    </Placemark>
    <Placemark>
      <name>LSZH (Schengen)</name>
      <Point>
        <coordinates>
          8.548055555555555,47.45805555555556
        </coordinates>
      </Point>
    </Placemark>
    <Placemark>
      <name>LTBA (No Schengen)</name>
      <Point>
        <coordinates>
          28.81416666666667,40.976111111111116
        </coordinates>
      </Point>
    </Placemark>
    <Placemark>
      <name>LTFJ (No Schengen)</name>
      <Point>
        <coordinates>
          29.309166666666666,40.89833333333333
        </coordinates>
      </Point>
    </Placemark>
    <Placemark>
      <name>LUKK (No Schengen)</name>
      <Point>
        <coordinates>
          28.930833333333336,46.92777777777778
        </coordinates>
      </Point>
    </Placemark>
    <Placemark>
      <name>LWSK (No Schengen)</name>
      <Point>
        <coordinates>
          21.62138888888889,41.961666666666666
        </coordinates>
      </Point>
    </Placemark>
    <Placemark>
      <name>LYBE (No Schengen)</name>
      <Point>
        <coordinates>
          20.306944444444444,44.81944444444445
        </coordinates>
      </Point>
    </Placemark>
    <Placemark>
      <name>LYTV (No Schengen)</name>
      <Point>
        <coordinates>
          18.723333333333333,42.40472222222222
        </coordinates>
      </Point>
    </Placemark>
    <Placemark>
      <name>OLBA (No Schengen)</name>
      <Point>
        <coordinates>
          35.49,33.81916666666667
        </coordinates>
      </Point>
    </Placemark>
    <Placemark>
      <name>OMAA (No Schengen)</name>
      <Point>
        <coordinates>
          54.65,24.433333333333334
        </coordinates>
      </Point>
    </Placemark>
    <Placemark>
      <name>OMDB (No Schengen)</name>
      <Point>
        <coordinates>
          55.36,25.249166666666667
        </coordinates>
      </Point>
    </Placemark>
    <Placemark>
      <name>OTHH (No Schengen)</name>
      <Point>
        <coordinates>
          51.608333333333334,25.274444444444445
        </coordinates>
      </Point>
    </Placemark>
    <Placemark>
      <name>SAEZ (No Schengen)</name>
      <Point>
        <coordinates>
          -58.53583333333333,-34.82222222222222
        </coordinates>
      </Point>
    </Placemark>
    <Placemark>
      <name>SBGR (No Schengen)</name>
      <Point>
        <coordinates>
          -46.47,-23.433333333333334
        </coordinates>
      </Point>
    </Placemark>
    <Placemark>
      <name>SKBO (No Schengen)</name>
      <Point>
        <coordinates>
          -74.15,4.7
        </coordinates>
      </Point>
    </Placemark>
    <Placemark>
      <name>UKBB (No Schengen)</name>
      <Point>
        <coordinates>
          30.893333333333334,50.344722222222224
        </coordinates>
      </Point>
    </Placemark>
    <Placemark>
      <name>UKKK (No Schengen)</name>
      <Point>
        <coordinates>
          30.451944444444443,50.401944444444446
        </coordinates>
      </Point>
    </Placemark>
    <Placemark>
      <name>ULLI (No Schengen)</name>
      <Point>
        <coordinates>
          30.2625,59.80027777777777
        </coordinates>
      </Point>
    </Placemark>
    <Placemark>
      <name>URKK (No Schengen)</name>
      <Point>
        <coordinates>
          39.169999999999995,45.03472222222222
        </coordinates>
      </Point>
    </Placemark>
    <Placemark>
      <name>UUDD (No Schengen)</name>
      <Point>
        <coordinates>
          37.906388888888884,55.40861111111111
        </coordinates>
      </Point>
    </Placemark>
    <Placemark>
      <name>UUEE (No Schengen)</name>
      <Point>
        <coordinates>
          37.41305555555555,55.972500000000004
        </coordinates>
      </Point>
    </Placemark>
    <Placemark>
      <name>UWKD (No Schengen)</name>
      <Point>
        <coordinates>
          49.280277777777776,55.606944444444444
        </coordinates>
      </Point>
    </Placemark>
    <Placemark>
      <name>WSSS (No Schengen)</name>
      <Point>
        <coordinates>
          103.98916666666666,1.3591666666666669
        </coordinates>
      </Point>
    </Placemark>
  </Folder>
  <Folder>
    <name>Rutas de Arribo (Arrivals)</name>
    <Placemark>
      <name>Route LYBE - LEBL (VLG)</name>
      <styleUrl>#ruta_no_schengen</styleUrl>
      <LineString>
        <altitudeMode>clampToGround</altitudeMode>
        <extrude>1</extrude>
        <tessellate>1</tessellate>
        <coordinates>
          20.306944444444444,44.81944444444445
          2.0783333333,41.2969444444
        </coordinates>
      </LineString>
    </Placemark>
    <Placemark>
      <name>Route EGCC - LEBL (VLG)</name>
      <styleUrl>#ruta_no_schengen</styleUrl>
      <LineString>
        <altitudeMode>clampToGround</altitudeMode>
        <extrude>1</extrude>
        <tessellate>1</tessellate>
        <coordinates>
          -2.275,53.35388888888889
          2.0783333333,41.2969444444
        </coordinates>
      </LineString>
    </Placemark>
    <Placemark>
      <name>Route LMML - LEBL (VLG)</name>
      <styleUrl>#ruta_schengen</styleUrl>
      <LineString>
        <altitudeMode>clampToGround</altitudeMode>
        <extrude>1</extrude>
        <tessellate>1</tessellate>
        <coordinates>
          14.477500000000001,35.8575
          2.0783333333,41.2969444444
        </coordinates>
      </LineString>
    </Placemark>
    <Placemark>
      <name>Route LGTS - LEBL (VLG)</name>
      <styleUrl>#ruta_schengen</styleUrl>
      <LineString>
        <altitudeMode>clampToGround</altitudeMode>
        <extrude>1</extrude>
        <tessellate>1</tessellate>
        <coordinates>
          22.97083333333333,40.51972222222222
          2.0783333333,41.2969444444
        </coordinates>
      </LineString>
    </Placemark>
    <Placemark>
      <name>Route EBBR - LEBL (BCS)</name>
      <styleUrl>#ruta_schengen</styleUrl>
      <LineString>
        <altitudeMode>clampToGround</altitudeMode>
        <extrude>1</extrude>
        <tessellate>1</tessellate>
        <coordinates>
          4.484444444444445,50.90138888888889
          2.0783333333,41.2969444444
        </coordinates>
      </LineString>
    </Placemark>
    <Placemark>
      <name>Route EDDK - LEBL (UPS)</name>
      <styleUrl>#ruta_schengen</styleUrl>
      <LineString>
        <altitudeMode>clampToGround</altitudeMode>
        <extrude>1</extrude>
        <tessellate>1</tessellate>
        <coordinates>
          7.142777777777778,50.865833333333335
          2.0783333333,41.2969444444
        </coordinates>
      </LineString>
    </Placemark>
    <Placemark>
      <name>Route LGSR - LEBL (VLG)</name>
      <styleUrl>#ruta_schengen</styleUrl>
      <LineString>
        <altitudeMode>clampToGround</altitudeMode>
        <extrude>1</extrude>
        <tessellate>1</tessellate>
        <coordinates>
          25.479166666666664,36.399166666666666
          2.0783333333,41.2969444444
        </coordinates>
      </LineString>
    </Placemark>
    <Placemark>
      <name>Route EDDP - LEBL (BCS)</name>
      <styleUrl>#ruta_schengen</styleUrl>
      <LineString>
        <altitudeMode>clampToGround</altitudeMode>
        <extrude>1</extrude>
        <tessellate>1</tessellate>
        <coordinates>
          12.236388888888888,51.42388888888889
          2.0783333333,41.2969444444
        </coordinates>
      </LineString>
    </Placemark>
    <Placemark>
      <name>Route LGAV - LEBL (VLG)</name>
      <styleUrl>#ruta_schengen</styleUrl>
      <LineString>
        <altitudeMode>clampToGround</altitudeMode>
        <extrude>1</extrude>
        <tessellate>1</tessellate>
        <coordinates>
          23.944444444444446,37.93666666666666
          2.0783333333,41.2969444444
        </coordinates>
      </LineString>
    </Placemark>
    <Placemark>
      <name>Route LFPG - LEBL (FDX)</name>
      <styleUrl>#ruta_schengen</styleUrl>
      <LineString>
        <altitudeMode>clampToGround</altitudeMode>
        <extrude>1</extrude>
        <tessellate>1</tessellate>
        <coordinates>
          2.5477777777777777,49.00972222222222
          2.0783333333,41.2969444444
        </coordinates>
      </LineString>
    </Placemark>
    <Placemark>
      <name>Route EBLG - LEBL (TAY)</name>
      <styleUrl>#ruta_schengen</styleUrl>
      <LineString>
        <altitudeMode>clampToGround</altitudeMode>
        <extrude>1</extrude>
        <tessellate>1</tessellate>
        <coordinates>
          5.442777777777778,50.63638888888889
          2.0783333333,41.2969444444
        </coordinates>
      </LineString>
    </Placemark>
    <Placemark>
      <name>Route LEPA - LEBL (RYR)</name>
      <styleUrl>#ruta_schengen</styleUrl>
      <LineString>
        <altitudeMode>clampToGround</altitudeMode>
        <extrude>1</extrude>
        <tessellate>1</tessellate>
        <coordinates>
          2.738888888888889,39.55166666666666
          2.0783333333,41.2969444444
        </coordinates>
      </LineString>
    </Placemark>
    <Placemark>
      <name>Route LEPA - LEBL (LAV)</name>
      <styleUrl>#ruta_schengen</styleUrl>
      <LineString>
        <altitudeMode>clampToGround</altitudeMode>
        <extrude>1</extrude>
        <tessellate>1</tessellate>
        <coordinates>
          2.738888888888889,39.55166666666666
          2.0783333333,41.2969444444
        </coordinates>
      </LineString>
    </Placemark>
    <Placemark>
      <name>Route KJFK - LEBL (AAL)</name>
      <styleUrl>#ruta_no_schengen</styleUrl>
      <LineString>
        <altitudeMode>clampToGround</altitudeMode>
        <extrude>1</extrude>
        <tessellate>1</tessellate>
        <coordinates>
          -73.77833333333334,40.640277777777776
          2.0783333333,41.2969444444
        </coordinates>
      </LineString>
    </Placemark>
    <Placemark>
      <name>Route LEPA - LEBL (IBK)</name>
      <styleUrl>#ruta_schengen</styleUrl>
      <LineString>
        <altitudeMode>clampToGround</altitudeMode>
        <extrude>1</extrude>
        <tessellate>1</tessellate>
        <coordinates>
          2.738888888888889,39.55166666666666
          2.0783333333,41.2969444444
        </coordinates>
      </LineString>
    </Placemark>
    <Placemark>
      <name>Route LROP - LEBL (VLG)</name>
      <styleUrl>#ruta_no_schengen</styleUrl>
      <LineString>
        <altitudeMode>clampToGround</altitudeMode>
        <extrude>1</extrude>
        <tessellate>1</tessellate>
        <coordinates>
          26.084999999999997,44.571111111111115
          2.0783333333,41.2969444444
        </coordinates>
      </LineString>
    </Placemark>
    <Placemark>
      <name>Route LEPA - LEBL (VLG)</name>
      <styleUrl>#ruta_schengen</styleUrl>
      <LineString>
        <altitudeMode>clampToGround</altitudeMode>
        <extrude>1</extrude>
        <tessellate>1</tessellate>
        <coordinates>
          2.738888888888889,39.55166666666666
          2.0783333333,41.2969444444
        </coordinates>
      </LineString>
    </Placemark>
    <Placemark>
      <name>Route LEMH - LEBL (AEA)</name>
      <styleUrl>#ruta_schengen</styleUrl>
      <LineString>
        <altitudeMode>clampToGround</altitudeMode>
        <extrude>1</extrude>
        <tessellate>1</tessellate>
        <coordinates>
          4.2186111111111115,39.862500000000004
          2.0783333333,41.2969444444
        </coordinates>
      </LineString>
    </Placemark>
    <Placemark>
      <name>Route LEPA - LEBL (AEA)</name>
      <styleUrl>#ruta_schengen</styleUrl>
      <LineString>
        <altitudeMode>clampToGround</altitudeMode>
        <extrude>1</extrude>
        <tessellate>1</tessellate>
        <coordinates>
          2.738888888888889,39.55166666666666
          2.0783333333,41.2969444444
        </coordinates>
      </LineString>
    </Placemark>
    <Placemark>
      <name>Route EHAM - LEBL (TRA)</name>
      <styleUrl>#ruta_schengen</styleUrl>
      <LineString>
        <altitudeMode>clampToGround</altitudeMode>
        <extrude>1</extrude>
        <tessellate>1</tessellate>
        <coordinates>
          4.764166666666667,52.308055555555555
          2.0783333333,41.2969444444
        </coordinates>
      </LineString>
    </Placemark>
    <Placemark>
      <name>Route BIKF - LEBL (VLG)</name>
      <styleUrl>#ruta_schengen</styleUrl>
      <LineString>
        <altitudeMode>clampToGround</altitudeMode>
        <extrude>1</extrude>
        <tessellate>1</tessellate>
        <coordinates>
          -22.605555555555558,63.985
          2.0783333333,41.2969444444
        </coordinates>
      </LineString>
    </Placemark>
    <Placemark>
      <name>Route EBOS - LEBL (JAF)</name>
      <styleUrl>#ruta_schengen</styleUrl>
      <LineString>
        <altitudeMode>clampToGround</altitudeMode>
        <extrude>1</extrude>
        <tessellate>1</tessellate>
        <coordinates>
          2.8622222222222224,51.19888888888889
          2.0783333333,41.2969444444
        </coordinates>
      </LineString>
    </Placemark>
    <Placemark>
      <name>Route LIMC - LEBL (EZY)</name>
      <styleUrl>#ruta_schengen</styleUrl>
      <LineString>
        <altitudeMode>clampToGround</altitudeMode>
        <extrude>1</extrude>
        <tessellate>1</tessellate>
        <coordinates>
          8.723055555555556,45.63
          2.0783333333,41.2969444444
        </coordinates>
      </LineString>
    </Placemark>
    <Placemark>
      <name>Route LEZL - LEBL (RYR)</name>
      <styleUrl>#ruta_schengen</styleUrl>
      <LineString>
        <altitudeMode>clampToGround</altitudeMode>
        <extrude>1</extrude>
        <tessellate>1</tessellate>
        <coordinates>
          -5.898888888888888,37.418055555555554
          2.0783333333,41.2969444444
        </coordinates>
      </LineString>
    </Placemark>
    <Placemark>
      <name>Route EDDS - LEBL (GWI)</name>
      <styleUrl>#ruta_schengen</styleUrl>
      <LineString>
        <altitudeMode>clampToGround</altitudeMode>
        <extrude>1</extrude>
        <tessellate>1</tessellate>
        <coordinates>
          9.221944444444444,48.69
          2.0783333333,41.2969444444
        </coordinates>
      </LineString>
    </Placemark>
    <Placemark>
      <name>Route EBAW - LEBL (JAF)</name>
      <styleUrl>#ruta_schengen</styleUrl>
      <LineString>
        <altitudeMode>clampToGround</altitudeMode>
        <extrude>1</extrude>
        <tessellate>1</tessellate>
        <coordinates>
          4.460277777777778,51.18944444444444
          2.0783333333,41.2969444444
        </coordinates>
      </LineString>
    </Placemark>
    <Placemark>
      <name>Route URKK - LEBL (VLG)</name>
      <styleUrl>#ruta_no_schengen</styleUrl>
      <LineString>
        <altitudeMode>clampToGround</altitudeMode>
        <extrude>1</extrude>
        <tessellate>1</tessellate>
        <coordinates>
          39.169999999999995,45.03472222222222
          2.0783333333,41.2969444444
        </coordinates>
      </LineString>
    </Placemark>
    <Placemark>
      <name>Route LHBP - LEBL (WZZ)</name>
      <styleUrl>#ruta_schengen</styleUrl>
      <LineString>
        <altitudeMode>clampToGround</altitudeMode>
        <extrude>1</extrude>
        <tessellate>1</tessellate>
        <coordinates>
          19.261944444444445,47.43944444444444
          2.0783333333,41.2969444444
        </coordinates>
      </LineString>
    </Placemark>
    <Placemark>
      <name>Route LFLL - LEBL (EZY)</name>
      <styleUrl>#ruta_schengen</styleUrl>
      <LineString>
        <altitudeMode>clampToGround</altitudeMode>
        <extrude>1</extrude>
        <tessellate>1</tessellate>
        <coordinates>
          5.0811111111111105,45.72555555555556
          2.0783333333,41.2969444444
        </coordinates>
      </LineString>
    </Placemark>
    <Placemark>
      <name>Route LEZL - LEBL (VLG)</name>
      <styleUrl>#ruta_schengen</styleUrl>
      <LineString>
        <altitudeMode>clampToGround</altitudeMode>
        <extrude>1</extrude>
        <tessellate>1</tessellate>
        <coordinates>
          -5.898888888888888,37.418055555555554
          2.0783333333,41.2969444444
        </coordinates>
      </LineString>
    </Placemark>
    <Placemark>
      <name>Route LECO - LEBL (VLG)</name>
      <styleUrl>#ruta_schengen</styleUrl>
      <LineString>
        <altitudeMode>clampToGround</altitudeMode>
        <extrude>1</extrude>
        <tessellate>1</tessellate>
        <coordinates>
          -8.377222222222223,43.301944444444445
          2.0783333333,41.2969444444
        </coordinates>
      </LineString>
    </Placemark>
    <Placemark>
      <name>Route EDDM - LEBL (DLH)</name>
      <styleUrl>#ruta_schengen</styleUrl>
      <LineString>
        <altitudeMode>clampToGround</altitudeMode>
        <extrude>1</extrude>
        <tessellate>1</tessellate>
        <coordinates>
          11.786111111111111,48.35388888888889
          2.0783333333,41.2969444444
        </coordinates>
      </LineString>
    </Placemark>
    <Placemark>
      <name>Route EBBR - LEBL (BEL)</name>
      <styleUrl>#ruta_schengen</styleUrl>
      <LineString>
        <altitudeMode>clampToGround</altitudeMode>
        <extrude>1</extrude>
        <tessellate>1</tessellate>
        <coordinates>
          4.484444444444445,50.90138888888889
          2.0783333333,41.2969444444
        </coordinates>
      </LineString>
    </Placemark>
    <Placemark>
      <name>Route UUEE - LEBL (ABG)</name>
      <styleUrl>#ruta_no_schengen</styleUrl>
      <LineString>
        <altitudeMode>clampToGround</altitudeMode>
        <extrude>1</extrude>
        <tessellate>1</tessellate>
        <coordinates>
          37.41305555555555,55.972500000000004
          2.0783333333,41.2969444444
        </coordinates>
      </LineString>
    </Placemark>
    <Placemark>
      <name>Route EFHK - LEBL (FIN)</name>
      <styleUrl>#ruta_schengen</styleUrl>
      <LineString>
        <altitudeMode>clampToGround</altitudeMode>
        <extrude>1</extrude>
        <tessellate>1</tessellate>
        <coordinates>
          24.96333333333333,60.31722222222223
          2.0783333333,41.2969444444
        </coordinates>
      </LineString>
    </Placemark>
    <Placemark>
      <name>Route EDDL - LEBL (BER)</name>
      <styleUrl>#ruta_schengen</styleUrl>
      <LineString>
        <altitudeMode>clampToGround</altitudeMode>
        <extrude>1</extrude>
        <tessellate>1</tessellate>
        <coordinates>
          6.7572222222222225,51.280833333333334
          2.0783333333,41.2969444444
        </coordinates>
      </LineString>
    </Placemark>
    <Placemark>
      <name>Route KATL - LEBL (DAL)</name>
      <styleUrl>#ruta_no_schengen</styleUrl>
      <LineString>
        <altitudeMode>clampToGround</altitudeMode>
        <extrude>1</extrude>
        <tessellate>1</tessellate>
        <coordinates>
          -84.43333333333334,33.63333333333333
          2.0783333333,41.2969444444
        </coordinates>
      </LineString>
    </Placemark>
    <Placemark>
      <name>Route LIRF - LEBL (VLG)</name>
      <styleUrl>#ruta_schengen</styleUrl>
      <LineString>
        <altitudeMode>clampToGround</altitudeMode>
        <extrude>1</extrude>
        <tessellate>1</tessellate>
        <coordinates>
          12.238888888888889,41.80027777777777
          2.0783333333,41.2969444444
        </coordinates>
      </LineString>
    </Placemark>
    <Placemark>
      <name>Route EDDB - LEBL (RYR)</name>
      <styleUrl>#ruta_schengen</styleUrl>
      <LineString>
        <altitudeMode>clampToGround</altitudeMode>
        <extrude>1</extrude>
        <tessellate>1</tessellate>
        <coordinates>
          13.500555555555556,52.36222222222222
          2.0783333333,41.2969444444
        </coordinates>
      </LineString>
    </Placemark>
    <Placemark>
      <name>Route LEAS - LEBL (VLG)</name>
      <styleUrl>#ruta_schengen</styleUrl>
      <LineString>
        <altitudeMode>clampToGround</altitudeMode>
        <extrude>1</extrude>
        <tessellate>1</tessellate>
        <coordinates>
          -6.034722222222222,43.56361111111111
          2.0783333333,41.2969444444
        </coordinates>
      </LineString>
    </Placemark>
    <Placemark>
      <name>Route LEMD - LEBL (IBE)</name>
      <styleUrl>#ruta_schengen</styleUrl>
      <LineString>
        <altitudeMode>clampToGround</altitudeMode>
        <extrude>1</extrude>
        <tessellate>1</tessellate>
        <coordinates>
          -3.560833333333333,40.47222222222222
          2.0783333333,41.2969444444
        </coordinates>
      </LineString>
    </Placemark>
    <Placemark>
      <name>Route LSZH - LEBL (SWR)</name>
      <styleUrl>#ruta_schengen</styleUrl>
      <LineString>
        <altitudeMode>clampToGround</altitudeMode>
        <extrude>1</extrude>
        <tessellate>1</tessellate>
        <coordinates>
          8.548055555555555,47.45805555555556
          2.0783333333,41.2969444444
        </coordinates>
      </LineString>
    </Placemark>
    <Placemark>
      <name>Route ULLI - LEBL (VLG)</name>
      <styleUrl>#ruta_no_schengen</styleUrl>
      <LineString>
        <altitudeMode>clampToGround</altitudeMode>
        <extrude>1</extrude>
        <tessellate>1</tessellate>
        <coordinates>
          30.2625,59.80027777777777
          2.0783333333,41.2969444444
        </coordinates>
      </LineString>
    </Placemark>
    <Placemark>
      <name>Route LGMK - LEBL (VLG)</name>
      <styleUrl>#ruta_schengen</styleUrl>
      <LineString>
        <altitudeMode>clampToGround</altitudeMode>
        <extrude>1</extrude>
        <tessellate>1</tessellate>
        <coordinates>
          25.34722222222222,37.43722222222222
          2.0783333333,41.2969444444
        </coordinates>
      </LineString>
    </Placemark>
    <Placemark>
      <name>Route LFPO - LEBL (VLG)</name>
      <styleUrl>#ruta_schengen</styleUrl>
      <LineString>
        <altitudeMode>clampToGround</altitudeMode>
        <extrude>1</extrude>
        <tessellate>1</tessellate>
        <coordinates>
          2.3794444444444447,48.723333333333336
          2.0783333333,41.2969444444
        </coordinates>
      </LineString>
    </Placemark>
    <Placemark>
      <name>Route EDDV - LEBL (GWI)</name>
      <styleUrl>#ruta_schengen</styleUrl>
      <LineString>
        <altitudeMode>clampToGround</altitudeMode>
        <extrude>1</extrude>
        <tessellate>1</tessellate>
        <coordinates>
          9.68361111111111,52.46027777777778
          2.0783333333,41.2969444444
        </coordinates>
      </LineString>
    </Placemark>
    <Placemark>
      <name>Route LEMD - LEBL (AEA)</name>
      <styleUrl>#ruta_schengen</styleUrl>
      <LineString>
        <altitudeMode>clampToGround</altitudeMode>
        <extrude>1</extrude>
        <tessellate>1</tessellate>
        <coordinates>
          -3.560833333333333,40.47222222222222
          2.0783333333,41.2969444444
        </coordinates>
      </LineString>
    </Placemark>
    <Placemark>
      <name>Route EHEH - LEBL (TRA)</name>
      <styleUrl>#ruta_schengen</styleUrl>
      <LineString>
        <altitudeMode>clampToGround</altitudeMode>
        <extrude>1</extrude>
        <tessellate>1</tessellate>
        <coordinates>
          5.374444444444444,51.45
          2.0783333333,41.2969444444
        </coordinates>
      </LineString>
    </Placemark>
    <Placemark>
      <name>Route UUDD - LEBL (VLG)</name>
      <styleUrl>#ruta_no_schengen</styleUrl>
      <LineString>
        <altitudeMode>clampToGround</altitudeMode>
        <extrude>1</extrude>
        <tessellate>1</tessellate>
        <coordinates>
          37.906388888888884,55.40861111111111
          2.0783333333,41.2969444444
        </coordinates>
      </LineString>
    </Placemark>
    <Placemark>
      <name>Route EDDL - LEBL (GWI)</name>
      <styleUrl>#ruta_schengen</styleUrl>
      <LineString>
        <altitudeMode>clampToGround</altitudeMode>
        <extrude>1</extrude>
        <tessellate>1</tessellate>
        <coordinates>
          6.7572222222222225,51.280833333333334
          2.0783333333,41.2969444444
        </coordinates>
      </LineString>
    </Placemark>
    <Placemark>
      <name>Route EGLL - LEBL (BAW)</name>
      <styleUrl>#ruta_no_schengen</styleUrl>
      <LineString>
        <altitudeMode>clampToGround</altitudeMode>
        <extrude>1</extrude>
        <tessellate>1</tessellate>
        <coordinates>
          -0.4613888888888889,51.4775
          2.0783333333,41.2969444444
        </coordinates>
      </LineString>
    </Placemark>
    <Placemark>
      <name>Route OLBA - LEBL (VLG)</name>
      <styleUrl>#ruta_no_schengen</styleUrl>
      <LineString>
        <altitudeMode>clampToGround</altitudeMode>
        <extrude>1</extrude>
        <tessellate>1</tessellate>
        <coordinates>
          35.49,33.81916666666667
          2.0783333333,41.2969444444
        </coordinates>
      </LineString>
    </Placemark>
    <Placemark>
      <name>Route LPPR - LEBL (RYR)</name>
      <styleUrl>#ruta_schengen</styleUrl>
      <LineString>
        <altitudeMode>clampToGround</altitudeMode>
        <extrude>1</extrude>
        <tessellate>1</tessellate>
        <coordinates>
          -8.678055555555554,41.23555555555556
          2.0783333333,41.2969444444
        </coordinates>
      </LineString>
    </Placemark>
    <Placemark>
      <name>Route LEMD - LEBL (IBE)</name>
      <styleUrl>#ruta_schengen</styleUrl>
      <LineString>
        <altitudeMode>clampToGround</altitudeMode>
        <extrude>1</extrude>
        <tessellate>1</tessellate>
        <coordinates>
          -3.560833333333333,40.47222222222222
          2.0783333333,41.2969444444
        </coordinates>
      </LineString>
    </Placemark>
    <Placemark>
      <name>Route LOWW - LEBL (AUA)</name>
      <styleUrl>#ruta_schengen</styleUrl>
      <LineString>
        <altitudeMode>clampToGround</altitudeMode>
        <extrude>1</extrude>
        <tessellate>1</tessellate>
        <coordinates>
          16.56972222222222,48.11027777777778
          2.0783333333,41.2969444444
        </coordinates>
      </LineString>
    </Placemark>
    <Placemark>
      <name>Route KEWR - LEBL (UAL)</name>
      <styleUrl>#ruta_no_schengen</styleUrl>
      <LineString>
        <altitudeMode>clampToGround</altitudeMode>
        <extrude>1</extrude>
        <tessellate>1</tessellate>
        <coordinates>
          -74.16833333333334,40.696666666666665
          2.0783333333,41.2969444444
        </coordinates>
      </LineString>
    </Placemark>
    <Placemark>
      <name>Route LEIB - LEBL (RYR)</name>
      <styleUrl>#ruta_schengen</styleUrl>
      <LineString>
        <altitudeMode>clampToGround</altitudeMode>
        <extrude>1</extrude>
        <tessellate>1</tessellate>
        <coordinates>
          1.3730555555555557,38.87277777777778
          2.0783333333,41.2969444444
        </coordinates>
      </LineString>
    </Placemark>
    <Placemark>
      <name>Route LEZL - LEBL (VLG)</name>
      <styleUrl>#ruta_schengen</styleUrl>
      <LineString>
        <altitudeMode>clampToGround</altitudeMode>
        <extrude>1</extrude>
        <tessellate>1</tessellate>
        <coordinates>
          -5.898888888888888,37.418055555555554
          2.0783333333,41.2969444444
        </coordinates>
      </LineString>
    </Placemark>
    <Placemark>
      <name>Route SBGR - LEBL (SIA)</name>
      <styleUrl>#ruta_no_schengen</styleUrl>
      <LineString>
        <altitudeMode>clampToGround</altitudeMode>
        <extrude>1</extrude>
        <tessellate>1</tessellate>
        <coordinates>
          -46.47,-23.433333333333334
          2.0783333333,41.2969444444
        </coordinates>
      </LineString>
    </Placemark>
    <Placemark>
      <name>Route LFPG - LEBL (AFR)</name>
      <styleUrl>#ruta_schengen</styleUrl>
      <LineString>
        <altitudeMode>clampToGround</altitudeMode>
        <extrude>1</extrude>
        <tessellate>1</tessellate>
        <coordinates>
          2.5477777777777777,49.00972222222222
          2.0783333333,41.2969444444
        </coordinates>
      </LineString>
    </Placemark>
    <Placemark>
      <name>Route EKCH - LEBL (SAS)</name>
      <styleUrl>#ruta_schengen</styleUrl>
      <LineString>
        <altitudeMode>clampToGround</altitudeMode>
        <extrude>1</extrude>
        <tessellate>1</tessellate>
        <coordinates>
          12.65611111111111,55.61805555555556
          2.0783333333,41.2969444444
        </coordinates>
      </LineString>
    </Placemark>
    <Placemark>
      <name>Route LEPA - LEBL (VLG)</name>
      <styleUrl>#ruta_schengen</styleUrl>
      <LineString>
        <altitudeMode>clampToGround</altitudeMode>
        <extrude>1</extrude>
        <tessellate>1</tessellate>
        <coordinates>
          2.738888888888889,39.55166666666666
          2.0783333333,41.2969444444
        </coordinates>
      </LineString>
    </Placemark>
    <Placemark>
      <name>Route EDDK - LEBL (GWI)</name>
      <styleUrl>#ruta_schengen</styleUrl>
      <LineString>
        <altitudeMode>clampToGround</altitudeMode>
        <extrude>1</extrude>
        <tessellate>1</tessellate>
        <coordinates>
          7.142777777777778,50.865833333333335
          2.0783333333,41.2969444444
        </coordinates>
      </LineString>
    </Placemark>
    <Placemark>
      <name>Route LEIB - LEBL (VLG)</name>
      <styleUrl>#ruta_schengen</styleUrl>
      <LineString>
        <altitudeMode>clampToGround</altitudeMode>
        <extrude>1</extrude>
        <tessellate>1</tessellate>
        <coordinates>
          1.3730555555555557,38.87277777777778
          2.0783333333,41.2969444444
        </coordinates>
      </LineString>
    </Placemark>
    <Placemark>
      <name>Route LESO - LEBL (VLG)</name>
      <styleUrl>#ruta_schengen</styleUrl>
      <LineString>
        <altitudeMode>clampToGround</altitudeMode>
        <extrude>1</extrude>
        <tessellate>1</tessellate>
        <coordinates>
          -1.7905555555555555,43.35638888888889
          2.0783333333,41.2969444444
        </coordinates>
      </LineString>
    </Placemark>
    <Placemark>
      <name>Route EDDF - LEBL (DLH)</name>
      <styleUrl>#ruta_schengen</styleUrl>
      <LineString>
        <altitudeMode>clampToGround</altitudeMode>
        <extrude>1</extrude>
        <tessellate>1</tessellate>
        <coordinates>
          8.570555555555556,50.03333333333333
          2.0783333333,41.2969444444
        </coordinates>
      </LineString>
    </Placemark>
    <Placemark>
      <name>Route EHAM - LEBL (VLG)</name>
      <styleUrl>#ruta_schengen</styleUrl>
      <LineString>
        <altitudeMode>clampToGround</altitudeMode>
        <extrude>1</extrude>
        <tessellate>1</tessellate>
        <coordinates>
          4.764166666666667,52.308055555555555
          2.0783333333,41.2969444444
        </coordinates>
      </LineString>
    </Placemark>
    <Placemark>
      <name>Route EIDW - LEBL (RYR)</name>
      <styleUrl>#ruta_no_schengen</styleUrl>
      <LineString>
        <altitudeMode>clampToGround</altitudeMode>
        <extrude>1</extrude>
        <tessellate>1</tessellate>
        <coordinates>
          -6.27,53.421388888888885
          2.0783333333,41.2969444444
        </coordinates>
      </LineString>
    </Placemark>
    <Placemark>
      <name>Route EGKK - LEBL (MON)</name>
      <styleUrl>#ruta_no_schengen</styleUrl>
      <LineString>
        <altitudeMode>clampToGround</altitudeMode>
        <extrude>1</extrude>
        <tessellate>1</tessellate>
        <coordinates>
          -0.19027777777777777,51.14805555555556
          2.0783333333,41.2969444444
        </coordinates>
      </LineString>
    </Placemark>
    <Placemark>
      <name>Route LTBA - LEBL (THY)</name>
      <styleUrl>#ruta_no_schengen</styleUrl>
      <LineString>
        <altitudeMode>clampToGround</altitudeMode>
        <extrude>1</extrude>
        <tessellate>1</tessellate>
        <coordinates>
          28.81416666666667,40.976111111111116
          2.0783333333,41.2969444444
        </coordinates>
      </LineString>
    </Placemark>
    <Placemark>
      <name>Route EDDB - LEBL (EZY)</name>
      <styleUrl>#ruta_schengen</styleUrl>
      <LineString>
        <altitudeMode>clampToGround</altitudeMode>
        <extrude>1</extrude>
        <tessellate>1</tessellate>
        <coordinates>
          13.500555555555556,52.36222222222222
          2.0783333333,41.2969444444
        </coordinates>
      </LineString>
    </Placemark>
    <Placemark>
      <name>Route LOWW - LEBL (CCA)</name>
      <styleUrl>#ruta_schengen</styleUrl>
      <LineString>
        <altitudeMode>clampToGround</altitudeMode>
        <extrude>1</extrude>
        <tessellate>1</tessellate>
        <coordinates>
          16.56972222222222,48.11027777777778
          2.0783333333,41.2969444444
        </coordinates>
      </LineString>
    </Placemark>
    <Placemark>
      <name>Route LOWW - LEBL (NLY)</name>
      <styleUrl>#ruta_schengen</styleUrl>
      <LineString>
        <altitudeMode>clampToGround</altitudeMode>
        <extrude>1</extrude>
        <tessellate>1</tessellate>
        <coordinates>
          16.56972222222222,48.11027777777778
          2.0783333333,41.2969444444
        </coordinates>
      </LineString>
    </Placemark>
    <Placemark>
      <name>Route EGBB - LEBL (MON)</name>
      <styleUrl>#ruta_no_schengen</styleUrl>
      <LineString>
        <altitudeMode>clampToGround</altitudeMode>
        <extrude>1</extrude>
        <tessellate>1</tessellate>
        <coordinates>
          -1.7480555555555557,52.45388888888889
          2.0783333333,41.2969444444
        </coordinates>
      </LineString>
    </Placemark>
    <Placemark>
      <name>Route LPPT - LEBL (VLG)</name>
      <styleUrl>#ruta_schengen</styleUrl>
      <LineString>
        <altitudeMode>clampToGround</altitudeMode>
        <extrude>1</extrude>
        <tessellate>1</tessellate>
        <coordinates>
          -9.134166666666665,38.774166666666666
          2.0783333333,41.2969444444
        </coordinates>
      </LineString>
    </Placemark>
    <Placemark>
      <name>Route LEIB - LEBL (VLG)</name>
      <styleUrl>#ruta_schengen</styleUrl>
      <LineString>
        <altitudeMode>clampToGround</altitudeMode>
        <extrude>1</extrude>
        <tessellate>1</tessellate>
        <coordinates>
          1.3730555555555557,38.87277777777778
          2.0783333333,41.2969444444
        </coordinates>
      </LineString>
    </Placemark>
    <Placemark>
      <name>Route LIME - LEBL (RYR)</name>
      <styleUrl>#ruta_schengen</styleUrl>
      <LineString>
        <altitudeMode>clampToGround</altitudeMode>
        <extrude>1</extrude>
        <tessellate>1</tessellate>
        <coordinates>
          9.700277777777776,45.66888888888889
          2.0783333333,41.2969444444
        </coordinates>
      </LineString>
    </Placemark>
    <Placemark>
      <name>Route EGGD - LEBL (EZY)</name>
      <styleUrl>#ruta_no_schengen</styleUrl>
      <LineString>
        <altitudeMode>clampToGround</altitudeMode>
        <extrude>1</extrude>
        <tessellate>1</tessellate>
        <coordinates>
          -2.7191666666666667,51.382777777777775
          2.0783333333,41.2969444444
        </coordinates>
      </LineString>
    </Placemark>
    <Placemark>
      <name>Route LPPT - LEBL (TAP)</name>
      <styleUrl>#ruta_schengen</styleUrl>
      <LineString>
        <altitudeMode>clampToGround</altitudeMode>
        <extrude>1</extrude>
        <tessellate>1</tessellate>
        <coordinates>
          -9.134166666666665,38.774166666666666
          2.0783333333,41.2969444444
        </coordinates>
      </LineString>
    </Placemark>
    <Placemark>
      <name>Route LSGG - LEBL (EZY)</name>
      <styleUrl>#ruta_schengen</styleUrl>
      <LineString>
        <altitudeMode>clampToGround</altitudeMode>
        <extrude>1</extrude>
        <tessellate>1</tessellate>
        <coordinates>
          6.109444444444444,46.23833333333334
          2.0783333333,41.2969444444
        </coordinates>
      </LineString>
    </Placemark>
    <Placemark>
      <name>Route EIDW - LEBL (EIN)</name>
      <styleUrl>#ruta_no_schengen</styleUrl>
      <LineString>
        <altitudeMode>clampToGround</altitudeMode>
        <extrude>1</extrude>
        <tessellate>1</tessellate>
        <coordinates>
          -6.27,53.421388888888885
          2.0783333333,41.2969444444
        </coordinates>
      </LineString>
    </Placemark>
    <Placemark>
      <name>Route LFRS - LEBL (VLG)</name>
      <styleUrl>#ruta_schengen</styleUrl>
      <LineString>
        <altitudeMode>clampToGround</altitudeMode>
        <extrude>1</extrude>
        <tessellate>1</tessellate>
        <coordinates>
          -1.607777777777778,47.15694444444444
          2.0783333333,41.2969444444
        </coordinates>
      </LineString>
    </Placemark>
    <Placemark>
      <name>Route CYUL - LEBL (ROU)</name>
      <styleUrl>#ruta_no_schengen</styleUrl>
      <LineString>
        <altitudeMode>clampToGround</altitudeMode>
        <extrude>1</extrude>
        <tessellate>1</tessellate>
        <coordinates>
          -73.74138888888889,45.46805555555556
          2.0783333333,41.2969444444
        </coordinates>
      </LineString>
    </Placemark>
    <Placemark>
      <name>Route LEMH - LEBL (VLG)</name>
      <styleUrl>#ruta_schengen</styleUrl>
      <LineString>
        <altitudeMode>clampToGround</altitudeMode>
        <extrude>1</extrude>
        <tessellate>1</tessellate>
        <coordinates>
          4.2186111111111115,39.862500000000004
          2.0783333333,41.2969444444
        </coordinates>
      </LineString>
    </Placemark>
    <Placemark>
      <name>Route LFST - LEBL (NJE)</name>
      <styleUrl>#ruta_schengen</styleUrl>
      <LineString>
        <altitudeMode>clampToGround</altitudeMode>
        <extrude>1</extrude>
        <tessellate>1</tessellate>
        <coordinates>
          7.634444444444444,48.54194444444444
          2.0783333333,41.2969444444
        </coordinates>
      </LineString>
    </Placemark>
    <Placemark>
      <name>Route EGGP - LEBL (EZY)</name>
      <styleUrl>#ruta_no_schengen</styleUrl>
      <LineString>
        <altitudeMode>clampToGround</altitudeMode>
        <extrude>1</extrude>
        <tessellate>1</tessellate>
        <coordinates>
          -2.8497222222222223,53.33361111111111
          2.0783333333,41.2969444444
        </coordinates>
      </LineString>
    </Placemark>
    <Placemark>
      <name>Route EHAM - LEBL (KLM)</name>
      <styleUrl>#ruta_schengen</styleUrl>
      <LineString>
        <altitudeMode>clampToGround</altitudeMode>
        <extrude>1</extrude>
        <tessellate>1</tessellate>
        <coordinates>
          4.764166666666667,52.308055555555555
          2.0783333333,41.2969444444
        </coordinates>
      </LineString>
    </Placemark>
    <Placemark>
      <name>Route EGCC - LEBL (RYR)</name>
      <styleUrl>#ruta_no_schengen</styleUrl>
      <LineString>
        <altitudeMode>clampToGround</altitudeMode>
        <extrude>1</extrude>
        <tessellate>1</tessellate>
        <coordinates>
          -2.275,53.35388888888889
          2.0783333333,41.2969444444
        </coordinates>
      </LineString>
    </Placemark>
    <Placemark>
      <name>Route LEGR - LEBL (VLG)</name>
      <styleUrl>#ruta_schengen</styleUrl>
      <LineString>
        <altitudeMode>clampToGround</altitudeMode>
        <extrude>1</extrude>
        <tessellate>1</tessellate>
        <coordinates>
          -3.777222222222222,37.18861111111111
          2.0783333333,41.2969444444
        </coordinates>
      </LineString>
    </Placemark>
    <Placemark>
      <name>Route EGPH - LEBL (RYR)</name>
      <styleUrl>#ruta_no_schengen</styleUrl>
      <LineString>
        <altitudeMode>clampToGround</altitudeMode>
        <extrude>1</extrude>
        <tessellate>1</tessellate>
        <coordinates>
          -3.3725,55.95
          2.0783333333,41.2969444444
        </coordinates>
      </LineString>
    </Placemark>
    <Placemark>
      <name>Route UWKD - LEBL (VLG)</name>
      <styleUrl>#ruta_no_schengen</styleUrl>
      <LineString>
        <altitudeMode>clampToGround</altitudeMode>
        <extrude>1</extrude>
        <tessellate>1</tessellate>
        <coordinates>
          49.280277777777776,55.606944444444444
          2.0783333333,41.2969444444
        </coordinates>
      </LineString>
    </Placemark>
    <Placemark>
      <name>Route DAAG - LEBL (VLG)</name>
      <styleUrl>#ruta_no_schengen</styleUrl>
      <LineString>
        <altitudeMode>clampToGround</altitudeMode>
        <extrude>1</extrude>
        <tessellate>1</tessellate>
        <coordinates>
          3.2144444444444447,36.693888888888885
          2.0783333333,41.2969444444
        </coordinates>
      </LineString>
    </Placemark>
    <Placemark>
      <name>Route EGAA - LEBL (EZY)</name>
      <styleUrl>#ruta_no_schengen</styleUrl>
      <LineString>
        <altitudeMode>clampToGround</altitudeMode>
        <extrude>1</extrude>
        <tessellate>1</tessellate>
        <coordinates>
          -6.215833333333333,54.6575
          2.0783333333,41.2969444444
        </coordinates>
      </LineString>
    </Placemark>
    <Placemark>
      <name>Route LEMD - LEBL (VLG)</name>
      <styleUrl>#ruta_schengen</styleUrl>
      <LineString>
        <altitudeMode>clampToGround</altitudeMode>
        <extrude>1</extrude>
        <tessellate>1</tessellate>
        <coordinates>
          -3.560833333333333,40.47222222222222
          2.0783333333,41.2969444444
        </coordinates>
      </LineString>
    </Placemark>
    <Placemark>
      <name>Route LEST - LEBL (RYR)</name>
      <styleUrl>#ruta_schengen</styleUrl>
      <LineString>
        <altitudeMode>clampToGround</altitudeMode>
        <extrude>1</extrude>
        <tessellate>1</tessellate>
        <coordinates>
          -8.415277777777778,42.896388888888886
          2.0783333333,41.2969444444
        </coordinates>
      </LineString>
    </Placemark>
    <Placemark>
      <name>Route EGBB - LEBL (RYR)</name>
      <styleUrl>#ruta_no_schengen</styleUrl>
      <LineString>
        <altitudeMode>clampToGround</altitudeMode>
        <extrude>1</extrude>
        <tessellate>1</tessellate>
        <coordinates>
          -1.7480555555555557,52.45388888888889
          2.0783333333,41.2969444444
        </coordinates>
      </LineString>
    </Placemark>
    <Placemark>
      <name>Route LFMN - LEBL (VLG)</name>
      <styleUrl>#ruta_schengen</styleUrl>
      <LineString>
        <altitudeMode>clampToGround</altitudeMode>
        <extrude>1</extrude>
        <tessellate>1</tessellate>
        <coordinates>
          7.215,43.665277777777774
          2.0783333333,41.2969444444
        </coordinates>
      </LineString>
    </Placemark>
    <Placemark>
      <name>Route EBBR - LEBL (RYR)</name>
      <styleUrl>#ruta_schengen</styleUrl>
      <LineString>
        <altitudeMode>clampToGround</altitudeMode>
        <extrude>1</extrude>
        <tessellate>1</tessellate>
        <coordinates>
          4.484444444444445,50.90138888888889
          2.0783333333,41.2969444444
        </coordinates>
      </LineString>
    </Placemark>
    <Placemark>
      <name>Route LROP - LEBL (ROT)</name>
      <styleUrl>#ruta_no_schengen</styleUrl>
      <LineString>
        <altitudeMode>clampToGround</altitudeMode>
        <extrude>1</extrude>
        <tessellate>1</tessellate>
        <coordinates>
          26.084999999999997,44.571111111111115
          2.0783333333,41.2969444444
        </coordinates>
      </LineString>
    </Placemark>
    <Placemark>
      <name>Route LFOB - LEBL (RYR)</name>
      <styleUrl>#ruta_schengen</styleUrl>
      <LineString>
        <altitudeMode>clampToGround</altitudeMode>
        <extrude>1</extrude>
        <tessellate>1</tessellate>
        <coordinates>
          2.112777777777778,49.45444444444445
          2.0783333333,41.2969444444
        </coordinates>
      </LineString>
    </Placemark>
    <Placemark>
      <name>Route LROP - LEBL (BMS)</name>
      <styleUrl>#ruta_no_schengen</styleUrl>
      <LineString>
        <altitudeMode>clampToGround</altitudeMode>
        <extrude>1</extrude>
        <tessellate>1</tessellate>
        <coordinates>
          26.084999999999997,44.571111111111115
          2.0783333333,41.2969444444
        </coordinates>
      </LineString>
    </Placemark>
    <Placemark>
      <name>Route LLBG - LEBL (AEA)</name>
      <styleUrl>#ruta_no_schengen</styleUrl>
      <LineString>
        <altitudeMode>clampToGround</altitudeMode>
        <extrude>1</extrude>
        <tessellate>1</tessellate>
        <coordinates>
          34.885555555555555,32.00944444444445
          2.0783333333,41.2969444444
        </coordinates>
      </LineString>
    </Placemark>
    <Placemark>
      <name>Route EGLL - LEBL (BAW)</name>
      <styleUrl>#ruta_no_schengen</styleUrl>
      <LineString>
        <altitudeMode>clampToGround</altitudeMode>
        <extrude>1</extrude>
        <tessellate>1</tessellate>
        <coordinates>
          -0.4613888888888889,51.4775
          2.0783333333,41.2969444444
        </coordinates>
      </LineString>
    </Placemark>
    <Placemark>
      <name>Route KMIA - LEBL (AAL)</name>
      <styleUrl>#ruta_no_schengen</styleUrl>
      <LineString>
        <altitudeMode>clampToGround</altitudeMode>
        <extrude>1</extrude>
        <tessellate>1</tessellate>
        <coordinates>
          -80.28333333333333,25.8
          2.0783333333,41.2969444444
        </coordinates>
      </LineString>
    </Placemark>
    <Placemark>
      <name>Route EGKK - LEBL (EZY)</name>
      <styleUrl>#ruta_no_schengen</styleUrl>
      <LineString>
        <altitudeMode>clampToGround</altitudeMode>
        <extrude>1</extrude>
        <tessellate>1</tessellate>
        <coordinates>
          -0.19027777777777777,51.14805555555556
          2.0783333333,41.2969444444
        </coordinates>
      </LineString>
    </Placemark>
    <Placemark>
      <name>Route LGAV - LEBL (AEE)</name>
      <styleUrl>#ruta_schengen</styleUrl>
      <LineString>
        <altitudeMode>clampToGround</altitudeMode>
        <extrude>1</extrude>
        <tessellate>1</tessellate>
        <coordinates>
          23.944444444444446,37.93666666666666
          2.0783333333,41.2969444444
        </coordinates>
      </LineString>
    </Placemark>
    <Placemark>
      <name>Route GCLP - LEBL (VLG)</name>
      <styleUrl>#ruta_no_schengen</styleUrl>
      <LineString>
        <altitudeMode>clampToGround</altitudeMode>
        <extrude>1</extrude>
        <tessellate>1</tessellate>
        <coordinates>
          -15.386666666666667,27.931944444444447
          2.0783333333,41.2969444444
        </coordinates>
      </LineString>
    </Placemark>
    <Placemark>
      <name>Route ENGM - LEBL (SAS)</name>
      <styleUrl>#ruta_schengen</styleUrl>
      <LineString>
        <altitudeMode>clampToGround</altitudeMode>
        <extrude>1</extrude>
        <tessellate>1</tessellate>
        <coordinates>
          11.08388888888889,60.20277777777778
          2.0783333333,41.2969444444
        </coordinates>
      </LineString>
    </Placemark>
    <Placemark>
      <name>Route LEMD - LEBL (IBE)</name>
      <styleUrl>#ruta_schengen</styleUrl>
      <LineString>
        <altitudeMode>clampToGround</altitudeMode>
        <extrude>1</extrude>
        <tessellate>1</tessellate>
        <coordinates>
          -3.560833333333333,40.47222222222222
          2.0783333333,41.2969444444
        </coordinates>
      </LineString>
    </Placemark>
    <Placemark>
      <name>Route LIRF - LEBL (AZA)</name>
      <styleUrl>#ruta_schengen</styleUrl>
      <LineString>
        <altitudeMode>clampToGround</altitudeMode>
        <extrude>1</extrude>
        <tessellate>1</tessellate>
        <coordinates>
          12.238888888888889,41.80027777777777
          2.0783333333,41.2969444444
        </coordinates>
      </LineString>
    </Placemark>
    <Placemark>
      <name>Route LEZL - LEBL (VLG)</name>
      <styleUrl>#ruta_schengen</styleUrl>
      <LineString>
        <altitudeMode>clampToGround</altitudeMode>
        <extrude>1</extrude>
        <tessellate>1</tessellate>
        <coordinates>
          -5.898888888888888,37.418055555555554
          2.0783333333,41.2969444444
        </coordinates>
      </LineString>
    </Placemark>
    <Placemark>
      <name>Route EGCC - LEBL (MON)</name>
      <styleUrl>#ruta_no_schengen</styleUrl>
      <LineString>
        <altitudeMode>clampToGround</altitudeMode>
        <extrude>1</extrude>
        <tessellate>1</tessellate>
        <coordinates>
          -2.275,53.35388888888889
          2.0783333333,41.2969444444
        </coordinates>
      </LineString>
    </Placemark>
    <Placemark>
      <name>Route EPWA - LEBL (LOT)</name>
      <styleUrl>#ruta_schengen</styleUrl>
      <LineString>
        <altitudeMode>clampToGround</altitudeMode>
        <extrude>1</extrude>
        <tessellate>1</tessellate>
        <coordinates>
          20.96722222222222,52.16583333333333
          2.0783333333,41.2969444444
        </coordinates>
      </LineString>
    </Placemark>
    <Placemark>
      <name>Route LIRF - LEBL (RYR)</name>
      <styleUrl>#ruta_schengen</styleUrl>
      <LineString>
        <altitudeMode>clampToGround</altitudeMode>
        <extrude>1</extrude>
        <tessellate>1</tessellate>
        <coordinates>
          12.238888888888889,41.80027777777777
          2.0783333333,41.2969444444
        </coordinates>
      </LineString>
    </Placemark>
    <Placemark>
      <name>Route KPHL - LEBL (AAL)</name>
      <styleUrl>#ruta_no_schengen</styleUrl>
      <LineString>
        <altitudeMode>clampToGround</altitudeMode>
        <extrude>1</extrude>
        <tessellate>1</tessellate>
        <coordinates>
          -75.245,39.87
          2.0783333333,41.2969444444
        </coordinates>
      </LineString>
    </Placemark>
    <Placemark>
      <name>Route UUEE - LEBL (AFL)</name>
      <styleUrl>#ruta_no_schengen</styleUrl>
      <LineString>
        <altitudeMode>clampToGround</altitudeMode>
        <extrude>1</extrude>
        <tessellate>1</tessellate>
        <coordinates>
          37.41305555555555,55.972500000000004
          2.0783333333,41.2969444444
        </coordinates>
      </LineString>
    </Placemark>
    <Placemark>
      <name>Route LEMD - LEBL (VLG)</name>
      <styleUrl>#ruta_schengen</styleUrl>
      <LineString>
        <altitudeMode>clampToGround</altitudeMode>
        <extrude>1</extrude>
        <tessellate>1</tessellate>
        <coordinates>
          -3.560833333333333,40.47222222222222
          2.0783333333,41.2969444444
        </coordinates>
      </LineString>
    </Placemark>
    <Placemark>
      <name>Route GCXO - LEBL (VLG)</name>
      <styleUrl>#ruta_no_schengen</styleUrl>
      <LineString>
        <altitudeMode>clampToGround</altitudeMode>
        <extrude>1</extrude>
        <tessellate>1</tessellate>
        <coordinates>
          -16.341666666666665,28.482777777777777
          2.0783333333,41.2969444444
        </coordinates>
      </LineString>
    </Placemark>
    <Placemark>
      <name>Route LFPO - LEBL (VLG)</name>
      <styleUrl>#ruta_schengen</styleUrl>
      <LineString>
        <altitudeMode>clampToGround</altitudeMode>
        <extrude>1</extrude>
        <tessellate>1</tessellate>
        <coordinates>
          2.3794444444444447,48.723333333333336
          2.0783333333,41.2969444444
        </coordinates>
      </LineString>
    </Placemark>
    <Placemark>
      <name>Route LEPA - LEBL (AEA)</name>
      <styleUrl>#ruta_schengen</styleUrl>
      <LineString>
        <altitudeMode>clampToGround</altitudeMode>
        <extrude>1</extrude>
        <tessellate>1</tessellate>
        <coordinates>
          2.738888888888889,39.55166666666666
          2.0783333333,41.2969444444
        </coordinates>
      </LineString>
    </Placemark>
    <Placemark>
      <name>Route ULLI - LEBL (SDM)</name>
      <styleUrl>#ruta_no_schengen</styleUrl>
      <LineString>
        <altitudeMode>clampToGround</altitudeMode>
        <extrude>1</extrude>
        <tessellate>1</tessellate>
        <coordinates>
          30.2625,59.80027777777777
          2.0783333333,41.2969444444
        </coordinates>
      </LineString>
    </Placemark>
    <Placemark>
      <name>Route LDZA - LEBL (VLG)</name>
      <styleUrl>#ruta_no_schengen</styleUrl>
      <LineString>
        <altitudeMode>clampToGround</altitudeMode>
        <extrude>1</extrude>
        <tessellate>1</tessellate>
        <coordinates>
          16.06888888888889,45.74305555555556
          2.0783333333,41.2969444444
        </coordinates>
      </LineString>
    </Placemark>
    <Placemark>
      <name>Route EDDM - LEBL (DLH)</name>
      <styleUrl>#ruta_schengen</styleUrl>
      <LineString>
        <altitudeMode>clampToGround</altitudeMode>
        <extrude>1</extrude>
        <tessellate>1</tessellate>
        <coordinates>
          11.786111111111111,48.35388888888889
          2.0783333333,41.2969444444
        </coordinates>
      </LineString>
    </Placemark>
    <Placemark>
      <name>Route EGSS - LEBL (RYR)</name>
      <styleUrl>#ruta_no_schengen</styleUrl>
      <LineString>
        <altitudeMode>clampToGround</altitudeMode>
        <extrude>1</extrude>
        <tessellate>1</tessellate>
        <coordinates>
          0.23500000000000001,51.885
          2.0783333333,41.2969444444
        </coordinates>
      </LineString>
    </Placemark>
    <Placemark>
      <name>Route LSGG - LEBL (VLG)</name>
      <styleUrl>#ruta_schengen</styleUrl>
      <LineString>
        <altitudeMode>clampToGround</altitudeMode>
        <extrude>1</extrude>
        <tessellate>1</tessellate>
        <coordinates>
          6.109444444444444,46.23833333333334
          2.0783333333,41.2969444444
        </coordinates>
      </LineString>
    </Placemark>
    <Placemark>
      <name>Route LEVX - LEBL (VLG)</name>
      <styleUrl>#ruta_schengen</styleUrl>
      <LineString>
        <altitudeMode>clampToGround</altitudeMode>
        <extrude>1</extrude>
        <tessellate>1</tessellate>
        <coordinates>
          -8.627500000000001,42.22916666666667
          2.0783333333,41.2969444444
        </coordinates>
      </LineString>
    </Placemark>
    <Placemark>
      <name>Route ENGM - LEBL (NAX)</name>
      <styleUrl>#ruta_schengen</styleUrl>
      <LineString>
        <altitudeMode>clampToGround</altitudeMode>
        <extrude>1</extrude>
        <tessellate>1</tessellate>
        <coordinates>
          11.08388888888889,60.20277777777778
          2.0783333333,41.2969444444
        </coordinates>
      </LineString>
    </Placemark>
    <Placemark>
      <name>Route LIRQ - LEBL (VLG)</name>
      <styleUrl>#ruta_schengen</styleUrl>
      <LineString>
        <altitudeMode>clampToGround</altitudeMode>
        <extrude>1</extrude>
        <tessellate>1</tessellate>
        <coordinates>
          11.202777777777778,43.808611111111105
          2.0783333333,41.2969444444
        </coordinates>
      </LineString>
    </Placemark>
    <Placemark>
      <name>Route EGGW - LEBL (EZY)</name>
      <styleUrl>#ruta_no_schengen</styleUrl>
      <LineString>
        <altitudeMode>clampToGround</altitudeMode>
        <extrude>1</extrude>
        <tessellate>1</tessellate>
        <coordinates>
          -0.3683333333333333,51.874722222222225
          2.0783333333,41.2969444444
        </coordinates>
      </LineString>
    </Placemark>
    <Placemark>
      <name>Route LIPZ - LEBL (VLG)</name>
      <styleUrl>#ruta_schengen</styleUrl>
      <LineString>
        <altitudeMode>clampToGround</altitudeMode>
        <extrude>1</extrude>
        <tessellate>1</tessellate>
        <coordinates>
          12.351944444444444,45.50527777777778
          2.0783333333,41.2969444444
        </coordinates>
      </LineString>
    </Placemark>
    <Placemark>
      <name>Route EBBR - LEBL (VLG)</name>
      <styleUrl>#ruta_schengen</styleUrl>
      <LineString>
        <altitudeMode>clampToGround</altitudeMode>
        <extrude>1</extrude>
        <tessellate>1</tessellate>
        <coordinates>
          4.484444444444445,50.90138888888889
          2.0783333333,41.2969444444
        </coordinates>
      </LineString>
    </Placemark>
    <Placemark>
      <name>Route EGCC - LEBL (EXS)</name>
      <styleUrl>#ruta_no_schengen</styleUrl>
      <LineString>
        <altitudeMode>clampToGround</altitudeMode>
        <extrude>1</extrude>
        <tessellate>1</tessellate>
        <coordinates>
          -2.275,53.35388888888889
          2.0783333333,41.2969444444
        </coordinates>
      </LineString>
    </Placemark>
    <Placemark>
      <name>Route LFSB - LEBL (EZY)</name>
      <styleUrl>#ruta_schengen</styleUrl>
      <LineString>
        <altitudeMode>clampToGround</altitudeMode>
        <extrude>1</extrude>
        <tessellate>1</tessellate>
        <coordinates>
          7.529166666666667,47.59
          2.0783333333,41.2969444444
        </coordinates>
      </LineString>
    </Placemark>
    <Placemark>
      <name>Route EDDF - LEBL (DLH)</name>
      <styleUrl>#ruta_schengen</styleUrl>
      <LineString>
        <altitudeMode>clampToGround</altitudeMode>
        <extrude>1</extrude>
        <tessellate>1</tessellate>
        <coordinates>
          8.570555555555556,50.03333333333333
          2.0783333333,41.2969444444
        </coordinates>
      </LineString>
    </Placemark>
    <Placemark>
      <name>Route LLBG - LEBL (ZZZ)</name>
      <styleUrl>#ruta_no_schengen</styleUrl>
      <LineString>
        <altitudeMode>clampToGround</altitudeMode>
        <extrude>1</extrude>
        <tessellate>1</tessellate>
        <coordinates>
          34.885555555555555,32.00944444444445
          2.0783333333,41.2969444444
        </coordinates>
      </LineString>
    </Placemark>
    <Placemark>
      <name>Route EKCH - LEBL (NAX)</name>
      <styleUrl>#ruta_schengen</styleUrl>
      <LineString>
        <altitudeMode>clampToGround</altitudeMode>
        <extrude>1</extrude>
        <tessellate>1</tessellate>
        <coordinates>
          12.65611111111111,55.61805555555556
          2.0783333333,41.2969444444
        </coordinates>
      </LineString>
    </Placemark>
    <Placemark>
      <name>Route LFBD - LEBL (EZY)</name>
      <styleUrl>#ruta_schengen</styleUrl>
      <LineString>
        <altitudeMode>clampToGround</altitudeMode>
        <extrude>1</extrude>
        <tessellate>1</tessellate>
        <coordinates>
          -0.7152777777777777,44.828611111111115
          2.0783333333,41.2969444444
        </coordinates>
      </LineString>
    </Placemark>
    <Placemark>
      <name>Route LIPE - LEBL (RYR)</name>
      <styleUrl>#ruta_schengen</styleUrl>
      <LineString>
        <altitudeMode>clampToGround</altitudeMode>
        <extrude>1</extrude>
        <tessellate>1</tessellate>
        <coordinates>
          11.296944444444444,44.530833333333334
          2.0783333333,41.2969444444
        </coordinates>
      </LineString>
    </Placemark>
    <Placemark>
      <name>Route CYYZ - LEBL (ROU)</name>
      <styleUrl>#ruta_no_schengen</styleUrl>
      <LineString>
        <altitudeMode>clampToGround</altitudeMode>
        <extrude>1</extrude>
        <tessellate>1</tessellate>
        <coordinates>
          -79.63055555555555,43.67722222222222
          2.0783333333,41.2969444444
        </coordinates>
      </LineString>
    </Placemark>
    <Placemark>
      <name>Route LDSP - LEBL (VLG)</name>
      <styleUrl>#ruta_no_schengen</styleUrl>
      <LineString>
        <altitudeMode>clampToGround</altitudeMode>
        <extrude>1</extrude>
        <tessellate>1</tessellate>
        <coordinates>
          16.298055555555557,43.538888888888884
          2.0783333333,41.2969444444
        </coordinates>
      </LineString>
    </Placemark>
    <Placemark>
      <name>Route LEMH - LEBL (VLG)</name>
      <styleUrl>#ruta_schengen</styleUrl>
      <LineString>
        <altitudeMode>clampToGround</altitudeMode>
        <extrude>1</extrude>
        <tessellate>1</tessellate>
        <coordinates>
          4.2186111111111115,39.862500000000004
          2.0783333333,41.2969444444
        </coordinates>
      </LineString>
    </Placemark>
    <Placemark>
      <name>Route LSGG - LEBL (EZS)</name>
      <styleUrl>#ruta_schengen</styleUrl>
      <LineString>
        <altitudeMode>clampToGround</altitudeMode>
        <extrude>1</extrude>
        <tessellate>1</tessellate>
        <coordinates>
          6.109444444444444,46.23833333333334
          2.0783333333,41.2969444444
        </coordinates>
      </LineString>
    </Placemark>
    <Placemark>
      <name>Route LLBG - LEBL (VLG)</name>
      <styleUrl>#ruta_no_schengen</styleUrl>
      <LineString>
        <altitudeMode>clampToGround</altitudeMode>
        <extrude>1</extrude>
        <tessellate>1</tessellate>
        <coordinates>
          34.885555555555555,32.00944444444445
          2.0783333333,41.2969444444
        </coordinates>
      </LineString>
    </Placemark>
    <Placemark>
      <name>Route LSZH - LEBL (VLG)</name>
      <styleUrl>#ruta_schengen</styleUrl>
      <LineString>
        <altitudeMode>clampToGround</altitudeMode>
        <extrude>1</extrude>
        <tessellate>1</tessellate>
        <coordinates>
          8.548055555555555,47.45805555555556
          2.0783333333,41.2969444444
        </coordinates>
      </LineString>
    </Placemark>
    <Placemark>
      <name>Route GMMN - LEBL (RAM)</name>
      <styleUrl>#ruta_no_schengen</styleUrl>
      <LineString>
        <altitudeMode>clampToGround</altitudeMode>
        <extrude>1</extrude>
        <tessellate>1</tessellate>
        <coordinates>
          -7.581666666666666,33.36416666666667
          2.0783333333,41.2969444444
        </coordinates>
      </LineString>
    </Placemark>
    <Placemark>
      <name>Route EGGW - LEBL (VLG)</name>
      <styleUrl>#ruta_no_schengen</styleUrl>
      <LineString>
        <altitudeMode>clampToGround</altitudeMode>
        <extrude>1</extrude>
        <tessellate>1</tessellate>
        <coordinates>
          -0.3683333333333333,51.874722222222225
          2.0783333333,41.2969444444
        </coordinates>
      </LineString>
    </Placemark>
    <Placemark>
      <name>Route DTTA - LEBL (TAR)</name>
      <styleUrl>#ruta_no_schengen</styleUrl>
      <LineString>
        <altitudeMode>clampToGround</altitudeMode>
        <extrude>1</extrude>
        <tessellate>1</tessellate>
        <coordinates>
          10.226944444444445,36.85111111111111
          2.0783333333,41.2969444444
        </coordinates>
      </LineString>
    </Placemark>
    <Placemark>
      <name>Route EDDM - LEBL (VLG)</name>
      <styleUrl>#ruta_schengen</styleUrl>
      <LineString>
        <altitudeMode>clampToGround</altitudeMode>
        <extrude>1</extrude>
        <tessellate>1</tessellate>
        <coordinates>
          11.786111111111111,48.35388888888889
          2.0783333333,41.2969444444
        </coordinates>
      </LineString>
    </Placemark>
    <Placemark>
      <name>Route LFCK - LEBL (FAF)</name>
      <styleUrl>#ruta_schengen</styleUrl>
      <LineString>
        <altitudeMode>clampToGround</altitudeMode>
        <extrude>1</extrude>
        <tessellate>1</tessellate>
        <coordinates>
          2.2905555555555552,43.555
          2.0783333333,41.2969444444
        </coordinates>
      </LineString>
    </Placemark>
    <Placemark>
      <name>Route EGNM - LEBL (EXS)</name>
      <styleUrl>#ruta_no_schengen</styleUrl>
      <LineString>
        <altitudeMode>clampToGround</altitudeMode>
        <extrude>1</extrude>
        <tessellate>1</tessellate>
        <coordinates>
          -1.6608333333333332,53.86611111111111
          2.0783333333,41.2969444444
        </coordinates>
      </LineString>
    </Placemark>
    <Placemark>
      <name>Route EDDP - LEBL (VLG)</name>
      <styleUrl>#ruta_schengen</styleUrl>
      <LineString>
        <altitudeMode>clampToGround</altitudeMode>
        <extrude>1</extrude>
        <tessellate>1</tessellate>
        <coordinates>
          12.236388888888888,51.42388888888889
          2.0783333333,41.2969444444
        </coordinates>
      </LineString>
    </Placemark>
    <Placemark>
      <name>Route LEPA - LEBL (VLG)</name>
      <styleUrl>#ruta_schengen</styleUrl>
      <LineString>
        <altitudeMode>clampToGround</altitudeMode>
        <extrude>1</extrude>
        <tessellate>1</tessellate>
        <coordinates>
          2.738888888888889,39.55166666666666
          2.0783333333,41.2969444444
        </coordinates>
      </LineString>
    </Placemark>
    <Placemark>
      <name>Route KJFK - LEBL (DAL)</name>
      <styleUrl>#ruta_no_schengen</styleUrl>
      <LineString>
        <altitudeMode>clampToGround</altitudeMode>
        <extrude>1</extrude>
        <tessellate>1</tessellate>
        <coordinates>
          -73.77833333333334,40.640277777777776
          2.0783333333,41.2969444444
        </coordinates>
      </LineString>
    </Placemark>
    <Placemark>
      <name>Route EGLL - LEBL (BAW)</name>
      <styleUrl>#ruta_no_schengen</styleUrl>
      <LineString>
        <altitudeMode>clampToGround</altitudeMode>
        <extrude>1</extrude>
        <tessellate>1</tessellate>
        <coordinates>
          -0.4613888888888889,51.4775
          2.0783333333,41.2969444444
        </coordinates>
      </LineString>
    </Placemark>
    <Placemark>
      <name>Route KCLT - LEBL (AAL)</name>
      <styleUrl>#ruta_no_schengen</styleUrl>
      <LineString>
        <altitudeMode>clampToGround</altitudeMode>
        <extrude>1</extrude>
        <tessellate>1</tessellate>
        <coordinates>
          -80.95,35.21666666666667
          2.0783333333,41.2969444444
        </coordinates>
      </LineString>
    </Placemark>
    <Placemark>
      <name>Route EDDF - LEBL (VLG)</name>
      <styleUrl>#ruta_schengen</styleUrl>
      <LineString>
        <altitudeMode>clampToGround</altitudeMode>
        <extrude>1</extrude>
        <tessellate>1</tessellate>
        <coordinates>
          8.570555555555556,50.03333333333333
          2.0783333333,41.2969444444
        </coordinates>
      </LineString>
    </Placemark>
    <Placemark>
      <name>Route EHAM - LEBL (VLG)</name>
      <styleUrl>#ruta_schengen</styleUrl>
      <LineString>
        <altitudeMode>clampToGround</altitudeMode>
        <extrude>1</extrude>
        <tessellate>1</tessellate>
        <coordinates>
          4.764166666666667,52.308055555555555
          2.0783333333,41.2969444444
        </coordinates>
      </LineString>
    </Placemark>
    <Placemark>
      <name>Route LIML - LEBL (AZA)</name>
      <styleUrl>#ruta_schengen</styleUrl>
      <LineString>
        <altitudeMode>clampToGround</altitudeMode>
        <extrude>1</extrude>
        <tessellate>1</tessellate>
        <coordinates>
          9.278333333333334,45.44944444444444
          2.0783333333,41.2969444444
        </coordinates>
      </LineString>
    </Placemark>
    <Placemark>
      <name>Route LEMD - LEBL (IBE)</name>
      <styleUrl>#ruta_schengen</styleUrl>
      <LineString>
        <altitudeMode>clampToGround</altitudeMode>
        <extrude>1</extrude>
        <tessellate>1</tessellate>
        <coordinates>
          -3.560833333333333,40.47222222222222
          2.0783333333,41.2969444444
        </coordinates>
      </LineString>
    </Placemark>
    <Placemark>
      <name>Route LFPG - LEBL (VLG)</name>
      <styleUrl>#ruta_schengen</styleUrl>
      <LineString>
        <altitudeMode>clampToGround</altitudeMode>
        <extrude>1</extrude>
        <tessellate>1</tessellate>
        <coordinates>
          2.5477777777777777,49.00972222222222
          2.0783333333,41.2969444444
        </coordinates>
      </LineString>
    </Placemark>
    <Placemark>
      <name>Route EGKK - LEBL (EZY)</name>
      <styleUrl>#ruta_no_schengen</styleUrl>
      <LineString>
        <altitudeMode>clampToGround</altitudeMode>
        <extrude>1</extrude>
        <tessellate>1</tessellate>
        <coordinates>
          -0.19027777777777777,51.14805555555556
          2.0783333333,41.2969444444
        </coordinates>
      </LineString>
    </Placemark>
    <Placemark>
      <name>Route LPPT - LEBL (TAP)</name>
      <styleUrl>#ruta_schengen</styleUrl>
      <LineString>
        <altitudeMode>clampToGround</altitudeMode>
        <extrude>1</extrude>
        <tessellate>1</tessellate>
        <coordinates>
          -9.134166666666665,38.774166666666666
          2.0783333333,41.2969444444
        </coordinates>
      </LineString>
    </Placemark>
    <Placemark>
      <name>Route EHAM - LEBL (KLM)</name>
      <styleUrl>#ruta_schengen</styleUrl>
      <LineString>
        <altitudeMode>clampToGround</altitudeMode>
        <extrude>1</extrude>
        <tessellate>1</tessellate>
        <coordinates>
          4.764166666666667,52.308055555555555
          2.0783333333,41.2969444444
        </coordinates>
      </LineString>
    </Placemark>
    <Placemark>
      <name>Route LEBB - LEBL (VLG)</name>
      <styleUrl>#ruta_schengen</styleUrl>
      <LineString>
        <altitudeMode>clampToGround</altitudeMode>
        <extrude>1</extrude>
        <tessellate>1</tessellate>
        <coordinates>
          -2.9105555555555553,43.301111111111105
          2.0783333333,41.2969444444
        </coordinates>
      </LineString>
    </Placemark>
    <Placemark>
      <name>Route CYUL - LEBL (TSC)</name>
      <styleUrl>#ruta_no_schengen</styleUrl>
      <LineString>
        <altitudeMode>clampToGround</altitudeMode>
        <extrude>1</extrude>
        <tessellate>1</tessellate>
        <coordinates>
          -73.74138888888889,45.46805555555556
          2.0783333333,41.2969444444
        </coordinates>
      </LineString>
    </Placemark>
    <Placemark>
      <name>Route EDDH - LEBL (RYR)</name>
      <styleUrl>#ruta_schengen</styleUrl>
      <LineString>
        <altitudeMode>clampToGround</altitudeMode>
        <extrude>1</extrude>
        <tessellate>1</tessellate>
        <coordinates>
          9.988333333333333,53.63027777777778
          2.0783333333,41.2969444444
        </coordinates>
      </LineString>
    </Placemark>
    <Placemark>
      <name>Route LEBB - LEBL (IBK)</name>
      <styleUrl>#ruta_schengen</styleUrl>
      <LineString>
        <altitudeMode>clampToGround</altitudeMode>
        <extrude>1</extrude>
        <tessellate>1</tessellate>
        <coordinates>
          -2.9105555555555553,43.301111111111105
          2.0783333333,41.2969444444
        </coordinates>
      </LineString>
    </Placemark>
    <Placemark>
      <name>Route LIRF - LEBL (VLG)</name>
      <styleUrl>#ruta_schengen</styleUrl>
      <LineString>
        <altitudeMode>clampToGround</altitudeMode>
        <extrude>1</extrude>
        <tessellate>1</tessellate>
        <coordinates>
          12.238888888888889,41.80027777777777
          2.0783333333,41.2969444444
        </coordinates>
      </LineString>
    </Placemark>
    <Placemark>
      <name>Route CYYZ - LEBL (TSC)</name>
      <styleUrl>#ruta_no_schengen</styleUrl>
      <LineString>
        <altitudeMode>clampToGround</altitudeMode>
        <extrude>1</extrude>
        <tessellate>1</tessellate>
        <coordinates>
          -79.63055555555555,43.67722222222222
          2.0783333333,41.2969444444
        </coordinates>
      </LineString>
    </Placemark>
    <Placemark>
      <name>Route EGKK - LEBL (VLG)</name>
      <styleUrl>#ruta_no_schengen</styleUrl>
      <LineString>
        <altitudeMode>clampToGround</altitudeMode>
        <extrude>1</extrude>
        <tessellate>1</tessellate>
        <coordinates>
          -0.19027777777777777,51.14805555555556
          2.0783333333,41.2969444444
        </coordinates>
      </LineString>
    </Placemark>
    <Placemark>
      <name>Route KIAD - LEBL (UAL)</name>
      <styleUrl>#ruta_no_schengen</styleUrl>
      <LineString>
        <altitudeMode>clampToGround</altitudeMode>
        <extrude>1</extrude>
        <tessellate>1</tessellate>
        <coordinates>
          -77.45666666666666,38.94499999999999
          2.0783333333,41.2969444444
        </coordinates>
      </LineString>
    </Placemark>
    <Placemark>
      <name>Route LEBB - LEBL (FHA)</name>
      <styleUrl>#ruta_schengen</styleUrl>
      <LineString>
        <altitudeMode>clampToGround</altitudeMode>
        <extrude>1</extrude>
        <tessellate>1</tessellate>
        <coordinates>
          -2.9105555555555553,43.301111111111105
          2.0783333333,41.2969444444
        </coordinates>
      </LineString>
    </Placemark>
    <Placemark>
      <name>Route UKBB - LEBL (AUI)</name>
      <styleUrl>#ruta_no_schengen</styleUrl>
      <LineString>
        <altitudeMode>clampToGround</altitudeMode>
        <extrude>1</extrude>
        <tessellate>1</tessellate>
        <coordinates>
          30.893333333333334,50.344722222222224
          2.0783333333,41.2969444444
        </coordinates>
      </LineString>
    </Placemark>
    <Placemark>
      <name>Route LLBG - LEBL (ELY)</name>
      <styleUrl>#ruta_no_schengen</styleUrl>
      <LineString>
        <altitudeMode>clampToGround</altitudeMode>
        <extrude>1</extrude>
        <tessellate>1</tessellate>
        <coordinates>
          34.885555555555555,32.00944444444445
          2.0783333333,41.2969444444
        </coordinates>
      </LineString>
    </Placemark>
    <Placemark>
      <name>Route EGNX - LEBL (RYR)</name>
      <styleUrl>#ruta_no_schengen</styleUrl>
      <LineString>
        <altitudeMode>clampToGround</altitudeMode>
        <extrude>1</extrude>
        <tessellate>1</tessellate>
        <coordinates>
          -1.3277777777777777,52.83111111111111
          2.0783333333,41.2969444444
        </coordinates>
      </LineString>
    </Placemark>
    <Placemark>
      <name>Route LFQQ - LEBL (VLG)</name>
      <styleUrl>#ruta_schengen</styleUrl>
      <LineString>
        <altitudeMode>clampToGround</altitudeMode>
        <extrude>1</extrude>
        <tessellate>1</tessellate>
        <coordinates>
          3.0869444444444447,50.56333333333333
          2.0783333333,41.2969444444
        </coordinates>
      </LineString>
    </Placemark>
    <Placemark>
      <name>Route EDDF - LEBL (DLH)</name>
      <styleUrl>#ruta_schengen</styleUrl>
      <LineString>
        <altitudeMode>clampToGround</altitudeMode>
        <extrude>1</extrude>
        <tessellate>1</tessellate>
        <coordinates>
          8.570555555555556,50.03333333333333
          2.0783333333,41.2969444444
        </coordinates>
      </LineString>
    </Placemark>
    <Placemark>
      <name>Route EHEH - LEBL (TRA)</name>
      <styleUrl>#ruta_schengen</styleUrl>
      <LineString>
        <altitudeMode>clampToGround</altitudeMode>
        <extrude>1</extrude>
        <tessellate>1</tessellate>
        <coordinates>
          5.374444444444444,51.45
          2.0783333333,41.2969444444
        </coordinates>
      </LineString>
    </Placemark>
    <Placemark>
      <name>Route LTFJ - LEBL (THY)</name>
      <styleUrl>#ruta_no_schengen</styleUrl>
      <LineString>
        <altitudeMode>clampToGround</altitudeMode>
        <extrude>1</extrude>
        <tessellate>1</tessellate>
        <coordinates>
          29.309166666666666,40.89833333333333
          2.0783333333,41.2969444444
        </coordinates>
      </LineString>
    </Placemark>
    <Placemark>
      <name>Route LKPR - LEBL (VLG)</name>
      <styleUrl>#ruta_schengen</styleUrl>
      <LineString>
        <altitudeMode>clampToGround</altitudeMode>
        <extrude>1</extrude>
        <tessellate>1</tessellate>
        <coordinates>
          14.26,50.100833333333334
          2.0783333333,41.2969444444
        </coordinates>
      </LineString>
    </Placemark>
    <Placemark>
      <name>Route UKBB - LEBL (AUI)</name>
      <styleUrl>#ruta_no_schengen</styleUrl>
      <LineString>
        <altitudeMode>clampToGround</altitudeMode>
        <extrude>1</extrude>
        <tessellate>1</tessellate>
        <coordinates>
          30.893333333333334,50.344722222222224
          2.0783333333,41.2969444444
        </coordinates>
      </LineString>
    </Placemark>
    <Placemark>
      <name>Route EGBB - LEBL (VLG)</name>
      <styleUrl>#ruta_no_schengen</styleUrl>
      <LineString>
        <altitudeMode>clampToGround</altitudeMode>
        <extrude>1</extrude>
        <tessellate>1</tessellate>
        <coordinates>
          -1.7480555555555557,52.45388888888889
          2.0783333333,41.2969444444
        </coordinates>
      </LineString>
    </Placemark>
    <Placemark>
      <name>Route LEMH - LEBL (VLG)</name>
      <styleUrl>#ruta_schengen</styleUrl>
      <LineString>
        <altitudeMode>clampToGround</altitudeMode>
        <extrude>1</extrude>
        <tessellate>1</tessellate>
        <coordinates>
          4.2186111111111115,39.862500000000004
          2.0783333333,41.2969444444
        </coordinates>
      </LineString>
    </Placemark>
    <Placemark>
      <name>Route LEIB - LEBL (VLG)</name>
      <styleUrl>#ruta_schengen</styleUrl>
      <LineString>
        <altitudeMode>clampToGround</altitudeMode>
        <extrude>1</extrude>
        <tessellate>1</tessellate>
        <coordinates>
          1.3730555555555557,38.87277777777778
          2.0783333333,41.2969444444
        </coordinates>
      </LineString>
    </Placemark>
    <Placemark>
      <name>Route OTHH - LEBL (QTR)</name>
      <styleUrl>#ruta_no_schengen</styleUrl>
      <LineString>
        <altitudeMode>clampToGround</altitudeMode>
        <extrude>1</extrude>
        <tessellate>1</tessellate>
        <coordinates>
          51.608333333333334,25.274444444444445
          2.0783333333,41.2969444444
        </coordinates>
      </LineString>
    </Placemark>
    <Placemark>
      <name>Route ESGG - LEBL (NAX)</name>
      <styleUrl>#ruta_schengen</styleUrl>
      <LineString>
        <altitudeMode>clampToGround</altitudeMode>
        <extrude>1</extrude>
        <tessellate>1</tessellate>
        <coordinates>
          12.29111111111111,57.66
          2.0783333333,41.2969444444
        </coordinates>
      </LineString>
    </Placemark>
    <Placemark>
      <name>Route OMDB - LEBL (UAE)</name>
      <styleUrl>#ruta_no_schengen</styleUrl>
      <LineString>
        <altitudeMode>clampToGround</altitudeMode>
        <extrude>1</extrude>
        <tessellate>1</tessellate>
        <coordinates>
          55.36,25.249166666666667
          2.0783333333,41.2969444444
        </coordinates>
      </LineString>
    </Placemark>
    <Placemark>
      <name>Route EDDT - LEBL (GWI)</name>
      <styleUrl>#ruta_schengen</styleUrl>
      <LineString>
        <altitudeMode>clampToGround</altitudeMode>
        <extrude>1</extrude>
        <tessellate>1</tessellate>
        <coordinates>
          13.287777777777778,52.55972222222222
          2.0783333333,41.2969444444
        </coordinates>
      </LineString>
    </Placemark>
    <Placemark>
      <name>Route EDDH - LEBL (GWI)</name>
      <styleUrl>#ruta_schengen</styleUrl>
      <LineString>
        <altitudeMode>clampToGround</altitudeMode>
        <extrude>1</extrude>
        <tessellate>1</tessellate>
        <coordinates>
          9.988333333333333,53.63027777777778
          2.0783333333,41.2969444444
        </coordinates>
      </LineString>
    </Placemark>
    <Placemark>
      <name>Route LEVC - LEBL (DCA)</name>
      <styleUrl>#ruta_schengen</styleUrl>
      <LineString>
        <altitudeMode>clampToGround</altitudeMode>
        <extrude>1</extrude>
        <tessellate>1</tessellate>
        <coordinates>
          -0.4816666666666667,39.489444444444445
          2.0783333333,41.2969444444
        </coordinates>
      </LineString>
    </Placemark>
    <Placemark>
      <name>Route LKPR - LEBL (CSA)</name>
      <styleUrl>#ruta_schengen</styleUrl>
      <LineString>
        <altitudeMode>clampToGround</altitudeMode>
        <extrude>1</extrude>
        <tessellate>1</tessellate>
        <coordinates>
          14.26,50.100833333333334
          2.0783333333,41.2969444444
        </coordinates>
      </LineString>
    </Placemark>
    <Placemark>
      <name>Route ELLX - LEBL (LGL)</name>
      <styleUrl>#ruta_schengen</styleUrl>
      <LineString>
        <altitudeMode>clampToGround</altitudeMode>
        <extrude>1</extrude>
        <tessellate>1</tessellate>
        <coordinates>
          6.204444444444444,49.623333333333335
          2.0783333333,41.2969444444
        </coordinates>
      </LineString>
    </Placemark>
    <Placemark>
      <name>Route GMMX - LEBL (RYR)</name>
      <styleUrl>#ruta_no_schengen</styleUrl>
      <LineString>
        <altitudeMode>clampToGround</altitudeMode>
        <extrude>1</extrude>
        <tessellate>1</tessellate>
        <coordinates>
          -8.040833333333333,31.608611111111113
          2.0783333333,41.2969444444
        </coordinates>
      </LineString>
    </Placemark>
    <Placemark>
      <name>Route LTBA - LEBL (THY)</name>
      <styleUrl>#ruta_no_schengen</styleUrl>
      <LineString>
        <altitudeMode>clampToGround</altitudeMode>
        <extrude>1</extrude>
        <tessellate>1</tessellate>
        <coordinates>
          28.81416666666667,40.976111111111116
          2.0783333333,41.2969444444
        </coordinates>
      </LineString>
    </Placemark>
    <Placemark>
      <name>Route LEPA - LEBL (RYR)</name>
      <styleUrl>#ruta_schengen</styleUrl>
      <LineString>
        <altitudeMode>clampToGround</altitudeMode>
        <extrude>1</extrude>
        <tessellate>1</tessellate>
        <coordinates>
          2.738888888888889,39.55166666666666
          2.0783333333,41.2969444444
        </coordinates>
      </LineString>
    </Placemark>
    <Placemark>
      <name>Route LFMN - LEBL (EZY)</name>
      <styleUrl>#ruta_schengen</styleUrl>
      <LineString>
        <altitudeMode>clampToGround</altitudeMode>
        <extrude>1</extrude>
        <tessellate>1</tessellate>
        <coordinates>
          7.215,43.665277777777774
          2.0783333333,41.2969444444
        </coordinates>
      </LineString>
    </Placemark>
    <Placemark>
      <name>Route LPPT - LEBL (TAP)</name>
      <styleUrl>#ruta_schengen</styleUrl>
      <LineString>
        <altitudeMode>clampToGround</altitudeMode>
        <extrude>1</extrude>
        <tessellate>1</tessellate>
        <coordinates>
          -9.134166666666665,38.774166666666666
          2.0783333333,41.2969444444
        </coordinates>
      </LineString>
    </Placemark>
    <Placemark>
      <name>Route EYVI - LEBL (RYR)</name>
      <styleUrl>#ruta_schengen</styleUrl>
      <LineString>
        <altitudeMode>clampToGround</altitudeMode>
        <extrude>1</extrude>
        <tessellate>1</tessellate>
        <coordinates>
          25.28777777777778,54.636944444444445
          2.0783333333,41.2969444444
        </coordinates>
      </LineString>
    </Placemark>
    <Placemark>
      <name>Route LTFJ - LEBL (PGT)</name>
      <styleUrl>#ruta_no_schengen</styleUrl>
      <LineString>
        <altitudeMode>clampToGround</altitudeMode>
        <extrude>1</extrude>
        <tessellate>1</tessellate>
        <coordinates>
          29.309166666666666,40.89833333333333
          2.0783333333,41.2969444444
        </coordinates>
      </LineString>
    </Placemark>
    <Placemark>
      <name>Route LEAM - LEBL (VLG)</name>
      <styleUrl>#ruta_schengen</styleUrl>
      <LineString>
        <altitudeMode>clampToGround</altitudeMode>
        <extrude>1</extrude>
        <tessellate>1</tessellate>
        <coordinates>
          -2.37,36.84388888888889
          2.0783333333,41.2969444444
        </coordinates>
      </LineString>
    </Placemark>
    <Placemark>
      <name>Route LEMD - LEBL (IBE)</name>
      <styleUrl>#ruta_schengen</styleUrl>
      <LineString>
        <altitudeMode>clampToGround</altitudeMode>
        <extrude>1</extrude>
        <tessellate>1</tessellate>
        <coordinates>
          -3.560833333333333,40.47222222222222
          2.0783333333,41.2969444444
        </coordinates>
      </LineString>
    </Placemark>
    <Placemark>
      <name>Route LIMC - LEBL (VLG)</name>
      <styleUrl>#ruta_schengen</styleUrl>
      <LineString>
        <altitudeMode>clampToGround</altitudeMode>
        <extrude>1</extrude>
        <tessellate>1</tessellate>
        <coordinates>
          8.723055555555556,45.63
          2.0783333333,41.2969444444
        </coordinates>
      </LineString>
    </Placemark>
    <Placemark>
      <name>Route HECA - LEBL (MSR)</name>
      <styleUrl>#ruta_no_schengen</styleUrl>
      <LineString>
        <altitudeMode>clampToGround</altitudeMode>
        <extrude>1</extrude>
        <tessellate>1</tessellate>
        <coordinates>
          31.413888888888888,30.11138888888889
          2.0783333333,41.2969444444
        </coordinates>
      </LineString>
    </Placemark>
    <Placemark>
      <name>Route LFRN - LEBL (VLG)</name>
      <styleUrl>#ruta_schengen</styleUrl>
      <LineString>
        <altitudeMode>clampToGround</altitudeMode>
        <extrude>1</extrude>
        <tessellate>1</tessellate>
        <coordinates>
          -1.7322222222222223,48.07194444444445
          2.0783333333,41.2969444444
        </coordinates>
      </LineString>
    </Placemark>
    <Placemark>
      <name>Route LSZH - LEBL (SWR)</name>
      <styleUrl>#ruta_schengen</styleUrl>
      <LineString>
        <altitudeMode>clampToGround</altitudeMode>
        <extrude>1</extrude>
        <tessellate>1</tessellate>
        <coordinates>
          8.548055555555555,47.45805555555556
          2.0783333333,41.2969444444
        </coordinates>
      </LineString>
    </Placemark>
    <Placemark>
      <name>Route EGLL - LEBL (BAW)</name>
      <styleUrl>#ruta_no_schengen</styleUrl>
      <LineString>
        <altitudeMode>clampToGround</altitudeMode>
        <extrude>1</extrude>
        <tessellate>1</tessellate>
        <coordinates>
          -0.4613888888888889,51.4775
          2.0783333333,41.2969444444
        </coordinates>
      </LineString>
    </Placemark>
    <Placemark>
      <name>Route GMFF - LEBL (VLG)</name>
      <styleUrl>#ruta_no_schengen</styleUrl>
      <LineString>
        <altitudeMode>clampToGround</altitudeMode>
        <extrude>1</extrude>
        <tessellate>1</tessellate>
        <coordinates>
          -4.977777777777778,33.92722222222222
          2.0783333333,41.2969444444
        </coordinates>
      </LineString>
    </Placemark>
    <Placemark>
      <name>Route ETNL - LEBL (LAV)</name>
      <styleUrl>#ruta_no_schengen</styleUrl>
      <LineString>
        <altitudeMode>clampToGround</altitudeMode>
        <extrude>1</extrude>
        <tessellate>1</tessellate>
        <coordinates>
          12.278333333333334,53.91916666666666
          2.0783333333,41.2969444444
        </coordinates>
      </LineString>
    </Placemark>
    <Placemark>
      <name>Route EDDM - LEBL (DLH)</name>
      <styleUrl>#ruta_schengen</styleUrl>
      <LineString>
        <altitudeMode>clampToGround</altitudeMode>
        <extrude>1</extrude>
        <tessellate>1</tessellate>
        <coordinates>
          11.786111111111111,48.35388888888889
          2.0783333333,41.2969444444
        </coordinates>
      </LineString>
    </Placemark>
    <Placemark>
      <name>Route EHAM - LEBL (VLG)</name>
      <styleUrl>#ruta_schengen</styleUrl>
      <LineString>
        <altitudeMode>clampToGround</altitudeMode>
        <extrude>1</extrude>
        <tessellate>1</tessellate>
        <coordinates>
          4.764166666666667,52.308055555555555
          2.0783333333,41.2969444444
        </coordinates>
      </LineString>
    </Placemark>
    <Placemark>
      <name>Route LIMF - LEBL (VLG)</name>
      <styleUrl>#ruta_schengen</styleUrl>
      <LineString>
        <altitudeMode>clampToGround</altitudeMode>
        <extrude>1</extrude>
        <tessellate>1</tessellate>
        <coordinates>
          7.649444444444444,45.2025
          2.0783333333,41.2969444444
        </coordinates>
      </LineString>
    </Placemark>
    <Placemark>
      <name>Route EGKK - LEBL (EZY)</name>
      <styleUrl>#ruta_no_schengen</styleUrl>
      <LineString>
        <altitudeMode>clampToGround</altitudeMode>
        <extrude>1</extrude>
        <tessellate>1</tessellate>
        <coordinates>
          -0.19027777777777777,51.14805555555556
          2.0783333333,41.2969444444
        </coordinates>
      </LineString>
    </Placemark>
    <Placemark>
      <name>Route EDDB - LEBL (IBK)</name>
      <styleUrl>#ruta_schengen</styleUrl>
      <LineString>
        <altitudeMode>clampToGround</altitudeMode>
        <extrude>1</extrude>
        <tessellate>1</tessellate>
        <coordinates>
          13.500555555555556,52.36222222222222
          2.0783333333,41.2969444444
        </coordinates>
      </LineString>
    </Placemark>
    <Placemark>
      <name>Route EHAM - LEBL (TRA)</name>
      <styleUrl>#ruta_schengen</styleUrl>
      <LineString>
        <altitudeMode>clampToGround</altitudeMode>
        <extrude>1</extrude>
        <tessellate>1</tessellate>
        <coordinates>
          4.764166666666667,52.308055555555555
          2.0783333333,41.2969444444
        </coordinates>
      </LineString>
    </Placemark>
    <Placemark>
      <name>Route LEPA - LEBL (AEA)</name>
      <styleUrl>#ruta_schengen</styleUrl>
      <LineString>
        <altitudeMode>clampToGround</altitudeMode>
        <extrude>1</extrude>
        <tessellate>1</tessellate>
        <coordinates>
          2.738888888888889,39.55166666666666
          2.0783333333,41.2969444444
        </coordinates>
      </LineString>
    </Placemark>
    <Placemark>
      <name>Route LEMG - LEBL (VLG)</name>
      <styleUrl>#ruta_schengen</styleUrl>
      <LineString>
        <altitudeMode>clampToGround</altitudeMode>
        <extrude>1</extrude>
        <tessellate>1</tessellate>
        <coordinates>
          -4.4991666666666665,36.675
          2.0783333333,41.2969444444
        </coordinates>
      </LineString>
    </Placemark>
    <Placemark>
      <name>Route LEBB - LEBL (VLG)</name>
      <styleUrl>#ruta_schengen</styleUrl>
      <LineString>
        <altitudeMode>clampToGround</altitudeMode>
        <extrude>1</extrude>
        <tessellate>1</tessellate>
        <coordinates>
          -2.9105555555555553,43.301111111111105
          2.0783333333,41.2969444444
        </coordinates>
      </LineString>
    </Placemark>
    <Placemark>
      <name>Route EBBR - LEBL (BEL)</name>
      <styleUrl>#ruta_schengen</styleUrl>
      <LineString>
        <altitudeMode>clampToGround</altitudeMode>
        <extrude>1</extrude>
        <tessellate>1</tessellate>
        <coordinates>
          4.484444444444445,50.90138888888889
          2.0783333333,41.2969444444
        </coordinates>
      </LineString>
    </Placemark>
    <Placemark>
      <name>Route EGKK - LEBL (BAW)</name>
      <styleUrl>#ruta_no_schengen</styleUrl>
      <LineString>
        <altitudeMode>clampToGround</altitudeMode>
        <extrude>1</extrude>
        <tessellate>1</tessellate>
        <coordinates>
          -0.19027777777777777,51.14805555555556
          2.0783333333,41.2969444444
        </coordinates>
      </LineString>
    </Placemark>
    <Placemark>
      <name>Route EDDF - LEBL (DLH)</name>
      <styleUrl>#ruta_schengen</styleUrl>
      <LineString>
        <altitudeMode>clampToGround</altitudeMode>
        <extrude>1</extrude>
        <tessellate>1</tessellate>
        <coordinates>
          8.570555555555556,50.03333333333333
          2.0783333333,41.2969444444
        </coordinates>
      </LineString>
    </Placemark>
    <Placemark>
      <name>Route SKBO - LEBL (AVA)</name>
      <styleUrl>#ruta_no_schengen</styleUrl>
      <LineString>
        <altitudeMode>clampToGround</altitudeMode>
        <extrude>1</extrude>
        <tessellate>1</tessellate>
        <coordinates>
          -74.15,4.7
          2.0783333333,41.2969444444
        </coordinates>
      </LineString>
    </Placemark>
    <Placemark>
      <name>Route EGLL - LEBL (ROJ)</name>
      <styleUrl>#ruta_no_schengen</styleUrl>
      <LineString>
        <altitudeMode>clampToGround</altitudeMode>
        <extrude>1</extrude>
        <tessellate>1</tessellate>
        <coordinates>
          -0.4613888888888889,51.4775
          2.0783333333,41.2969444444
        </coordinates>
      </LineString>
    </Placemark>
    <Placemark>
      <name>Route LIRF - LEBL (RYR)</name>
      <styleUrl>#ruta_schengen</styleUrl>
      <LineString>
        <altitudeMode>clampToGround</altitudeMode>
        <extrude>1</extrude>
        <tessellate>1</tessellate>
        <coordinates>
          12.238888888888889,41.80027777777777
          2.0783333333,41.2969444444
        </coordinates>
      </LineString>
    </Placemark>
    <Placemark>
      <name>Route LEMD - LEBL (IBE)</name>
      <styleUrl>#ruta_schengen</styleUrl>
      <LineString>
        <altitudeMode>clampToGround</altitudeMode>
        <extrude>1</extrude>
        <tessellate>1</tessellate>
        <coordinates>
          -3.560833333333333,40.47222222222222
          2.0783333333,41.2969444444
        </coordinates>
      </LineString>
    </Placemark>
    <Placemark>
      <name>Route LYTV - LEBL (EXU)</name>
      <styleUrl>#ruta_no_schengen</styleUrl>
      <LineString>
        <altitudeMode>clampToGround</altitudeMode>
        <extrude>1</extrude>
        <tessellate>1</tessellate>
        <coordinates>
          18.723333333333333,42.40472222222222
          2.0783333333,41.2969444444
        </coordinates>
      </LineString>
    </Placemark>
    <Placemark>
      <name>Route LIMF - LEBL (RYR)</name>
      <styleUrl>#ruta_schengen</styleUrl>
      <LineString>
        <altitudeMode>clampToGround</altitudeMode>
        <extrude>1</extrude>
        <tessellate>1</tessellate>
        <coordinates>
          7.649444444444444,45.2025
          2.0783333333,41.2969444444
        </coordinates>
      </LineString>
    </Placemark>
    <Placemark>
      <name>Route LFPO - LEBL (VLG)</name>
      <styleUrl>#ruta_schengen</styleUrl>
      <LineString>
        <altitudeMode>clampToGround</altitudeMode>
        <extrude>1</extrude>
        <tessellate>1</tessellate>
        <coordinates>
          2.3794444444444447,48.723333333333336
          2.0783333333,41.2969444444
        </coordinates>
      </LineString>
    </Placemark>
    <Placemark>
      <name>Route LEMG - LEBL (RYR)</name>
      <styleUrl>#ruta_schengen</styleUrl>
      <LineString>
        <altitudeMode>clampToGround</altitudeMode>
        <extrude>1</extrude>
        <tessellate>1</tessellate>
        <coordinates>
          -4.4991666666666665,36.675
          2.0783333333,41.2969444444
        </coordinates>
      </LineString>
    </Placemark>
    <Placemark>
      <name>Route LIPH - LEBL (RYR)</name>
      <styleUrl>#ruta_schengen</styleUrl>
      <LineString>
        <altitudeMode>clampToGround</altitudeMode>
        <extrude>1</extrude>
        <tessellate>1</tessellate>
        <coordinates>
          12.197777777777778,45.65083333333333
          2.0783333333,41.2969444444
        </coordinates>
      </LineString>
    </Placemark>
    <Placemark>
      <name>Route LFSB - LEBL (VLG)</name>
      <styleUrl>#ruta_schengen</styleUrl>
      <LineString>
        <altitudeMode>clampToGround</altitudeMode>
        <extrude>1</extrude>
        <tessellate>1</tessellate>
        <coordinates>
          7.529166666666667,47.59
          2.0783333333,41.2969444444
        </coordinates>
      </LineString>
    </Placemark>
    <Placemark>
      <name>Route LEMH - LEBL (VLG)</name>
      <styleUrl>#ruta_schengen</styleUrl>
      <LineString>
        <altitudeMode>clampToGround</altitudeMode>
        <extrude>1</extrude>
        <tessellate>1</tessellate>
        <coordinates>
          4.2186111111111115,39.862500000000004
          2.0783333333,41.2969444444
        </coordinates>
      </LineString>
    </Placemark>
    <Placemark>
      <name>Route ENBR - LEBL (IBK)</name>
      <styleUrl>#ruta_schengen</styleUrl>
      <LineString>
        <altitudeMode>clampToGround</altitudeMode>
        <extrude>1</extrude>
        <tessellate>1</tessellate>
        <coordinates>
          5.218055555555556,60.29361111111111
          2.0783333333,41.2969444444
        </coordinates>
      </LineString>
    </Placemark>
    <Placemark>
      <name>Route LEMH - LEBL (AEA)</name>
      <styleUrl>#ruta_schengen</styleUrl>
      <LineString>
        <altitudeMode>clampToGround</altitudeMode>
        <extrude>1</extrude>
        <tessellate>1</tessellate>
        <coordinates>
          4.2186111111111115,39.862500000000004
          2.0783333333,41.2969444444
        </coordinates>
      </LineString>
    </Placemark>
    <Placemark>
      <name>Route LSZG - LEBL (HBV)</name>
      <styleUrl>#ruta_schengen</styleUrl>
      <LineString>
        <altitudeMode>clampToGround</altitudeMode>
        <extrude>1</extrude>
        <tessellate>1</tessellate>
        <coordinates>
          7.416388888888889,47.18138888888889
          2.0783333333,41.2969444444
        </coordinates>
      </LineString>
    </Placemark>
    <Placemark>
      <name>Route EPWA - LEBL (VLG)</name>
      <styleUrl>#ruta_schengen</styleUrl>
      <LineString>
        <altitudeMode>clampToGround</altitudeMode>
        <extrude>1</extrude>
        <tessellate>1</tessellate>
        <coordinates>
          20.96722222222222,52.16583333333333
          2.0783333333,41.2969444444
        </coordinates>
      </LineString>
    </Placemark>
    <Placemark>
      <name>Route EGSS - LEBL (RYR)</name>
      <styleUrl>#ruta_no_schengen</styleUrl>
      <LineString>
        <altitudeMode>clampToGround</altitudeMode>
        <extrude>1</extrude>
        <tessellate>1</tessellate>
        <coordinates>
          0.23500000000000001,51.885
          2.0783333333,41.2969444444
        </coordinates>
      </LineString>
    </Placemark>
    <Placemark>
      <name>Route ESSA - LEBL (IBK)</name>
      <styleUrl>#ruta_schengen</styleUrl>
      <LineString>
        <altitudeMode>clampToGround</altitudeMode>
        <extrude>1</extrude>
        <tessellate>1</tessellate>
        <coordinates>
          17.91861111111111,59.651944444444446
          2.0783333333,41.2969444444
        </coordinates>
      </LineString>
    </Placemark>
    <Placemark>
      <name>Route EDDF - LEBL (DLH)</name>
      <styleUrl>#ruta_schengen</styleUrl>
      <LineString>
        <altitudeMode>clampToGround</altitudeMode>
        <extrude>1</extrude>
        <tessellate>1</tessellate>
        <coordinates>
          8.570555555555556,50.03333333333333
          2.0783333333,41.2969444444
        </coordinates>
      </LineString>
    </Placemark>
    <Placemark>
      <name>Route LPPT - LEBL (TAP)</name>
      <styleUrl>#ruta_schengen</styleUrl>
      <LineString>
        <altitudeMode>clampToGround</altitudeMode>
        <extrude>1</extrude>
        <tessellate>1</tessellate>
        <coordinates>
          -9.134166666666665,38.774166666666666
          2.0783333333,41.2969444444
        </coordinates>
      </LineString>
    </Placemark>
    <Placemark>
      <name>Route LIME - LEBL (RYR)</name>
      <styleUrl>#ruta_schengen</styleUrl>
      <LineString>
        <altitudeMode>clampToGround</altitudeMode>
        <extrude>1</extrude>
        <tessellate>1</tessellate>
        <coordinates>
          9.700277777777776,45.66888888888889
          2.0783333333,41.2969444444
        </coordinates>
      </LineString>
    </Placemark>
    <Placemark>
      <name>Route GCXO - LEBL (IBK)</name>
      <styleUrl>#ruta_no_schengen</styleUrl>
      <LineString>
        <altitudeMode>clampToGround</altitudeMode>
        <extrude>1</extrude>
        <tessellate>1</tessellate>
        <coordinates>
          -16.341666666666665,28.482777777777777
          2.0783333333,41.2969444444
        </coordinates>
      </LineString>
    </Placemark>
    <Placemark>
      <name>Route LEIB - LEBL (EXU)</name>
      <styleUrl>#ruta_schengen</styleUrl>
      <LineString>
        <altitudeMode>clampToGround</altitudeMode>
        <extrude>1</extrude>
        <tessellate>1</tessellate>
        <coordinates>
          1.3730555555555557,38.87277777777778
          2.0783333333,41.2969444444
        </coordinates>
      </LineString>
    </Placemark>
    <Placemark>
      <name>Route EBBR - LEBL (RYR)</name>
      <styleUrl>#ruta_schengen</styleUrl>
      <LineString>
        <altitudeMode>clampToGround</altitudeMode>
        <extrude>1</extrude>
        <tessellate>1</tessellate>
        <coordinates>
          4.484444444444445,50.90138888888889
          2.0783333333,41.2969444444
        </coordinates>
      </LineString>
    </Placemark>
    <Placemark>
      <name>Route SAEZ - LEBL (ARG)</name>
      <styleUrl>#ruta_no_schengen</styleUrl>
      <LineString>
        <altitudeMode>clampToGround</altitudeMode>
        <extrude>1</extrude>
        <tessellate>1</tessellate>
        <coordinates>
          -58.53583333333333,-34.82222222222222
          2.0783333333,41.2969444444
        </coordinates>
      </LineString>
    </Placemark>
    <Placemark>
      <name>Route EHAM - LEBL (KLM)</name>
      <styleUrl>#ruta_schengen</styleUrl>
      <LineString>
        <altitudeMode>clampToGround</altitudeMode>
        <extrude>1</extrude>
        <tessellate>1</tessellate>
        <coordinates>
          4.764166666666667,52.308055555555555
          2.0783333333,41.2969444444
        </coordinates>
      </LineString>
    </Placemark>
    <Placemark>
      <name>Route LEST - LEBL (VLG)</name>
      <styleUrl>#ruta_schengen</styleUrl>
      <LineString>
        <altitudeMode>clampToGround</altitudeMode>
        <extrude>1</extrude>
        <tessellate>1</tessellate>
        <coordinates>
          -8.415277777777778,42.896388888888886
          2.0783333333,41.2969444444
        </coordinates>
      </LineString>
    </Placemark>
    <Placemark>
      <name>Route LEBZ - LEBL (ANE)</name>
      <styleUrl>#ruta_schengen</styleUrl>
      <LineString>
        <altitudeMode>clampToGround</altitudeMode>
        <extrude>1</extrude>
        <tessellate>1</tessellate>
        <coordinates>
          -6.8213888888888885,38.89138888888889
          2.0783333333,41.2969444444
        </coordinates>
      </LineString>
    </Placemark>
    <Placemark>
      <name>Route UUEE - LEBL (AFL)</name>
      <styleUrl>#ruta_no_schengen</styleUrl>
      <LineString>
        <altitudeMode>clampToGround</altitudeMode>
        <extrude>1</extrude>
        <tessellate>1</tessellate>
        <coordinates>
          37.41305555555555,55.972500000000004
          2.0783333333,41.2969444444
        </coordinates>
      </LineString>
    </Placemark>
    <Placemark>
      <name>Route SBGR - LEBL (TAM)</name>
      <styleUrl>#ruta_no_schengen</styleUrl>
      <LineString>
        <altitudeMode>clampToGround</altitudeMode>
        <extrude>1</extrude>
        <tessellate>1</tessellate>
        <coordinates>
          -46.47,-23.433333333333334
          2.0783333333,41.2969444444
        </coordinates>
      </LineString>
    </Placemark>
    <Placemark>
      <name>Route LSGG - LEBL (EZS)</name>
      <styleUrl>#ruta_schengen</styleUrl>
      <LineString>
        <altitudeMode>clampToGround</altitudeMode>
        <extrude>1</extrude>
        <tessellate>1</tessellate>
        <coordinates>
          6.109444444444444,46.23833333333334
          2.0783333333,41.2969444444
        </coordinates>
      </LineString>
    </Placemark>
    <Placemark>
      <name>Route LEMD - LEBL (AEA)</name>
      <styleUrl>#ruta_schengen</styleUrl>
      <LineString>
        <altitudeMode>clampToGround</altitudeMode>
        <extrude>1</extrude>
        <tessellate>1</tessellate>
        <coordinates>
          -3.560833333333333,40.47222222222222
          2.0783333333,41.2969444444
        </coordinates>
      </LineString>
    </Placemark>
    <Placemark>
      <name>Route LEPA - LEBL (IBK)</name>
      <styleUrl>#ruta_schengen</styleUrl>
      <LineString>
        <altitudeMode>clampToGround</altitudeMode>
        <extrude>1</extrude>
        <tessellate>1</tessellate>
        <coordinates>
          2.738888888888889,39.55166666666666
          2.0783333333,41.2969444444
        </coordinates>
      </LineString>
    </Placemark>
    <Placemark>
      <name>Route LFSB - LEBL (EZS)</name>
      <styleUrl>#ruta_schengen</styleUrl>
      <LineString>
        <altitudeMode>clampToGround</altitudeMode>
        <extrude>1</extrude>
        <tessellate>1</tessellate>
        <coordinates>
          7.529166666666667,47.59
          2.0783333333,41.2969444444
        </coordinates>
      </LineString>
    </Placemark>
    <Placemark>
      <name>Route GMMN - LEBL (MAC)</name>
      <styleUrl>#ruta_no_schengen</styleUrl>
      <LineString>
        <altitudeMode>clampToGround</altitudeMode>
        <extrude>1</extrude>
        <tessellate>1</tessellate>
        <coordinates>
          -7.581666666666666,33.36416666666667
          2.0783333333,41.2969444444
        </coordinates>
      </LineString>
    </Placemark>
    <Placemark>
      <name>Route LEPA - LEBL (VLG)</name>
      <styleUrl>#ruta_schengen</styleUrl>
      <LineString>
        <altitudeMode>clampToGround</altitudeMode>
        <extrude>1</extrude>
        <tessellate>1</tessellate>
        <coordinates>
          2.738888888888889,39.55166666666666
          2.0783333333,41.2969444444
        </coordinates>
      </LineString>
    </Placemark>
    <Placemark>
      <name>Route LEMD - LEBL (IBE)</name>
      <styleUrl>#ruta_schengen</styleUrl>
      <LineString>
        <altitudeMode>clampToGround</altitudeMode>
        <extrude>1</extrude>
        <tessellate>1</tessellate>
        <coordinates>
          -3.560833333333333,40.47222222222222
          2.0783333333,41.2969444444
        </coordinates>
      </LineString>
    </Placemark>
    <Placemark>
      <name>Route ELLX - LEBL (VLG)</name>
      <styleUrl>#ruta_schengen</styleUrl>
      <LineString>
        <altitudeMode>clampToGround</altitudeMode>
        <extrude>1</extrude>
        <tessellate>1</tessellate>
        <coordinates>
          6.204444444444444,49.623333333333335
          2.0783333333,41.2969444444
        </coordinates>
      </LineString>
    </Placemark>
    <Placemark>
      <name>Route LEBB - LEBL (VLG)</name>
      <styleUrl>#ruta_schengen</styleUrl>
      <LineString>
        <altitudeMode>clampToGround</altitudeMode>
        <extrude>1</extrude>
        <tessellate>1</tessellate>
        <coordinates>
          -2.9105555555555553,43.301111111111105
          2.0783333333,41.2969444444
        </coordinates>
      </LineString>
    </Placemark>
    <Placemark>
      <name>Route LEJR - LEBL (VLG)</name>
      <styleUrl>#ruta_schengen</styleUrl>
      <LineString>
        <altitudeMode>clampToGround</altitudeMode>
        <extrude>1</extrude>
        <tessellate>1</tessellate>
        <coordinates>
          -6.06,36.74472222222222
          2.0783333333,41.2969444444
        </coordinates>
      </LineString>
    </Placemark>
    <Placemark>
      <name>Route EFHK - LEBL (IBK)</name>
      <styleUrl>#ruta_schengen</styleUrl>
      <LineString>
        <altitudeMode>clampToGround</altitudeMode>
        <extrude>1</extrude>
        <tessellate>1</tessellate>
        <coordinates>
          24.96333333333333,60.31722222222223
          2.0783333333,41.2969444444
        </coordinates>
      </LineString>
    </Placemark>
    <Placemark>
      <name>Route EDDN - LEBL (VLG)</name>
      <styleUrl>#ruta_schengen</styleUrl>
      <LineString>
        <altitudeMode>clampToGround</altitudeMode>
        <extrude>1</extrude>
        <tessellate>1</tessellate>
        <coordinates>
          11.078055555555554,49.49861111111111
          2.0783333333,41.2969444444
        </coordinates>
      </LineString>
    </Placemark>
    <Placemark>
      <name>Route EHEH - LEBL (VLG)</name>
      <styleUrl>#ruta_schengen</styleUrl>
      <LineString>
        <altitudeMode>clampToGround</altitudeMode>
        <extrude>1</extrude>
        <tessellate>1</tessellate>
        <coordinates>
          5.374444444444444,51.45
          2.0783333333,41.2969444444
        </coordinates>
      </LineString>
    </Placemark>
    <Placemark>
      <name>Route EDDS - LEBL (VLG)</name>
      <styleUrl>#ruta_schengen</styleUrl>
      <LineString>
        <altitudeMode>clampToGround</altitudeMode>
        <extrude>1</extrude>
        <tessellate>1</tessellate>
        <coordinates>
          9.221944444444444,48.69
          2.0783333333,41.2969444444
        </coordinates>
      </LineString>
    </Placemark>
    <Placemark>
      <name>Route LTBA - LEBL (THY)</name>
      <styleUrl>#ruta_no_schengen</styleUrl>
      <LineString>
        <altitudeMode>clampToGround</altitudeMode>
        <extrude>1</extrude>
        <tessellate>1</tessellate>
        <coordinates>
          28.81416666666667,40.976111111111116
          2.0783333333,41.2969444444
        </coordinates>
      </LineString>
    </Placemark>
    <Placemark>
      <name>Route LTFJ - LEBL (PGT)</name>
      <styleUrl>#ruta_no_schengen</styleUrl>
      <LineString>
        <altitudeMode>clampToGround</altitudeMode>
        <extrude>1</extrude>
        <tessellate>1</tessellate>
        <coordinates>
          29.309166666666666,40.89833333333333
          2.0783333333,41.2969444444
        </coordinates>
      </LineString>
    </Placemark>
    <Placemark>
      <name>Route EGNT - LEBL (VLG)</name>
      <styleUrl>#ruta_no_schengen</styleUrl>
      <LineString>
        <altitudeMode>clampToGround</altitudeMode>
        <extrude>1</extrude>
        <tessellate>1</tessellate>
        <coordinates>
          -1.6897222222222223,55.03805555555555
          2.0783333333,41.2969444444
        </coordinates>
      </LineString>
    </Placemark>
    <Placemark>
      <name>Route LIRF - LEBL (AZA)</name>
      <styleUrl>#ruta_schengen</styleUrl>
      <LineString>
        <altitudeMode>clampToGround</altitudeMode>
        <extrude>1</extrude>
        <tessellate>1</tessellate>
        <coordinates>
          12.238888888888889,41.80027777777777
          2.0783333333,41.2969444444
        </coordinates>
      </LineString>
    </Placemark>
    <Placemark>
      <name>Route UUDD - LEBL (KTK)</name>
      <styleUrl>#ruta_no_schengen</styleUrl>
      <LineString>
        <altitudeMode>clampToGround</altitudeMode>
        <extrude>1</extrude>
        <tessellate>1</tessellate>
        <coordinates>
          37.906388888888884,55.40861111111111
          2.0783333333,41.2969444444
        </coordinates>
      </LineString>
    </Placemark>
    <Placemark>
      <name>Route LEZL - LEBL (VLG)</name>
      <styleUrl>#ruta_schengen</styleUrl>
      <LineString>
        <altitudeMode>clampToGround</altitudeMode>
        <extrude>1</extrude>
        <tessellate>1</tessellate>
        <coordinates>
          -5.898888888888888,37.418055555555554
          2.0783333333,41.2969444444
        </coordinates>
      </LineString>
    </Placemark>
    <Placemark>
      <name>Route GCFV - LEBL (VLG)</name>
      <styleUrl>#ruta_no_schengen</styleUrl>
      <LineString>
        <altitudeMode>clampToGround</altitudeMode>
        <extrude>1</extrude>
        <tessellate>1</tessellate>
        <coordinates>
          -13.863888888888889,28.452777777777776
          2.0783333333,41.2969444444
        </coordinates>
      </LineString>
    </Placemark>
    <Placemark>
      <name>Route ENGM - LEBL (SAS)</name>
      <styleUrl>#ruta_schengen</styleUrl>
      <LineString>
        <altitudeMode>clampToGround</altitudeMode>
        <extrude>1</extrude>
        <tessellate>1</tessellate>
        <coordinates>
          11.08388888888889,60.20277777777778
          2.0783333333,41.2969444444
        </coordinates>
      </LineString>
    </Placemark>
    <Placemark>
      <name>Route LFPG - LEBL (VLG)</name>
      <styleUrl>#ruta_schengen</styleUrl>
      <LineString>
        <altitudeMode>clampToGround</altitudeMode>
        <extrude>1</extrude>
        <tessellate>1</tessellate>
        <coordinates>
          2.5477777777777777,49.00972222222222
          2.0783333333,41.2969444444
        </coordinates>
      </LineString>
    </Placemark>
    <Placemark>
      <name>Route LEGR - LEBL (VLG)</name>
      <styleUrl>#ruta_schengen</styleUrl>
      <LineString>
        <altitudeMode>clampToGround</altitudeMode>
        <extrude>1</extrude>
        <tessellate>1</tessellate>
        <coordinates>
          -3.777222222222222,37.18861111111111
          2.0783333333,41.2969444444
        </coordinates>
      </LineString>
    </Placemark>
    <Placemark>
      <name>Route LFPO - LEBL (VLG)</name>
      <styleUrl>#ruta_schengen</styleUrl>
      <LineString>
        <altitudeMode>clampToGround</altitudeMode>
        <extrude>1</extrude>
        <tessellate>1</tessellate>
        <coordinates>
          2.3794444444444447,48.723333333333336
          2.0783333333,41.2969444444
        </coordinates>
      </LineString>
    </Placemark>
    <Placemark>
      <name>Route LEMH - LEBL (VLG)</name>
      <styleUrl>#ruta_schengen</styleUrl>
      <LineString>
        <altitudeMode>clampToGround</altitudeMode>
        <extrude>1</extrude>
        <tessellate>1</tessellate>
        <coordinates>
          4.2186111111111115,39.862500000000004
          2.0783333333,41.2969444444
        </coordinates>
      </LineString>
    </Placemark>
    <Placemark>
      <name>Route LDDU - LEBL (ZZZ)</name>
      <styleUrl>#ruta_no_schengen</styleUrl>
      <LineString>
        <altitudeMode>clampToGround</altitudeMode>
        <extrude>1</extrude>
        <tessellate>1</tessellate>
        <coordinates>
          18.26833333333333,42.561388888888885
          2.0783333333,41.2969444444
        </coordinates>
      </LineString>
    </Placemark>
    <Placemark>
      <name>Route LFPG - LEBL (AFR)</name>
      <styleUrl>#ruta_schengen</styleUrl>
      <LineString>
        <altitudeMode>clampToGround</altitudeMode>
        <extrude>1</extrude>
        <tessellate>1</tessellate>
        <coordinates>
          2.5477777777777777,49.00972222222222
          2.0783333333,41.2969444444
        </coordinates>
      </LineString>
    </Placemark>
    <Placemark>
      <name>Route EGGP - LEBL (VLG)</name>
      <styleUrl>#ruta_no_schengen</styleUrl>
      <LineString>
        <altitudeMode>clampToGround</altitudeMode>
        <extrude>1</extrude>
        <tessellate>1</tessellate>
        <coordinates>
          -2.8497222222222223,53.33361111111111
          2.0783333333,41.2969444444
        </coordinates>
      </LineString>
    </Placemark>
    <Placemark>
      <name>Route LEAL - LEBL (VLG)</name>
      <styleUrl>#ruta_schengen</styleUrl>
      <LineString>
        <altitudeMode>clampToGround</altitudeMode>
        <extrude>1</extrude>
        <tessellate>1</tessellate>
        <coordinates>
          -0.5580555555555556,38.282222222222224
          2.0783333333,41.2969444444
        </coordinates>
      </LineString>
    </Placemark>
    <Placemark>
      <name>Route EDDN - LEBL (DIE)</name>
      <styleUrl>#ruta_schengen</styleUrl>
      <LineString>
        <altitudeMode>clampToGround</altitudeMode>
        <extrude>1</extrude>
        <tessellate>1</tessellate>
        <coordinates>
          11.078055555555554,49.49861111111111
          2.0783333333,41.2969444444
        </coordinates>
      </LineString>
    </Placemark>
    <Placemark>
      <name>Route EDDM - LEBL (DLH)</name>
      <styleUrl>#ruta_schengen</styleUrl>
      <LineString>
        <altitudeMode>clampToGround</altitudeMode>
        <extrude>1</extrude>
        <tessellate>1</tessellate>
        <coordinates>
          11.786111111111111,48.35388888888889
          2.0783333333,41.2969444444
        </coordinates>
      </LineString>
    </Placemark>
    <Placemark>
      <name>Route LEMD - LEBL (IBE)</name>
      <styleUrl>#ruta_schengen</styleUrl>
      <LineString>
        <altitudeMode>clampToGround</altitudeMode>
        <extrude>1</extrude>
        <tessellate>1</tessellate>
        <coordinates>
          -3.560833333333333,40.47222222222222
          2.0783333333,41.2969444444
        </coordinates>
      </LineString>
    </Placemark>
    <Placemark>
      <name>Route LSZH - LEBL (SWR)</name>
      <styleUrl>#ruta_schengen</styleUrl>
      <LineString>
        <altitudeMode>clampToGround</altitudeMode>
        <extrude>1</extrude>
        <tessellate>1</tessellate>
        <coordinates>
          8.548055555555555,47.45805555555556
          2.0783333333,41.2969444444
        </coordinates>
      </LineString>
    </Placemark>
    <Placemark>
      <name>Route EBBR - LEBL (VLG)</name>
      <styleUrl>#ruta_schengen</styleUrl>
      <LineString>
        <altitudeMode>clampToGround</altitudeMode>
        <extrude>1</extrude>
        <tessellate>1</tessellate>
        <coordinates>
          4.484444444444445,50.90138888888889
          2.0783333333,41.2969444444
        </coordinates>
      </LineString>
    </Placemark>
    <Placemark>
      <name>Route LEIB - LEBL (RYR)</name>
      <styleUrl>#ruta_schengen</styleUrl>
      <LineString>
        <altitudeMode>clampToGround</altitudeMode>
        <extrude>1</extrude>
        <tessellate>1</tessellate>
        <coordinates>
          1.3730555555555557,38.87277777777778
          2.0783333333,41.2969444444
        </coordinates>
      </LineString>
    </Placemark>
    <Placemark>
      <name>Route LEBB - LEBL (VLG)</name>
      <styleUrl>#ruta_schengen</styleUrl>
      <LineString>
        <altitudeMode>clampToGround</altitudeMode>
        <extrude>1</extrude>
        <tessellate>1</tessellate>
        <coordinates>
          -2.9105555555555553,43.301111111111105
          2.0783333333,41.2969444444
        </coordinates>
      </LineString>
    </Placemark>
    <Placemark>
      <name>Route EGLL - LEBL (BAW)</name>
      <styleUrl>#ruta_no_schengen</styleUrl>
      <LineString>
        <altitudeMode>clampToGround</altitudeMode>
        <extrude>1</extrude>
        <tessellate>1</tessellate>
        <coordinates>
          -0.4613888888888889,51.4775
          2.0783333333,41.2969444444
        </coordinates>
      </LineString>
    </Placemark>
    <Placemark>
      <name>Route EDDH - LEBL (VLG)</name>
      <styleUrl>#ruta_schengen</styleUrl>
      <LineString>
        <altitudeMode>clampToGround</altitudeMode>
        <extrude>1</extrude>
        <tessellate>1</tessellate>
        <coordinates>
          9.988333333333333,53.63027777777778
          2.0783333333,41.2969444444
        </coordinates>
      </LineString>
    </Placemark>
    <Placemark>
      <name>Route EGGP - LEBL (RYR)</name>
      <styleUrl>#ruta_no_schengen</styleUrl>
      <LineString>
        <altitudeMode>clampToGround</altitudeMode>
        <extrude>1</extrude>
        <tessellate>1</tessellate>
        <coordinates>
          -2.8497222222222223,53.33361111111111
          2.0783333333,41.2969444444
        </coordinates>
      </LineString>
    </Placemark>
    <Placemark>
      <name>Route EDDV - LEBL (VLG)</name>
      <styleUrl>#ruta_schengen</styleUrl>
      <LineString>
        <altitudeMode>clampToGround</altitudeMode>
        <extrude>1</extrude>
        <tessellate>1</tessellate>
        <coordinates>
          9.68361111111111,52.46027777777778
          2.0783333333,41.2969444444
        </coordinates>
      </LineString>
    </Placemark>
    <Placemark>
      <name>Route LEIB - LEBL (VLG)</name>
      <styleUrl>#ruta_schengen</styleUrl>
      <LineString>
        <altitudeMode>clampToGround</altitudeMode>
        <extrude>1</extrude>
        <tessellate>1</tessellate>
        <coordinates>
          1.3730555555555557,38.87277777777778
          2.0783333333,41.2969444444
        </coordinates>
      </LineString>
    </Placemark>
    <Placemark>
      <name>Route LEPA - LEBL (AEA)</name>
      <styleUrl>#ruta_schengen</styleUrl>
      <LineString>
        <altitudeMode>clampToGround</altitudeMode>
        <extrude>1</extrude>
        <tessellate>1</tessellate>
        <coordinates>
          2.738888888888889,39.55166666666666
          2.0783333333,41.2969444444
        </coordinates>
      </LineString>
    </Placemark>
    <Placemark>
      <name>Route GMMN - LEBL (RAM)</name>
      <styleUrl>#ruta_no_schengen</styleUrl>
      <LineString>
        <altitudeMode>clampToGround</altitudeMode>
        <extrude>1</extrude>
        <tessellate>1</tessellate>
        <coordinates>
          -7.581666666666666,33.36416666666667
          2.0783333333,41.2969444444
        </coordinates>
      </LineString>
    </Placemark>
    <Placemark>
      <name>Route EDDF - LEBL (DLH)</name>
      <styleUrl>#ruta_schengen</styleUrl>
      <LineString>
        <altitudeMode>clampToGround</altitudeMode>
        <extrude>1</extrude>
        <tessellate>1</tessellate>
        <coordinates>
          8.570555555555556,50.03333333333333
          2.0783333333,41.2969444444
        </coordinates>
      </LineString>
    </Placemark>
    <Placemark>
      <name>Route LFPG - LEBL (EZY)</name>
      <styleUrl>#ruta_schengen</styleUrl>
      <LineString>
        <altitudeMode>clampToGround</altitudeMode>
        <extrude>1</extrude>
        <tessellate>1</tessellate>
        <coordinates>
          2.5477777777777777,49.00972222222222
          2.0783333333,41.2969444444
        </coordinates>
      </LineString>
    </Placemark>
    <Placemark>
      <name>Route EGKK - LEBL (VLG)</name>
      <styleUrl>#ruta_no_schengen</styleUrl>
      <LineString>
        <altitudeMode>clampToGround</altitudeMode>
        <extrude>1</extrude>
        <tessellate>1</tessellate>
        <coordinates>
          -0.19027777777777777,51.14805555555556
          2.0783333333,41.2969444444
        </coordinates>
      </LineString>
    </Placemark>
    <Placemark>
      <name>Route LFBD - LEBL (VLG)</name>
      <styleUrl>#ruta_schengen</styleUrl>
      <LineString>
        <altitudeMode>clampToGround</altitudeMode>
        <extrude>1</extrude>
        <tessellate>1</tessellate>
        <coordinates>
          -0.7152777777777777,44.828611111111115
          2.0783333333,41.2969444444
        </coordinates>
      </LineString>
    </Placemark>
    <Placemark>
      <name>Route LPPT - LEBL (VLG)</name>
      <styleUrl>#ruta_schengen</styleUrl>
      <LineString>
        <altitudeMode>clampToGround</altitudeMode>
        <extrude>1</extrude>
        <tessellate>1</tessellate>
        <coordinates>
          -9.134166666666665,38.774166666666666
          2.0783333333,41.2969444444
        </coordinates>
      </LineString>
    </Placemark>
    <Placemark>
      <name>Route EGKK - LEBL (EZY)</name>
      <styleUrl>#ruta_no_schengen</styleUrl>
      <LineString>
        <altitudeMode>clampToGround</altitudeMode>
        <extrude>1</extrude>
        <tessellate>1</tessellate>
        <coordinates>
          -0.19027777777777777,51.14805555555556
          2.0783333333,41.2969444444
        </coordinates>
      </LineString>
    </Placemark>
    <Placemark>
      <name>Route LIPZ - LEBL (VLG)</name>
      <styleUrl>#ruta_schengen</styleUrl>
      <LineString>
        <altitudeMode>clampToGround</altitudeMode>
        <extrude>1</extrude>
        <tessellate>1</tessellate>
        <coordinates>
          12.351944444444444,45.50527777777778
          2.0783333333,41.2969444444
        </coordinates>
      </LineString>
    </Placemark>
    <Placemark>
      <name>Route LICJ - LEBL (VLG)</name>
      <styleUrl>#ruta_schengen</styleUrl>
      <LineString>
        <altitudeMode>clampToGround</altitudeMode>
        <extrude>1</extrude>
        <tessellate>1</tessellate>
        <coordinates>
          13.099444444444446,38.18194444444444
          2.0783333333,41.2969444444
        </coordinates>
      </LineString>
    </Placemark>
    <Placemark>
      <name>Route LIBD - LEBL (VLG)</name>
      <styleUrl>#ruta_schengen</styleUrl>
      <LineString>
        <altitudeMode>clampToGround</altitudeMode>
        <extrude>1</extrude>
        <tessellate>1</tessellate>
        <coordinates>
          16.765,41.13805555555555
          2.0783333333,41.2969444444
        </coordinates>
      </LineString>
    </Placemark>
    <Placemark>
      <name>Route LOWW - LEBL (VLG)</name>
      <styleUrl>#ruta_schengen</styleUrl>
      <LineString>
        <altitudeMode>clampToGround</altitudeMode>
        <extrude>1</extrude>
        <tessellate>1</tessellate>
        <coordinates>
          16.56972222222222,48.11027777777778
          2.0783333333,41.2969444444
        </coordinates>
      </LineString>
    </Placemark>
    <Placemark>
      <name>Route LEIB - LEBL (VLG)</name>
      <styleUrl>#ruta_schengen</styleUrl>
      <LineString>
        <altitudeMode>clampToGround</altitudeMode>
        <extrude>1</extrude>
        <tessellate>1</tessellate>
        <coordinates>
          1.3730555555555557,38.87277777777778
          2.0783333333,41.2969444444
        </coordinates>
      </LineString>
    </Placemark>
    <Placemark>
      <name>Route EDDM - LEBL (VLG)</name>
      <styleUrl>#ruta_schengen</styleUrl>
      <LineString>
        <altitudeMode>clampToGround</altitudeMode>
        <extrude>1</extrude>
        <tessellate>1</tessellate>
        <coordinates>
          11.786111111111111,48.35388888888889
          2.0783333333,41.2969444444
        </coordinates>
      </LineString>
    </Placemark>
    <Placemark>
      <name>Route LFPG - LEBL (AFR)</name>
      <styleUrl>#ruta_schengen</styleUrl>
      <LineString>
        <altitudeMode>clampToGround</altitudeMode>
        <extrude>1</extrude>
        <tessellate>1</tessellate>
        <coordinates>
          2.5477777777777777,49.00972222222222
          2.0783333333,41.2969444444
        </coordinates>
      </LineString>
    </Placemark>
    <Placemark>
      <name>Route LIRN - LEBL (VLG)</name>
      <styleUrl>#ruta_schengen</styleUrl>
      <LineString>
        <altitudeMode>clampToGround</altitudeMode>
        <extrude>1</extrude>
        <tessellate>1</tessellate>
        <coordinates>
          14.290833333333333,40.88444444444444
          2.0783333333,41.2969444444
        </coordinates>
      </LineString>
    </Placemark>
    <Placemark>
      <name>Route LFML - LEBL (VLG)</name>
      <styleUrl>#ruta_schengen</styleUrl>
      <LineString>
        <altitudeMode>clampToGround</altitudeMode>
        <extrude>1</extrude>
        <tessellate>1</tessellate>
        <coordinates>
          5.215,43.43666666666666
          2.0783333333,41.2969444444
        </coordinates>
      </LineString>
    </Placemark>
    <Placemark>
      <name>Route GMMX - LEBL (EXU)</name>
      <styleUrl>#ruta_no_schengen</styleUrl>
      <LineString>
        <altitudeMode>clampToGround</altitudeMode>
        <extrude>1</extrude>
        <tessellate>1</tessellate>
        <coordinates>
          -8.040833333333333,31.608611111111113
          2.0783333333,41.2969444444
        </coordinates>
      </LineString>
    </Placemark>
    <Placemark>
      <name>Route LIRF - LEBL (RYR)</name>
      <styleUrl>#ruta_schengen</styleUrl>
      <LineString>
        <altitudeMode>clampToGround</altitudeMode>
        <extrude>1</extrude>
        <tessellate>1</tessellate>
        <coordinates>
          12.238888888888889,41.80027777777777
          2.0783333333,41.2969444444
        </coordinates>
      </LineString>
    </Placemark>
    <Placemark>
      <name>Route LSGG - LEBL (EZY)</name>
      <styleUrl>#ruta_schengen</styleUrl>
      <LineString>
        <altitudeMode>clampToGround</altitudeMode>
        <extrude>1</extrude>
        <tessellate>1</tessellate>
        <coordinates>
          6.109444444444444,46.23833333333334
          2.0783333333,41.2969444444
        </coordinates>
      </LineString>
    </Placemark>
    <Placemark>
      <name>Route LSGG - LEBL (VLG)</name>
      <styleUrl>#ruta_schengen</styleUrl>
      <LineString>
        <altitudeMode>clampToGround</altitudeMode>
        <extrude>1</extrude>
        <tessellate>1</tessellate>
        <coordinates>
          6.109444444444444,46.23833333333334
          2.0783333333,41.2969444444
        </coordinates>
      </LineString>
    </Placemark>
    <Placemark>
      <name>Route LEMD - LEBL (IBE)</name>
      <styleUrl>#ruta_schengen</styleUrl>
      <LineString>
        <altitudeMode>clampToGround</altitudeMode>
        <extrude>1</extrude>
        <tessellate>1</tessellate>
        <coordinates>
          -3.560833333333333,40.47222222222222
          2.0783333333,41.2969444444
        </coordinates>
      </LineString>
    </Placemark>
    <Placemark>
      <name>Route LIRF - LEBL (VLG)</name>
      <styleUrl>#ruta_schengen</styleUrl>
      <LineString>
        <altitudeMode>clampToGround</altitudeMode>
        <extrude>1</extrude>
        <tessellate>1</tessellate>
        <coordinates>
          12.238888888888889,41.80027777777777
          2.0783333333,41.2969444444
        </coordinates>
      </LineString>
    </Placemark>
    <Placemark>
      <name>Route EHAM - LEBL (KLM)</name>
      <styleUrl>#ruta_schengen</styleUrl>
      <LineString>
        <altitudeMode>clampToGround</altitudeMode>
        <extrude>1</extrude>
        <tessellate>1</tessellate>
        <coordinates>
          4.764166666666667,52.308055555555555
          2.0783333333,41.2969444444
        </coordinates>
      </LineString>
    </Placemark>
    <Placemark>
      <name>Route EGFF - LEBL (VLG)</name>
      <styleUrl>#ruta_no_schengen</styleUrl>
      <LineString>
        <altitudeMode>clampToGround</altitudeMode>
        <extrude>1</extrude>
        <tessellate>1</tessellate>
        <coordinates>
          -3.3433333333333333,51.39666666666667
          2.0783333333,41.2969444444
        </coordinates>
      </LineString>
    </Placemark>
    <Placemark>
      <name>Route LEIB - LEBL (VLG)</name>
      <styleUrl>#ruta_schengen</styleUrl>
      <LineString>
        <altitudeMode>clampToGround</altitudeMode>
        <extrude>1</extrude>
        <tessellate>1</tessellate>
        <coordinates>
          1.3730555555555557,38.87277777777778
          2.0783333333,41.2969444444
        </coordinates>
      </LineString>
    </Placemark>
    <Placemark>
      <name>Route LEXJ - LEBL (VLG)</name>
      <styleUrl>#ruta_schengen</styleUrl>
      <LineString>
        <altitudeMode>clampToGround</altitudeMode>
        <extrude>1</extrude>
        <tessellate>1</tessellate>
        <coordinates>
          -3.82,43.426944444444445
          2.0783333333,41.2969444444
        </coordinates>
      </LineString>
    </Placemark>
    <Placemark>
      <name>Route LEVD - LEBL (RYR)</name>
      <styleUrl>#ruta_schengen</styleUrl>
      <LineString>
        <altitudeMode>clampToGround</altitudeMode>
        <extrude>1</extrude>
        <tessellate>1</tessellate>
        <coordinates>
          -4.851944444444444,41.70611111111111
          2.0783333333,41.2969444444
        </coordinates>
      </LineString>
    </Placemark>
    <Placemark>
      <name>Route EDDS - LEBL (GWI)</name>
      <styleUrl>#ruta_schengen</styleUrl>
      <LineString>
        <altitudeMode>clampToGround</altitudeMode>
        <extrude>1</extrude>
        <tessellate>1</tessellate>
        <coordinates>
          9.221944444444444,48.69
          2.0783333333,41.2969444444
        </coordinates>
      </LineString>
    </Placemark>
    <Placemark>
      <name>Route LPPT - LEBL (TAP)</name>
      <styleUrl>#ruta_schengen</styleUrl>
      <LineString>
        <altitudeMode>clampToGround</altitudeMode>
        <extrude>1</extrude>
        <tessellate>1</tessellate>
        <coordinates>
          -9.134166666666665,38.774166666666666
          2.0783333333,41.2969444444
        </coordinates>
      </LineString>
    </Placemark>
    <Placemark>
      <name>Route LEMH - LEBL (RYR)</name>
      <styleUrl>#ruta_schengen</styleUrl>
      <LineString>
        <altitudeMode>clampToGround</altitudeMode>
        <extrude>1</extrude>
        <tessellate>1</tessellate>
        <coordinates>
          4.2186111111111115,39.862500000000004
          2.0783333333,41.2969444444
        </coordinates>
      </LineString>
    </Placemark>
    <Placemark>
      <name>Route EGNM - LEBL (MON)</name>
      <styleUrl>#ruta_no_schengen</styleUrl>
      <LineString>
        <altitudeMode>clampToGround</altitudeMode>
        <extrude>1</extrude>
        <tessellate>1</tessellate>
        <coordinates>
          -1.6608333333333332,53.86611111111111
          2.0783333333,41.2969444444
        </coordinates>
      </LineString>
    </Placemark>
    <Placemark>
      <name>Route GCXO - LEBL (VLG)</name>
      <styleUrl>#ruta_no_schengen</styleUrl>
      <LineString>
        <altitudeMode>clampToGround</altitudeMode>
        <extrude>1</extrude>
        <tessellate>1</tessellate>
        <coordinates>
          -16.341666666666665,28.482777777777777
          2.0783333333,41.2969444444
        </coordinates>
      </LineString>
    </Placemark>
    <Placemark>
      <name>Route EGSS - LEBL (RYR)</name>
      <styleUrl>#ruta_no_schengen</styleUrl>
      <LineString>
        <altitudeMode>clampToGround</altitudeMode>
        <extrude>1</extrude>
        <tessellate>1</tessellate>
        <coordinates>
          0.23500000000000001,51.885
          2.0783333333,41.2969444444
        </coordinates>
      </LineString>
    </Placemark>
    <Placemark>
      <name>Route ESKN - LEBL (RYR)</name>
      <styleUrl>#ruta_schengen</styleUrl>
      <LineString>
        <altitudeMode>clampToGround</altitudeMode>
        <extrude>1</extrude>
        <tessellate>1</tessellate>
        <coordinates>
          16.90361111111111,58.78861111111111
          2.0783333333,41.2969444444
        </coordinates>
      </LineString>
    </Placemark>
    <Placemark>
      <name>Route GCRR - LEBL (VLG)</name>
      <styleUrl>#ruta_no_schengen</styleUrl>
      <LineString>
        <altitudeMode>clampToGround</altitudeMode>
        <extrude>1</extrude>
        <tessellate>1</tessellate>
        <coordinates>
          -13.605277777777777,28.945555555555554
          2.0783333333,41.2969444444
        </coordinates>
      </LineString>
    </Placemark>
    <Placemark>
      <name>Route EDDF - LEBL (DLH)</name>
      <styleUrl>#ruta_schengen</styleUrl>
      <LineString>
        <altitudeMode>clampToGround</altitudeMode>
        <extrude>1</extrude>
        <tessellate>1</tessellate>
        <coordinates>
          8.570555555555556,50.03333333333333
          2.0783333333,41.2969444444
        </coordinates>
      </LineString>
    </Placemark>
    <Placemark>
      <name>Route LRCL - LEBL (WZZ)</name>
      <styleUrl>#ruta_no_schengen</styleUrl>
      <LineString>
        <altitudeMode>clampToGround</altitudeMode>
        <extrude>1</extrude>
        <tessellate>1</tessellate>
        <coordinates>
          23.692222222222224,46.78916666666667
          2.0783333333,41.2969444444
        </coordinates>
      </LineString>
    </Placemark>
    <Placemark>
      <name>Route EVRA - LEBL (WZZ)</name>
      <styleUrl>#ruta_schengen</styleUrl>
      <LineString>
        <altitudeMode>clampToGround</altitudeMode>
        <extrude>1</extrude>
        <tessellate>1</tessellate>
        <coordinates>
          23.97111111111111,56.92361111111111
          2.0783333333,41.2969444444
        </coordinates>
      </LineString>
    </Placemark>
    <Placemark>
      <name>Route LEPA - LEBL (HSY)</name>
      <styleUrl>#ruta_schengen</styleUrl>
      <LineString>
        <altitudeMode>clampToGround</altitudeMode>
        <extrude>1</extrude>
        <tessellate>1</tessellate>
        <coordinates>
          2.738888888888889,39.55166666666666
          2.0783333333,41.2969444444
        </coordinates>
      </LineString>
    </Placemark>
    <Placemark>
      <name>Route ESSA - LEBL (NAX)</name>
      <styleUrl>#ruta_schengen</styleUrl>
      <LineString>
        <altitudeMode>clampToGround</altitudeMode>
        <extrude>1</extrude>
        <tessellate>1</tessellate>
        <coordinates>
          17.91861111111111,59.651944444444446
          2.0783333333,41.2969444444
        </coordinates>
      </LineString>
    </Placemark>
    <Placemark>
      <name>Route EDDL - LEBL (BER)</name>
      <styleUrl>#ruta_schengen</styleUrl>
      <LineString>
        <altitudeMode>clampToGround</altitudeMode>
        <extrude>1</extrude>
        <tessellate>1</tessellate>
        <coordinates>
          6.7572222222222225,51.280833333333334
          2.0783333333,41.2969444444
        </coordinates>
      </LineString>
    </Placemark>
    <Placemark>
      <name>Route EDDB - LEBL (EZY)</name>
      <styleUrl>#ruta_schengen</styleUrl>
      <LineString>
        <altitudeMode>clampToGround</altitudeMode>
        <extrude>1</extrude>
        <tessellate>1</tessellate>
        <coordinates>
          13.500555555555556,52.36222222222222
          2.0783333333,41.2969444444
        </coordinates>
      </LineString>
    </Placemark>
    <Placemark>
      <name>Route EDDT - LEBL (VLG)</name>
      <styleUrl>#ruta_schengen</styleUrl>
      <LineString>
        <altitudeMode>clampToGround</altitudeMode>
        <extrude>1</extrude>
        <tessellate>1</tessellate>
        <coordinates>
          13.287777777777778,52.55972222222222
          2.0783333333,41.2969444444
        </coordinates>
      </LineString>
    </Placemark>
    <Placemark>
      <name>Route EDDK - LEBL (GWI)</name>
      <styleUrl>#ruta_schengen</styleUrl>
      <LineString>
        <altitudeMode>clampToGround</altitudeMode>
        <extrude>1</extrude>
        <tessellate>1</tessellate>
        <coordinates>
          7.142777777777778,50.865833333333335
          2.0783333333,41.2969444444
        </coordinates>
      </LineString>
    </Placemark>
    <Placemark>
      <name>Route EGNM - LEBL (VLG)</name>
      <styleUrl>#ruta_no_schengen</styleUrl>
      <LineString>
        <altitudeMode>clampToGround</altitudeMode>
        <extrude>1</extrude>
        <tessellate>1</tessellate>
        <coordinates>
          -1.6608333333333332,53.86611111111111
          2.0783333333,41.2969444444
        </coordinates>
      </LineString>
    </Placemark>
    <Placemark>
      <name>Route ENGM - LEBL (VLG)</name>
      <styleUrl>#ruta_schengen</styleUrl>
      <LineString>
        <altitudeMode>clampToGround</altitudeMode>
        <extrude>1</extrude>
        <tessellate>1</tessellate>
        <coordinates>
          11.08388888888889,60.20277777777778
          2.0783333333,41.2969444444
        </coordinates>
      </LineString>
    </Placemark>
    <Placemark>
      <name>Route LFPO - LEBL (VLG)</name>
      <styleUrl>#ruta_schengen</styleUrl>
      <LineString>
        <altitudeMode>clampToGround</altitudeMode>
        <extrude>1</extrude>
        <tessellate>1</tessellate>
        <coordinates>
          2.3794444444444447,48.723333333333336
          2.0783333333,41.2969444444
        </coordinates>
      </LineString>
    </Placemark>
    <Placemark>
      <name>Route EDDL - LEBL (EWG)</name>
      <styleUrl>#ruta_schengen</styleUrl>
      <LineString>
        <altitudeMode>clampToGround</altitudeMode>
        <extrude>1</extrude>
        <tessellate>1</tessellate>
        <coordinates>
          6.7572222222222225,51.280833333333334
          2.0783333333,41.2969444444
        </coordinates>
      </LineString>
    </Placemark>
    <Placemark>
      <name>Route GCLP - LEBL (VLG)</name>
      <styleUrl>#ruta_no_schengen</styleUrl>
      <LineString>
        <altitudeMode>clampToGround</altitudeMode>
        <extrude>1</extrude>
        <tessellate>1</tessellate>
        <coordinates>
          -15.386666666666667,27.931944444444447
          2.0783333333,41.2969444444
        </coordinates>
      </LineString>
    </Placemark>
    <Placemark>
      <name>Route GCXO - LEBL (AEA)</name>
      <styleUrl>#ruta_no_schengen</styleUrl>
      <LineString>
        <altitudeMode>clampToGround</altitudeMode>
        <extrude>1</extrude>
        <tessellate>1</tessellate>
        <coordinates>
          -16.341666666666665,28.482777777777777
          2.0783333333,41.2969444444
        </coordinates>
      </LineString>
    </Placemark>
    <Placemark>
      <name>Route LSZH - LEBL (SWR)</name>
      <styleUrl>#ruta_schengen</styleUrl>
      <LineString>
        <altitudeMode>clampToGround</altitudeMode>
        <extrude>1</extrude>
        <tessellate>1</tessellate>
        <coordinates>
          8.548055555555555,47.45805555555556
          2.0783333333,41.2969444444
        </coordinates>
      </LineString>
    </Placemark>
    <Placemark>
      <name>Route LIMC - LEBL (VLG)</name>
      <styleUrl>#ruta_schengen</styleUrl>
      <LineString>
        <altitudeMode>clampToGround</altitudeMode>
        <extrude>1</extrude>
        <tessellate>1</tessellate>
        <coordinates>
          8.723055555555556,45.63
          2.0783333333,41.2969444444
        </coordinates>
      </LineString>
    </Placemark>
    <Placemark>
      <name>Route LFPG - LEBL (AFR)</name>
      <styleUrl>#ruta_schengen</styleUrl>
      <LineString>
        <altitudeMode>clampToGround</altitudeMode>
        <extrude>1</extrude>
        <tessellate>1</tessellate>
        <coordinates>
          2.5477777777777777,49.00972222222222
          2.0783333333,41.2969444444
        </coordinates>
      </LineString>
    </Placemark>
    <Placemark>
      <name>Route EGLL - LEBL (BAW)</name>
      <styleUrl>#ruta_no_schengen</styleUrl>
      <LineString>
        <altitudeMode>clampToGround</altitudeMode>
        <extrude>1</extrude>
        <tessellate>1</tessellate>
        <coordinates>
          -0.4613888888888889,51.4775
          2.0783333333,41.2969444444
        </coordinates>
      </LineString>
    </Placemark>
    <Placemark>
      <name>Route LSZH - LEBL (VLG)</name>
      <styleUrl>#ruta_schengen</styleUrl>
      <LineString>
        <altitudeMode>clampToGround</altitudeMode>
        <extrude>1</extrude>
        <tessellate>1</tessellate>
        <coordinates>
          8.548055555555555,47.45805555555556
          2.0783333333,41.2969444444
        </coordinates>
      </LineString>
    </Placemark>
    <Placemark>
      <name>Route LEPA - LEBL (VLG)</name>
      <styleUrl>#ruta_schengen</styleUrl>
      <LineString>
        <altitudeMode>clampToGround</altitudeMode>
        <extrude>1</extrude>
        <tessellate>1</tessellate>
        <coordinates>
          2.738888888888889,39.55166666666666
          2.0783333333,41.2969444444
        </coordinates>
      </LineString>
    </Placemark>
    <Placemark>
      <name>Route LEMH - LEBL (VLG)</name>
      <styleUrl>#ruta_schengen</styleUrl>
      <LineString>
        <altitudeMode>clampToGround</altitudeMode>
        <extrude>1</extrude>
        <tessellate>1</tessellate>
        <coordinates>
          4.2186111111111115,39.862500000000004
          2.0783333333,41.2969444444
        </coordinates>
      </LineString>
    </Placemark>
    <Placemark>
      <name>Route LIPZ - LEBL (LWG)</name>
      <styleUrl>#ruta_schengen</styleUrl>
      <LineString>
        <altitudeMode>clampToGround</altitudeMode>
        <extrude>1</extrude>
        <tessellate>1</tessellate>
        <coordinates>
          12.351944444444444,45.50527777777778
          2.0783333333,41.2969444444
        </coordinates>
      </LineString>
    </Placemark>
    <Placemark>
      <name>Route LESO - LEBL (VLG)</name>
      <styleUrl>#ruta_schengen</styleUrl>
      <LineString>
        <altitudeMode>clampToGround</altitudeMode>
        <extrude>1</extrude>
        <tessellate>1</tessellate>
        <coordinates>
          -1.7905555555555555,43.35638888888889
          2.0783333333,41.2969444444
        </coordinates>
      </LineString>
    </Placemark>
    <Placemark>
      <name>Route EHRD - LEBL (TRA)</name>
      <styleUrl>#ruta_schengen</styleUrl>
      <LineString>
        <altitudeMode>clampToGround</altitudeMode>
        <extrude>1</extrude>
        <tessellate>1</tessellate>
        <coordinates>
          4.437222222222222,51.956944444444446
          2.0783333333,41.2969444444
        </coordinates>
      </LineString>
    </Placemark>
    <Placemark>
      <name>Route LEMD - LEBL (IBE)</name>
      <styleUrl>#ruta_schengen</styleUrl>
      <LineString>
        <altitudeMode>clampToGround</altitudeMode>
        <extrude>1</extrude>
        <tessellate>1</tessellate>
        <coordinates>
          -3.560833333333333,40.47222222222222
          2.0783333333,41.2969444444
        </coordinates>
      </LineString>
    </Placemark>
    <Placemark>
      <name>Route LEIB - LEBL (VLG)</name>
      <styleUrl>#ruta_schengen</styleUrl>
      <LineString>
        <altitudeMode>clampToGround</altitudeMode>
        <extrude>1</extrude>
        <tessellate>1</tessellate>
        <coordinates>
          1.3730555555555557,38.87277777777778
          2.0783333333,41.2969444444
        </coordinates>
      </LineString>
    </Placemark>
    <Placemark>
      <name>Route LOWW - LEBL (EWG)</name>
      <styleUrl>#ruta_schengen</styleUrl>
      <LineString>
        <altitudeMode>clampToGround</altitudeMode>
        <extrude>1</extrude>
        <tessellate>1</tessellate>
        <coordinates>
          16.56972222222222,48.11027777777778
          2.0783333333,41.2969444444
        </coordinates>
      </LineString>
    </Placemark>
    <Placemark>
      <name>Route LEIB - LEBL (VLG)</name>
      <styleUrl>#ruta_schengen</styleUrl>
      <LineString>
        <altitudeMode>clampToGround</altitudeMode>
        <extrude>1</extrude>
        <tessellate>1</tessellate>
        <coordinates>
          1.3730555555555557,38.87277777777778
          2.0783333333,41.2969444444
        </coordinates>
      </LineString>
    </Placemark>
    <Placemark>
      <name>Route EBBR - LEBL (RYR)</name>
      <styleUrl>#ruta_schengen</styleUrl>
      <LineString>
        <altitudeMode>clampToGround</altitudeMode>
        <extrude>1</extrude>
        <tessellate>1</tessellate>
        <coordinates>
          4.484444444444445,50.90138888888889
          2.0783333333,41.2969444444
        </coordinates>
      </LineString>
    </Placemark>
    <Placemark>
      <name>Route EGKK - LEBL (EZY)</name>
      <styleUrl>#ruta_no_schengen</styleUrl>
      <LineString>
        <altitudeMode>clampToGround</altitudeMode>
        <extrude>1</extrude>
        <tessellate>1</tessellate>
        <coordinates>
          -0.19027777777777777,51.14805555555556
          2.0783333333,41.2969444444
        </coordinates>
      </LineString>
    </Placemark>
    <Placemark>
      <name>Route LIRF - LEBL (RYR)</name>
      <styleUrl>#ruta_schengen</styleUrl>
      <LineString>
        <altitudeMode>clampToGround</altitudeMode>
        <extrude>1</extrude>
        <tessellate>1</tessellate>
        <coordinates>
          12.238888888888889,41.80027777777777
          2.0783333333,41.2969444444
        </coordinates>
      </LineString>
    </Placemark>
    <Placemark>
      <name>Route OTHH - LEBL (QTR)</name>
      <styleUrl>#ruta_no_schengen</styleUrl>
      <LineString>
        <altitudeMode>clampToGround</altitudeMode>
        <extrude>1</extrude>
        <tessellate>1</tessellate>
        <coordinates>
          51.608333333333334,25.274444444444445
          2.0783333333,41.2969444444
        </coordinates>
      </LineString>
    </Placemark>
    <Placemark>
      <name>Route DAAG - LEBL (DAH)</name>
      <styleUrl>#ruta_no_schengen</styleUrl>
      <LineString>
        <altitudeMode>clampToGround</altitudeMode>
        <extrude>1</extrude>
        <tessellate>1</tessellate>
        <coordinates>
          3.2144444444444447,36.693888888888885
          2.0783333333,41.2969444444
        </coordinates>
      </LineString>
    </Placemark>
    <Placemark>
      <name>Route LEVX - LEBL (RYR)</name>
      <styleUrl>#ruta_schengen</styleUrl>
      <LineString>
        <altitudeMode>clampToGround</altitudeMode>
        <extrude>1</extrude>
        <tessellate>1</tessellate>
        <coordinates>
          -8.627500000000001,42.22916666666667
          2.0783333333,41.2969444444
        </coordinates>
      </LineString>
    </Placemark>
    <Placemark>
      <name>Route LSGG - LEBL (EZS)</name>
      <styleUrl>#ruta_schengen</styleUrl>
      <LineString>
        <altitudeMode>clampToGround</altitudeMode>
        <extrude>1</extrude>
        <tessellate>1</tessellate>
        <coordinates>
          6.109444444444444,46.23833333333334
          2.0783333333,41.2969444444
        </coordinates>
      </LineString>
    </Placemark>
    <Placemark>
      <name>Route EPKT - LEBL (WZZ)</name>
      <styleUrl>#ruta_schengen</styleUrl>
      <LineString>
        <altitudeMode>clampToGround</altitudeMode>
        <extrude>1</extrude>
        <tessellate>1</tessellate>
        <coordinates>
          19.08,50.47416666666667
          2.0783333333,41.2969444444
        </coordinates>
      </LineString>
    </Placemark>
    <Placemark>
      <name>Route EGMC - LEBL (EZY)</name>
      <styleUrl>#ruta_no_schengen</styleUrl>
      <LineString>
        <altitudeMode>clampToGround</altitudeMode>
        <extrude>1</extrude>
        <tessellate>1</tessellate>
        <coordinates>
          0.6933333333333334,51.57027777777778
          2.0783333333,41.2969444444
        </coordinates>
      </LineString>
    </Placemark>
    <Placemark>
      <name>Route EFHK - LEBL (FIN)</name>
      <styleUrl>#ruta_schengen</styleUrl>
      <LineString>
        <altitudeMode>clampToGround</altitudeMode>
        <extrude>1</extrude>
        <tessellate>1</tessellate>
        <coordinates>
          24.96333333333333,60.31722222222223
          2.0783333333,41.2969444444
        </coordinates>
      </LineString>
    </Placemark>
    <Placemark>
      <name>Route EGLL - LEBL (BAW)</name>
      <styleUrl>#ruta_no_schengen</styleUrl>
      <LineString>
        <altitudeMode>clampToGround</altitudeMode>
        <extrude>1</extrude>
        <tessellate>1</tessellate>
        <coordinates>
          -0.4613888888888889,51.4775
          2.0783333333,41.2969444444
        </coordinates>
      </LineString>
    </Placemark>
    <Placemark>
      <name>Route LFSB - LEBL (EZS)</name>
      <styleUrl>#ruta_schengen</styleUrl>
      <LineString>
        <altitudeMode>clampToGround</altitudeMode>
        <extrude>1</extrude>
        <tessellate>1</tessellate>
        <coordinates>
          7.529166666666667,47.59
          2.0783333333,41.2969444444
        </coordinates>
      </LineString>
    </Placemark>
    <Placemark>
      <name>Route LEIB - LEBL (VLG)</name>
      <styleUrl>#ruta_schengen</styleUrl>
      <LineString>
        <altitudeMode>clampToGround</altitudeMode>
        <extrude>1</extrude>
        <tessellate>1</tessellate>
        <coordinates>
          1.3730555555555557,38.87277777777778
          2.0783333333,41.2969444444
        </coordinates>
      </LineString>
    </Placemark>
    <Placemark>
      <name>Route OMDB - LEBL (UAE)</name>
      <styleUrl>#ruta_no_schengen</styleUrl>
      <LineString>
        <altitudeMode>clampToGround</altitudeMode>
        <extrude>1</extrude>
        <tessellate>1</tessellate>
        <coordinates>
          55.36,25.249166666666667
          2.0783333333,41.2969444444
        </coordinates>
      </LineString>
    </Placemark>
    <Placemark>
      <name>Route LOWW - LEBL (NLY)</name>
      <styleUrl>#ruta_schengen</styleUrl>
      <LineString>
        <altitudeMode>clampToGround</altitudeMode>
        <extrude>1</extrude>
        <tessellate>1</tessellate>
        <coordinates>
          16.56972222222222,48.11027777777778
          2.0783333333,41.2969444444
        </coordinates>
      </LineString>
    </Placemark>
    <Placemark>
      <name>Route EBBR - LEBL (BEL)</name>
      <styleUrl>#ruta_schengen</styleUrl>
      <LineString>
        <altitudeMode>clampToGround</altitudeMode>
        <extrude>1</extrude>
        <tessellate>1</tessellate>
        <coordinates>
          4.484444444444445,50.90138888888889
          2.0783333333,41.2969444444
        </coordinates>
      </LineString>
    </Placemark>
    <Placemark>
      <name>Route LFLL - LEBL (VLG)</name>
      <styleUrl>#ruta_schengen</styleUrl>
      <LineString>
        <altitudeMode>clampToGround</altitudeMode>
        <extrude>1</extrude>
        <tessellate>1</tessellate>
        <coordinates>
          5.0811111111111105,45.72555555555556
          2.0783333333,41.2969444444
        </coordinates>
      </LineString>
    </Placemark>
    <Placemark>
      <name>Route EIDW - LEBL (RYR)</name>
      <styleUrl>#ruta_no_schengen</styleUrl>
      <LineString>
        <altitudeMode>clampToGround</altitudeMode>
        <extrude>1</extrude>
        <tessellate>1</tessellate>
        <coordinates>
          -6.27,53.421388888888885
          2.0783333333,41.2969444444
        </coordinates>
      </LineString>
    </Placemark>
    <Placemark>
      <name>Route LSGG - LEBL (SWR)</name>
      <styleUrl>#ruta_schengen</styleUrl>
      <LineString>
        <altitudeMode>clampToGround</altitudeMode>
        <extrude>1</extrude>
        <tessellate>1</tessellate>
        <coordinates>
          6.109444444444444,46.23833333333334
          2.0783333333,41.2969444444
        </coordinates>
      </LineString>
    </Placemark>
    <Placemark>
      <name>Route EGNT - LEBL (EZY)</name>
      <styleUrl>#ruta_no_schengen</styleUrl>
      <LineString>
        <altitudeMode>clampToGround</altitudeMode>
        <extrude>1</extrude>
        <tessellate>1</tessellate>
        <coordinates>
          -1.6897222222222223,55.03805555555555
          2.0783333333,41.2969444444
        </coordinates>
      </LineString>
    </Placemark>
    <Placemark>
      <name>Route ESSA - LEBL (VLG)</name>
      <styleUrl>#ruta_schengen</styleUrl>
      <LineString>
        <altitudeMode>clampToGround</altitudeMode>
        <extrude>1</extrude>
        <tessellate>1</tessellate>
        <coordinates>
          17.91861111111111,59.651944444444446
          2.0783333333,41.2969444444
        </coordinates>
      </LineString>
    </Placemark>
    <Placemark>
      <name>Route LEZL - LEBL (RYR)</name>
      <styleUrl>#ruta_schengen</styleUrl>
      <LineString>
        <altitudeMode>clampToGround</altitudeMode>
        <extrude>1</extrude>
        <tessellate>1</tessellate>
        <coordinates>
          -5.898888888888888,37.418055555555554
          2.0783333333,41.2969444444
        </coordinates>
      </LineString>
    </Placemark>
    <Placemark>
      <name>Route LFPO - LEBL (TVF)</name>
      <styleUrl>#ruta_schengen</styleUrl>
      <LineString>
        <altitudeMode>clampToGround</altitudeMode>
        <extrude>1</extrude>
        <tessellate>1</tessellate>
        <coordinates>
          2.3794444444444447,48.723333333333336
          2.0783333333,41.2969444444
        </coordinates>
      </LineString>
    </Placemark>
    <Placemark>
      <name>Route GCRR - LEBL (RYR)</name>
      <styleUrl>#ruta_no_schengen</styleUrl>
      <LineString>
        <altitudeMode>clampToGround</altitudeMode>
        <extrude>1</extrude>
        <tessellate>1</tessellate>
        <coordinates>
          -13.605277777777777,28.945555555555554
          2.0783333333,41.2969444444
        </coordinates>
      </LineString>
    </Placemark>
    <Placemark>
      <name>Route LEPA - LEBL (SWT)</name>
      <styleUrl>#ruta_schengen</styleUrl>
      <LineString>
        <altitudeMode>clampToGround</altitudeMode>
        <extrude>1</extrude>
        <tessellate>1</tessellate>
        <coordinates>
          2.738888888888889,39.55166666666666
          2.0783333333,41.2969444444
        </coordinates>
      </LineString>
    </Placemark>
    <Placemark>
      <name>Route LEMG - LEBL (VLG)</name>
      <styleUrl>#ruta_schengen</styleUrl>
      <LineString>
        <altitudeMode>clampToGround</altitudeMode>
        <extrude>1</extrude>
        <tessellate>1</tessellate>
        <coordinates>
          -4.4991666666666665,36.675
          2.0783333333,41.2969444444
        </coordinates>
      </LineString>
    </Placemark>
    <Placemark>
      <name>Route LWSK - LEBL (WZZ)</name>
      <styleUrl>#ruta_no_schengen</styleUrl>
      <LineString>
        <altitudeMode>clampToGround</altitudeMode>
        <extrude>1</extrude>
        <tessellate>1</tessellate>
        <coordinates>
          21.62138888888889,41.961666666666666
          2.0783333333,41.2969444444
        </coordinates>
      </LineString>
    </Placemark>
    <Placemark>
      <name>Route EGPK - LEBL (RYR)</name>
      <styleUrl>#ruta_no_schengen</styleUrl>
      <LineString>
        <altitudeMode>clampToGround</altitudeMode>
        <extrude>1</extrude>
        <tessellate>1</tessellate>
        <coordinates>
          -4.594444444444444,55.50944444444445
          2.0783333333,41.2969444444
        </coordinates>
      </LineString>
    </Placemark>
    <Placemark>
      <name>Route LEMD - LEBL (GES)</name>
      <styleUrl>#ruta_schengen</styleUrl>
      <LineString>
        <altitudeMode>clampToGround</altitudeMode>
        <extrude>1</extrude>
        <tessellate>1</tessellate>
        <coordinates>
          -3.560833333333333,40.47222222222222
          2.0783333333,41.2969444444
        </coordinates>
      </LineString>
    </Placemark>
    <Placemark>
      <name>Route LEMH - LEBL (AEA)</name>
      <styleUrl>#ruta_schengen</styleUrl>
      <LineString>
        <altitudeMode>clampToGround</altitudeMode>
        <extrude>1</extrude>
        <tessellate>1</tessellate>
        <coordinates>
          4.2186111111111115,39.862500000000004
          2.0783333333,41.2969444444
        </coordinates>
      </LineString>
    </Placemark>
    <Placemark>
      <name>Route EHAM - LEBL (VLG)</name>
      <styleUrl>#ruta_schengen</styleUrl>
      <LineString>
        <altitudeMode>clampToGround</altitudeMode>
        <extrude>1</extrude>
        <tessellate>1</tessellate>
        <coordinates>
          4.764166666666667,52.308055555555555
          2.0783333333,41.2969444444
        </coordinates>
      </LineString>
    </Placemark>
    <Placemark>
      <name>Route LEVD - LEBL (VLG)</name>
      <styleUrl>#ruta_schengen</styleUrl>
      <LineString>
        <altitudeMode>clampToGround</altitudeMode>
        <extrude>1</extrude>
        <tessellate>1</tessellate>
        <coordinates>
          -4.851944444444444,41.70611111111111
          2.0783333333,41.2969444444
        </coordinates>
      </LineString>
    </Placemark>
    <Placemark>
      <name>Route EGGP - LEBL (EZY)</name>
      <styleUrl>#ruta_no_schengen</styleUrl>
      <LineString>
        <altitudeMode>clampToGround</altitudeMode>
        <extrude>1</extrude>
        <tessellate>1</tessellate>
        <coordinates>
          -2.8497222222222223,53.33361111111111
          2.0783333333,41.2969444444
        </coordinates>
      </LineString>
    </Placemark>
    <Placemark>
      <name>Route GCLP - LEBL (RYR)</name>
      <styleUrl>#ruta_no_schengen</styleUrl>
      <LineString>
        <altitudeMode>clampToGround</altitudeMode>
        <extrude>1</extrude>
        <tessellate>1</tessellate>
        <coordinates>
          -15.386666666666667,27.931944444444447
          2.0783333333,41.2969444444
        </coordinates>
      </LineString>
    </Placemark>
    <Placemark>
      <name>Route LEMD - LEBL (VLG)</name>
      <styleUrl>#ruta_schengen</styleUrl>
      <LineString>
        <altitudeMode>clampToGround</altitudeMode>
        <extrude>1</extrude>
        <tessellate>1</tessellate>
        <coordinates>
          -3.560833333333333,40.47222222222222
          2.0783333333,41.2969444444
        </coordinates>
      </LineString>
    </Placemark>
    <Placemark>
      <name>Route LPPT - LEBL (TAP)</name>
      <styleUrl>#ruta_schengen</styleUrl>
      <LineString>
        <altitudeMode>clampToGround</altitudeMode>
        <extrude>1</extrude>
        <tessellate>1</tessellate>
        <coordinates>
          -9.134166666666665,38.774166666666666
          2.0783333333,41.2969444444
        </coordinates>
      </LineString>
    </Placemark>
    <Placemark>
      <name>Route LBSF - LEBL (WZZ)</name>
      <styleUrl>#ruta_no_schengen</styleUrl>
      <LineString>
        <altitudeMode>clampToGround</altitudeMode>
        <extrude>1</extrude>
        <tessellate>1</tessellate>
        <coordinates>
          23.40833333333333,42.69499999999999
          2.0783333333,41.2969444444
        </coordinates>
      </LineString>
    </Placemark>
    <Placemark>
      <name>Route EKCH - LEBL (VLG)</name>
      <styleUrl>#ruta_schengen</styleUrl>
      <LineString>
        <altitudeMode>clampToGround</altitudeMode>
        <extrude>1</extrude>
        <tessellate>1</tessellate>
        <coordinates>
          12.65611111111111,55.61805555555556
          2.0783333333,41.2969444444
        </coordinates>
      </LineString>
    </Placemark>
    <Placemark>
      <name>Route HTDA - LEBL (ZZZ)</name>
      <styleUrl>#ruta_no_schengen</styleUrl>
      <LineString>
        <altitudeMode>clampToGround</altitudeMode>
        <extrude>1</extrude>
        <tessellate>1</tessellate>
        <coordinates>
          39.20333333333333,-6.875555555555556
          2.0783333333,41.2969444444
        </coordinates>
      </LineString>
    </Placemark>
    <Placemark>
      <name>Route EDDM - LEBL (DLH)</name>
      <styleUrl>#ruta_schengen</styleUrl>
      <LineString>
        <altitudeMode>clampToGround</altitudeMode>
        <extrude>1</extrude>
        <tessellate>1</tessellate>
        <coordinates>
          11.786111111111111,48.35388888888889
          2.0783333333,41.2969444444
        </coordinates>
      </LineString>
    </Placemark>
    <Placemark>
      <name>Route LIMC - LEBL (EZY)</name>
      <styleUrl>#ruta_schengen</styleUrl>
      <LineString>
        <altitudeMode>clampToGround</altitudeMode>
        <extrude>1</extrude>
        <tessellate>1</tessellate>
        <coordinates>
          8.723055555555556,45.63
          2.0783333333,41.2969444444
        </coordinates>
      </LineString>
    </Placemark>
    <Placemark>
      <name>Route EFHK - LEBL (VLG)</name>
      <styleUrl>#ruta_schengen</styleUrl>
      <LineString>
        <altitudeMode>clampToGround</altitudeMode>
        <extrude>1</extrude>
        <tessellate>1</tessellate>
        <coordinates>
          24.96333333333333,60.31722222222223
          2.0783333333,41.2969444444
        </coordinates>
      </LineString>
    </Placemark>
    <Placemark>
      <name>Route EGCC - LEBL (RYR)</name>
      <styleUrl>#ruta_no_schengen</styleUrl>
      <LineString>
        <altitudeMode>clampToGround</altitudeMode>
        <extrude>1</extrude>
        <tessellate>1</tessellate>
        <coordinates>
          -2.275,53.35388888888889
          2.0783333333,41.2969444444
        </coordinates>
      </LineString>
    </Placemark>
    <Placemark>
      <name>Route LELN - LEBL (ANE)</name>
      <styleUrl>#ruta_schengen</styleUrl>
      <LineString>
        <altitudeMode>clampToGround</altitudeMode>
        <extrude>1</extrude>
        <tessellate>1</tessellate>
        <coordinates>
          -5.6561111111111115,42.58861111111111
          2.0783333333,41.2969444444
        </coordinates>
      </LineString>
    </Placemark>
    <Placemark>
      <name>Route LEAS - LEBL (VLG)</name>
      <styleUrl>#ruta_schengen</styleUrl>
      <LineString>
        <altitudeMode>clampToGround</altitudeMode>
        <extrude>1</extrude>
        <tessellate>1</tessellate>
        <coordinates>
          -6.034722222222222,43.56361111111111
          2.0783333333,41.2969444444
        </coordinates>
      </LineString>
    </Placemark>
    <Placemark>
      <name>Route LFPO - LEBL (VLG)</name>
      <styleUrl>#ruta_schengen</styleUrl>
      <LineString>
        <altitudeMode>clampToGround</altitudeMode>
        <extrude>1</extrude>
        <tessellate>1</tessellate>
        <coordinates>
          2.3794444444444447,48.723333333333336
          2.0783333333,41.2969444444
        </coordinates>
      </LineString>
    </Placemark>
    <Placemark>
      <name>Route LIPE - LEBL (RYR)</name>
      <styleUrl>#ruta_schengen</styleUrl>
      <LineString>
        <altitudeMode>clampToGround</altitudeMode>
        <extrude>1</extrude>
        <tessellate>1</tessellate>
        <coordinates>
          11.296944444444444,44.530833333333334
          2.0783333333,41.2969444444
        </coordinates>
      </LineString>
    </Placemark>
    <Placemark>
      <name>Route EGKK - LEBL (BAW)</name>
      <styleUrl>#ruta_no_schengen</styleUrl>
      <LineString>
        <altitudeMode>clampToGround</altitudeMode>
        <extrude>1</extrude>
        <tessellate>1</tessellate>
        <coordinates>
          -0.19027777777777777,51.14805555555556
          2.0783333333,41.2969444444
        </coordinates>
      </LineString>
    </Placemark>
    <Placemark>
      <name>Route ENGM - LEBL (IBK)</name>
      <styleUrl>#ruta_schengen</styleUrl>
      <LineString>
        <altitudeMode>clampToGround</altitudeMode>
        <extrude>1</extrude>
        <tessellate>1</tessellate>
        <coordinates>
          11.08388888888889,60.20277777777778
          2.0783333333,41.2969444444
        </coordinates>
      </LineString>
    </Placemark>
    <Placemark>
      <name>Route EGGD - LEBL (EZY)</name>
      <styleUrl>#ruta_no_schengen</styleUrl>
      <LineString>
        <altitudeMode>clampToGround</altitudeMode>
        <extrude>1</extrude>
        <tessellate>1</tessellate>
        <coordinates>
          -2.7191666666666667,51.382777777777775
          2.0783333333,41.2969444444
        </coordinates>
      </LineString>
    </Placemark>
    <Placemark>
      <name>Route LEZL - LEBL (VLG)</name>
      <styleUrl>#ruta_schengen</styleUrl>
      <LineString>
        <altitudeMode>clampToGround</altitudeMode>
        <extrude>1</extrude>
        <tessellate>1</tessellate>
        <coordinates>
          -5.898888888888888,37.418055555555554
          2.0783333333,41.2969444444
        </coordinates>
      </LineString>
    </Placemark>
    <Placemark>
      <name>Route LEJR - LEBL (RYR)</name>
      <styleUrl>#ruta_schengen</styleUrl>
      <LineString>
        <altitudeMode>clampToGround</altitudeMode>
        <extrude>1</extrude>
        <tessellate>1</tessellate>
        <coordinates>
          -6.06,36.74472222222222
          2.0783333333,41.2969444444
        </coordinates>
      </LineString>
    </Placemark>
    <Placemark>
      <name>Route LEPA - LEBL (AEA)</name>
      <styleUrl>#ruta_schengen</styleUrl>
      <LineString>
        <altitudeMode>clampToGround</altitudeMode>
        <extrude>1</extrude>
        <tessellate>1</tessellate>
        <coordinates>
          2.738888888888889,39.55166666666666
          2.0783333333,41.2969444444
        </coordinates>
      </LineString>
    </Placemark>
    <Placemark>
      <name>Route LEMD - LEBL (EXU)</name>
      <styleUrl>#ruta_schengen</styleUrl>
      <LineString>
        <altitudeMode>clampToGround</altitudeMode>
        <extrude>1</extrude>
        <tessellate>1</tessellate>
        <coordinates>
          -3.560833333333333,40.47222222222222
          2.0783333333,41.2969444444
        </coordinates>
      </LineString>
    </Placemark>
    <Placemark>
      <name>Route LFPG - LEBL (VLG)</name>
      <styleUrl>#ruta_schengen</styleUrl>
      <LineString>
        <altitudeMode>clampToGround</altitudeMode>
        <extrude>1</extrude>
        <tessellate>1</tessellate>
        <coordinates>
          2.5477777777777777,49.00972222222222
          2.0783333333,41.2969444444
        </coordinates>
      </LineString>
    </Placemark>
    <Placemark>
      <name>Route LEVC - LEBL (UPS)</name>
      <styleUrl>#ruta_schengen</styleUrl>
      <LineString>
        <altitudeMode>clampToGround</altitudeMode>
        <extrude>1</extrude>
        <tessellate>1</tessellate>
        <coordinates>
          -0.4816666666666667,39.489444444444445
          2.0783333333,41.2969444444
        </coordinates>
      </LineString>
    </Placemark>
    <Placemark>
      <name>Route LPPR - LEBL (RYR)</name>
      <styleUrl>#ruta_schengen</styleUrl>
      <LineString>
        <altitudeMode>clampToGround</altitudeMode>
        <extrude>1</extrude>
        <tessellate>1</tessellate>
        <coordinates>
          -8.678055555555554,41.23555555555556
          2.0783333333,41.2969444444
        </coordinates>
      </LineString>
    </Placemark>
    <Placemark>
      <name>Route BIKF - LEBL (WOW)</name>
      <styleUrl>#ruta_schengen</styleUrl>
      <LineString>
        <altitudeMode>clampToGround</altitudeMode>
        <extrude>1</extrude>
        <tessellate>1</tessellate>
        <coordinates>
          -22.605555555555558,63.985
          2.0783333333,41.2969444444
        </coordinates>
      </LineString>
    </Placemark>
    <Placemark>
      <name>Route LEPA - LEBL (RYR)</name>
      <styleUrl>#ruta_schengen</styleUrl>
      <LineString>
        <altitudeMode>clampToGround</altitudeMode>
        <extrude>1</extrude>
        <tessellate>1</tessellate>
        <coordinates>
          2.738888888888889,39.55166666666666
          2.0783333333,41.2969444444
        </coordinates>
      </LineString>
    </Placemark>
    <Placemark>
      <name>Route LEMD - LEBL (IBE)</name>
      <styleUrl>#ruta_schengen</styleUrl>
      <LineString>
        <altitudeMode>clampToGround</altitudeMode>
        <extrude>1</extrude>
        <tessellate>1</tessellate>
        <coordinates>
          -3.560833333333333,40.47222222222222
          2.0783333333,41.2969444444
        </coordinates>
      </LineString>
    </Placemark>
    <Placemark>
      <name>Route EGLL - LEBL (VLG)</name>
      <styleUrl>#ruta_no_schengen</styleUrl>
      <LineString>
        <altitudeMode>clampToGround</altitudeMode>
        <extrude>1</extrude>
        <tessellate>1</tessellate>
        <coordinates>
          -0.4613888888888889,51.4775
          2.0783333333,41.2969444444
        </coordinates>
      </LineString>
    </Placemark>
    <Placemark>
      <name>Route EIDW - LEBL (EIN)</name>
      <styleUrl>#ruta_no_schengen</styleUrl>
      <LineString>
        <altitudeMode>clampToGround</altitudeMode>
        <extrude>1</extrude>
        <tessellate>1</tessellate>
        <coordinates>
          -6.27,53.421388888888885
          2.0783333333,41.2969444444
        </coordinates>
      </LineString>
    </Placemark>
    <Placemark>
      <name>Route LIRF - LEBL (VLG)</name>
      <styleUrl>#ruta_schengen</styleUrl>
      <LineString>
        <altitudeMode>clampToGround</altitudeMode>
        <extrude>1</extrude>
        <tessellate>1</tessellate>
        <coordinates>
          12.238888888888889,41.80027777777777
          2.0783333333,41.2969444444
        </coordinates>
      </LineString>
    </Placemark>
    <Placemark>
      <name>Route EDDF - LEBL (VLG)</name>
      <styleUrl>#ruta_schengen</styleUrl>
      <LineString>
        <altitudeMode>clampToGround</altitudeMode>
        <extrude>1</extrude>
        <tessellate>1</tessellate>
        <coordinates>
          8.570555555555556,50.03333333333333
          2.0783333333,41.2969444444
        </coordinates>
      </LineString>
    </Placemark>
    <Placemark>
      <name>Route GMTT - LEBL (MAC)</name>
      <styleUrl>#ruta_no_schengen</styleUrl>
      <LineString>
        <altitudeMode>clampToGround</altitudeMode>
        <extrude>1</extrude>
        <tessellate>1</tessellate>
        <coordinates>
          -5.921111111111111,35.73166666666667
          2.0783333333,41.2969444444
        </coordinates>
      </LineString>
    </Placemark>
    <Placemark>
      <name>Route LPPR - LEBL (VLG)</name>
      <styleUrl>#ruta_schengen</styleUrl>
      <LineString>
        <altitudeMode>clampToGround</altitudeMode>
        <extrude>1</extrude>
        <tessellate>1</tessellate>
        <coordinates>
          -8.678055555555554,41.23555555555556
          2.0783333333,41.2969444444
        </coordinates>
      </LineString>
    </Placemark>
    <Placemark>
      <name>Route LEBB - LEBL (VLG)</name>
      <styleUrl>#ruta_schengen</styleUrl>
      <LineString>
        <altitudeMode>clampToGround</altitudeMode>
        <extrude>1</extrude>
        <tessellate>1</tessellate>
        <coordinates>
          -2.9105555555555553,43.301111111111105
          2.0783333333,41.2969444444
        </coordinates>
      </LineString>
    </Placemark>
    <Placemark>
      <name>Route LUKK - LEBL (MLD)</name>
      <styleUrl>#ruta_no_schengen</styleUrl>
      <LineString>
        <altitudeMode>clampToGround</altitudeMode>
        <extrude>1</extrude>
        <tessellate>1</tessellate>
        <coordinates>
          28.930833333333336,46.92777777777778
          2.0783333333,41.2969444444
        </coordinates>
      </LineString>
    </Placemark>
    <Placemark>
      <name>Route LEMH - LEBL (VLG)</name>
      <styleUrl>#ruta_schengen</styleUrl>
      <LineString>
        <altitudeMode>clampToGround</altitudeMode>
        <extrude>1</extrude>
        <tessellate>1</tessellate>
        <coordinates>
          4.2186111111111115,39.862500000000004
          2.0783333333,41.2969444444
        </coordinates>
      </LineString>
    </Placemark>
    <Placemark>
      <name>Route EKBI - LEBL (IBK)</name>
      <styleUrl>#ruta_schengen</styleUrl>
      <LineString>
        <altitudeMode>clampToGround</altitudeMode>
        <extrude>1</extrude>
        <tessellate>1</tessellate>
        <coordinates>
          9.151666666666667,55.74027777777778
          2.0783333333,41.2969444444
        </coordinates>
      </LineString>
    </Placemark>
    <Placemark>
      <name>Route LEMD - LEBL (VLG)</name>
      <styleUrl>#ruta_schengen</styleUrl>
      <LineString>
        <altitudeMode>clampToGround</altitudeMode>
        <extrude>1</extrude>
        <tessellate>1</tessellate>
        <coordinates>
          -3.560833333333333,40.47222222222222
          2.0783333333,41.2969444444
        </coordinates>
      </LineString>
    </Placemark>
    <Placemark>
      <name>Route LFLL - LEBL (EZY)</name>
      <styleUrl>#ruta_schengen</styleUrl>
      <LineString>
        <altitudeMode>clampToGround</altitudeMode>
        <extrude>1</extrude>
        <tessellate>1</tessellate>
        <coordinates>
          5.0811111111111105,45.72555555555556
          2.0783333333,41.2969444444
        </coordinates>
      </LineString>
    </Placemark>
    <Placemark>
      <name>Route LSZH - LEBL (SWR)</name>
      <styleUrl>#ruta_schengen</styleUrl>
      <LineString>
        <altitudeMode>clampToGround</altitudeMode>
        <extrude>1</extrude>
        <tessellate>1</tessellate>
        <coordinates>
          8.548055555555555,47.45805555555556
          2.0783333333,41.2969444444
        </coordinates>
      </LineString>
    </Placemark>
    <Placemark>
      <name>Route LEAL - LEBL (VLG)</name>
      <styleUrl>#ruta_schengen</styleUrl>
      <LineString>
        <altitudeMode>clampToGround</altitudeMode>
        <extrude>1</extrude>
        <tessellate>1</tessellate>
        <coordinates>
          -0.5580555555555556,38.282222222222224
          2.0783333333,41.2969444444
        </coordinates>
      </LineString>
    </Placemark>
    <Placemark>
      <name>Route LEIB - LEBL (TKJ)</name>
      <styleUrl>#ruta_schengen</styleUrl>
      <LineString>
        <altitudeMode>clampToGround</altitudeMode>
        <extrude>1</extrude>
        <tessellate>1</tessellate>
        <coordinates>
          1.3730555555555557,38.87277777777778
          2.0783333333,41.2969444444
        </coordinates>
      </LineString>
    </Placemark>
    <Placemark>
      <name>Route LEST - LEBL (VLG)</name>
      <styleUrl>#ruta_schengen</styleUrl>
      <LineString>
        <altitudeMode>clampToGround</altitudeMode>
        <extrude>1</extrude>
        <tessellate>1</tessellate>
        <coordinates>
          -8.415277777777778,42.896388888888886
          2.0783333333,41.2969444444
        </coordinates>
      </LineString>
    </Placemark>
    <Placemark>
      <name>Route EGKK - LEBL (IBK)</name>
      <styleUrl>#ruta_no_schengen</styleUrl>
      <LineString>
        <altitudeMode>clampToGround</altitudeMode>
        <extrude>1</extrude>
        <tessellate>1</tessellate>
        <coordinates>
          -0.19027777777777777,51.14805555555556
          2.0783333333,41.2969444444
        </coordinates>
      </LineString>
    </Placemark>
    <Placemark>
      <name>Route LROP - LEBL (ROT)</name>
      <styleUrl>#ruta_no_schengen</styleUrl>
      <LineString>
        <altitudeMode>clampToGround</altitudeMode>
        <extrude>1</extrude>
        <tessellate>1</tessellate>
        <coordinates>
          26.084999999999997,44.571111111111115
          2.0783333333,41.2969444444
        </coordinates>
      </LineString>
    </Placemark>
    <Placemark>
      <name>Route LTBA - LEBL (THY)</name>
      <styleUrl>#ruta_no_schengen</styleUrl>
      <LineString>
        <altitudeMode>clampToGround</altitudeMode>
        <extrude>1</extrude>
        <tessellate>1</tessellate>
        <coordinates>
          28.81416666666667,40.976111111111116
          2.0783333333,41.2969444444
        </coordinates>
      </LineString>
    </Placemark>
    <Placemark>
      <name>Route LIEE - LEBL (AHO)</name>
      <styleUrl>#ruta_schengen</styleUrl>
      <LineString>
        <altitudeMode>clampToGround</altitudeMode>
        <extrude>1</extrude>
        <tessellate>1</tessellate>
        <coordinates>
          9.056111111111111,39.24722222222222
          2.0783333333,41.2969444444
        </coordinates>
      </LineString>
    </Placemark>
    <Placemark>
      <name>Route EDDM - LEBL (VLG)</name>
      <styleUrl>#ruta_schengen</styleUrl>
      <LineString>
        <altitudeMode>clampToGround</altitudeMode>
        <extrude>1</extrude>
        <tessellate>1</tessellate>
        <coordinates>
          11.786111111111111,48.35388888888889
          2.0783333333,41.2969444444
        </coordinates>
      </LineString>
    </Placemark>
    <Placemark>
      <name>Route LIRF - LEBL (VLG)</name>
      <styleUrl>#ruta_schengen</styleUrl>
      <LineString>
        <altitudeMode>clampToGround</altitudeMode>
        <extrude>1</extrude>
        <tessellate>1</tessellate>
        <coordinates>
          12.238888888888889,41.80027777777777
          2.0783333333,41.2969444444
        </coordinates>
      </LineString>
    </Placemark>
    <Placemark>
      <name>Route EIDW - LEBL (RYR)</name>
      <styleUrl>#ruta_no_schengen</styleUrl>
      <LineString>
        <altitudeMode>clampToGround</altitudeMode>
        <extrude>1</extrude>
        <tessellate>1</tessellate>
        <coordinates>
          -6.27,53.421388888888885
          2.0783333333,41.2969444444
        </coordinates>
      </LineString>
    </Placemark>
    <Placemark>
      <name>Route LIRQ - LEBL (VLG)</name>
      <styleUrl>#ruta_schengen</styleUrl>
      <LineString>
        <altitudeMode>clampToGround</altitudeMode>
        <extrude>1</extrude>
        <tessellate>1</tessellate>
        <coordinates>
          11.202777777777778,43.808611111111105
          2.0783333333,41.2969444444
        </coordinates>
      </LineString>
    </Placemark>
    <Placemark>
      <name>Route EHAM - LEBL (KLM)</name>
      <styleUrl>#ruta_schengen</styleUrl>
      <LineString>
        <altitudeMode>clampToGround</altitudeMode>
        <extrude>1</extrude>
        <tessellate>1</tessellate>
        <coordinates>
          4.764166666666667,52.308055555555555
          2.0783333333,41.2969444444
        </coordinates>
      </LineString>
    </Placemark>
    <Placemark>
      <name>Route LHBP - LEBL (RYR)</name>
      <styleUrl>#ruta_schengen</styleUrl>
      <LineString>
        <altitudeMode>clampToGround</altitudeMode>
        <extrude>1</extrude>
        <tessellate>1</tessellate>
        <coordinates>
          19.261944444444445,47.43944444444444
          2.0783333333,41.2969444444
        </coordinates>
      </LineString>
    </Placemark>
    <Placemark>
      <name>Route EGLL - LEBL (BAW)</name>
      <styleUrl>#ruta_no_schengen</styleUrl>
      <LineString>
        <altitudeMode>clampToGround</altitudeMode>
        <extrude>1</extrude>
        <tessellate>1</tessellate>
        <coordinates>
          -0.4613888888888889,51.4775
          2.0783333333,41.2969444444
        </coordinates>
      </LineString>
    </Placemark>
    <Placemark>
      <name>Route LSZH - LEBL (VLG)</name>
      <styleUrl>#ruta_schengen</styleUrl>
      <LineString>
        <altitudeMode>clampToGround</altitudeMode>
        <extrude>1</extrude>
        <tessellate>1</tessellate>
        <coordinates>
          8.548055555555555,47.45805555555556
          2.0783333333,41.2969444444
        </coordinates>
      </LineString>
    </Placemark>
    <Placemark>
      <name>Route EGKK - LEBL (VLG)</name>
      <styleUrl>#ruta_no_schengen</styleUrl>
      <LineString>
        <altitudeMode>clampToGround</altitudeMode>
        <extrude>1</extrude>
        <tessellate>1</tessellate>
        <coordinates>
          -0.19027777777777777,51.14805555555556
          2.0783333333,41.2969444444
        </coordinates>
      </LineString>
    </Placemark>
    <Placemark>
      <name>Route LFPO - LEBL (VLG)</name>
      <styleUrl>#ruta_schengen</styleUrl>
      <LineString>
        <altitudeMode>clampToGround</altitudeMode>
        <extrude>1</extrude>
        <tessellate>1</tessellate>
        <coordinates>
          2.3794444444444447,48.723333333333336
          2.0783333333,41.2969444444
        </coordinates>
      </LineString>
    </Placemark>
    <Placemark>
      <name>Route LEMD - LEBL (VLG)</name>
      <styleUrl>#ruta_schengen</styleUrl>
      <LineString>
        <altitudeMode>clampToGround</altitudeMode>
        <extrude>1</extrude>
        <tessellate>1</tessellate>
        <coordinates>
          -3.560833333333333,40.47222222222222
          2.0783333333,41.2969444444
        </coordinates>
      </LineString>
    </Placemark>
    <Placemark>
      <name>Route LEMH - LEBL (AEA)</name>
      <styleUrl>#ruta_schengen</styleUrl>
      <LineString>
        <altitudeMode>clampToGround</altitudeMode>
        <extrude>1</extrude>
        <tessellate>1</tessellate>
        <coordinates>
          4.2186111111111115,39.862500000000004
          2.0783333333,41.2969444444
        </coordinates>
      </LineString>
    </Placemark>
    <Placemark>
      <name>Route LDDU - LEBL (VLG)</name>
      <styleUrl>#ruta_no_schengen</styleUrl>
      <LineString>
        <altitudeMode>clampToGround</altitudeMode>
        <extrude>1</extrude>
        <tessellate>1</tessellate>
        <coordinates>
          18.26833333333333,42.561388888888885
          2.0783333333,41.2969444444
        </coordinates>
      </LineString>
    </Placemark>
    <Placemark>
      <name>Route LEMG - LEBL (VLG)</name>
      <styleUrl>#ruta_schengen</styleUrl>
      <LineString>
        <altitudeMode>clampToGround</altitudeMode>
        <extrude>1</extrude>
        <tessellate>1</tessellate>
        <coordinates>
          -4.4991666666666665,36.675
          2.0783333333,41.2969444444
        </coordinates>
      </LineString>
    </Placemark>
    <Placemark>
      <name>Route LFPG - LEBL (AFR)</name>
      <styleUrl>#ruta_schengen</styleUrl>
      <LineString>
        <altitudeMode>clampToGround</altitudeMode>
        <extrude>1</extrude>
        <tessellate>1</tessellate>
        <coordinates>
          2.5477777777777777,49.00972222222222
          2.0783333333,41.2969444444
        </coordinates>
      </LineString>
    </Placemark>
    <Placemark>
      <name>Route LEPA - LEBL (VLG)</name>
      <styleUrl>#ruta_schengen</styleUrl>
      <LineString>
        <altitudeMode>clampToGround</altitudeMode>
        <extrude>1</extrude>
        <tessellate>1</tessellate>
        <coordinates>
          2.738888888888889,39.55166666666666
          2.0783333333,41.2969444444
        </coordinates>
      </LineString>
    </Placemark>
    <Placemark>
      <name>Route EDDF - LEBL (DLH)</name>
      <styleUrl>#ruta_schengen</styleUrl>
      <LineString>
        <altitudeMode>clampToGround</altitudeMode>
        <extrude>1</extrude>
        <tessellate>1</tessellate>
        <coordinates>
          8.570555555555556,50.03333333333333
          2.0783333333,41.2969444444
        </coordinates>
      </LineString>
    </Placemark>
    <Placemark>
      <name>Route LIRF - LEBL (AZA)</name>
      <styleUrl>#ruta_schengen</styleUrl>
      <LineString>
        <altitudeMode>clampToGround</altitudeMode>
        <extrude>1</extrude>
        <tessellate>1</tessellate>
        <coordinates>
          12.238888888888889,41.80027777777777
          2.0783333333,41.2969444444
        </coordinates>
      </LineString>
    </Placemark>
    <Placemark>
      <name>Route ENGM - LEBL (IBK)</name>
      <styleUrl>#ruta_schengen</styleUrl>
      <LineString>
        <altitudeMode>clampToGround</altitudeMode>
        <extrude>1</extrude>
        <tessellate>1</tessellate>
        <coordinates>
          11.08388888888889,60.20277777777778
          2.0783333333,41.2969444444
        </coordinates>
      </LineString>
    </Placemark>
    <Placemark>
      <name>Route LFOB - LEBL (RYR)</name>
      <styleUrl>#ruta_schengen</styleUrl>
      <LineString>
        <altitudeMode>clampToGround</altitudeMode>
        <extrude>1</extrude>
        <tessellate>1</tessellate>
        <coordinates>
          2.112777777777778,49.45444444444445
          2.0783333333,41.2969444444
        </coordinates>
      </LineString>
    </Placemark>
    <Placemark>
      <name>Route EDDL - LEBL (VLG)</name>
      <styleUrl>#ruta_schengen</styleUrl>
      <LineString>
        <altitudeMode>clampToGround</altitudeMode>
        <extrude>1</extrude>
        <tessellate>1</tessellate>
        <coordinates>
          6.7572222222222225,51.280833333333334
          2.0783333333,41.2969444444
        </coordinates>
      </LineString>
    </Placemark>
    <Placemark>
      <name>Route UUEE - LEBL (AFL)</name>
      <styleUrl>#ruta_no_schengen</styleUrl>
      <LineString>
        <altitudeMode>clampToGround</altitudeMode>
        <extrude>1</extrude>
        <tessellate>1</tessellate>
        <coordinates>
          37.41305555555555,55.972500000000004
          2.0783333333,41.2969444444
        </coordinates>
      </LineString>
    </Placemark>
    <Placemark>
      <name>Route EKCH - LEBL (IBK)</name>
      <styleUrl>#ruta_schengen</styleUrl>
      <LineString>
        <altitudeMode>clampToGround</altitudeMode>
        <extrude>1</extrude>
        <tessellate>1</tessellate>
        <coordinates>
          12.65611111111111,55.61805555555556
          2.0783333333,41.2969444444
        </coordinates>
      </LineString>
    </Placemark>
    <Placemark>
      <name>Route LKPR - LEBL (VLG)</name>
      <styleUrl>#ruta_schengen</styleUrl>
      <LineString>
        <altitudeMode>clampToGround</altitudeMode>
        <extrude>1</extrude>
        <tessellate>1</tessellate>
        <coordinates>
          14.26,50.100833333333334
          2.0783333333,41.2969444444
        </coordinates>
      </LineString>
    </Placemark>
    <Placemark>
      <name>Route EIDW - LEBL (VLG)</name>
      <styleUrl>#ruta_no_schengen</styleUrl>
      <LineString>
        <altitudeMode>clampToGround</altitudeMode>
        <extrude>1</extrude>
        <tessellate>1</tessellate>
        <coordinates>
          -6.27,53.421388888888885
          2.0783333333,41.2969444444
        </coordinates>
      </LineString>
    </Placemark>
    <Placemark>
      <name>Route LIEO - LEBL (ORO)</name>
      <styleUrl>#ruta_schengen</styleUrl>
      <LineString>
        <altitudeMode>clampToGround</altitudeMode>
        <extrude>1</extrude>
        <tessellate>1</tessellate>
        <coordinates>
          9.517777777777779,40.89861111111111
          2.0783333333,41.2969444444
        </coordinates>
      </LineString>
    </Placemark>
    <Placemark>
      <name>Route LEIB - LEBL (VLG)</name>
      <styleUrl>#ruta_schengen</styleUrl>
      <LineString>
        <altitudeMode>clampToGround</altitudeMode>
        <extrude>1</extrude>
        <tessellate>1</tessellate>
        <coordinates>
          1.3730555555555557,38.87277777777778
          2.0783333333,41.2969444444
        </coordinates>
      </LineString>
    </Placemark>
    <Placemark>
      <name>Route LEMH - LEBL (VLG)</name>
      <styleUrl>#ruta_schengen</styleUrl>
      <LineString>
        <altitudeMode>clampToGround</altitudeMode>
        <extrude>1</extrude>
        <tessellate>1</tessellate>
        <coordinates>
          4.2186111111111115,39.862500000000004
          2.0783333333,41.2969444444
        </coordinates>
      </LineString>
    </Placemark>
    <Placemark>
      <name>Route EGGW - LEBL (VLG)</name>
      <styleUrl>#ruta_no_schengen</styleUrl>
      <LineString>
        <altitudeMode>clampToGround</altitudeMode>
        <extrude>1</extrude>
        <tessellate>1</tessellate>
        <coordinates>
          -0.3683333333333333,51.874722222222225
          2.0783333333,41.2969444444
        </coordinates>
      </LineString>
    </Placemark>
    <Placemark>
      <name>Route LEGR - LEBL (VLG)</name>
      <styleUrl>#ruta_schengen</styleUrl>
      <LineString>
        <altitudeMode>clampToGround</altitudeMode>
        <extrude>1</extrude>
        <tessellate>1</tessellate>
        <coordinates>
          -3.777222222222222,37.18861111111111
          2.0783333333,41.2969444444
        </coordinates>
      </LineString>
    </Placemark>
    <Placemark>
      <name>Route LIME - LEBL (RYR)</name>
      <styleUrl>#ruta_schengen</styleUrl>
      <LineString>
        <altitudeMode>clampToGround</altitudeMode>
        <extrude>1</extrude>
        <tessellate>1</tessellate>
        <coordinates>
          9.700277777777776,45.66888888888889
          2.0783333333,41.2969444444
        </coordinates>
      </LineString>
    </Placemark>
    <Placemark>
      <name>Route LIPE - LEBL (VLG)</name>
      <styleUrl>#ruta_schengen</styleUrl>
      <LineString>
        <altitudeMode>clampToGround</altitudeMode>
        <extrude>1</extrude>
        <tessellate>1</tessellate>
        <coordinates>
          11.296944444444444,44.530833333333334
          2.0783333333,41.2969444444
        </coordinates>
      </LineString>
    </Placemark>
    <Placemark>
      <name>Route LEPA - LEBL (SWT)</name>
      <styleUrl>#ruta_schengen</styleUrl>
      <LineString>
        <altitudeMode>clampToGround</altitudeMode>
        <extrude>1</extrude>
        <tessellate>1</tessellate>
        <coordinates>
          2.738888888888889,39.55166666666666
          2.0783333333,41.2969444444
        </coordinates>
      </LineString>
    </Placemark>
    <Placemark>
      <name>Route LEIB - LEBL (RYR)</name>
      <styleUrl>#ruta_schengen</styleUrl>
      <LineString>
        <altitudeMode>clampToGround</altitudeMode>
        <extrude>1</extrude>
        <tessellate>1</tessellate>
        <coordinates>
          1.3730555555555557,38.87277777777778
          2.0783333333,41.2969444444
        </coordinates>
      </LineString>
    </Placemark>
    <Placemark>
      <name>Route LPPT - LEBL (TAP)</name>
      <styleUrl>#ruta_schengen</styleUrl>
      <LineString>
        <altitudeMode>clampToGround</altitudeMode>
        <extrude>1</extrude>
        <tessellate>1</tessellate>
        <coordinates>
          -9.134166666666665,38.774166666666666
          2.0783333333,41.2969444444
        </coordinates>
      </LineString>
    </Placemark>
    <Placemark>
      <name>Route LIPH - LEBL (RYR)</name>
      <styleUrl>#ruta_schengen</styleUrl>
      <LineString>
        <altitudeMode>clampToGround</altitudeMode>
        <extrude>1</extrude>
        <tessellate>1</tessellate>
        <coordinates>
          12.197777777777778,45.65083333333333
          2.0783333333,41.2969444444
        </coordinates>
      </LineString>
    </Placemark>
    <Placemark>
      <name>Route EDDB - LEBL (RYR)</name>
      <styleUrl>#ruta_schengen</styleUrl>
      <LineString>
        <altitudeMode>clampToGround</altitudeMode>
        <extrude>1</extrude>
        <tessellate>1</tessellate>
        <coordinates>
          13.500555555555556,52.36222222222222
          2.0783333333,41.2969444444
        </coordinates>
      </LineString>
    </Placemark>
    <Placemark>
      <name>Route LECO - LEBL (VLG)</name>
      <styleUrl>#ruta_schengen</styleUrl>
      <LineString>
        <altitudeMode>clampToGround</altitudeMode>
        <extrude>1</extrude>
        <tessellate>1</tessellate>
        <coordinates>
          -8.377222222222223,43.301944444444445
          2.0783333333,41.2969444444
        </coordinates>
      </LineString>
    </Placemark>
    <Placemark>
      <name>Route LPPT - LEBL (VLG)</name>
      <styleUrl>#ruta_schengen</styleUrl>
      <LineString>
        <altitudeMode>clampToGround</altitudeMode>
        <extrude>1</extrude>
        <tessellate>1</tessellate>
        <coordinates>
          -9.134166666666665,38.774166666666666
          2.0783333333,41.2969444444
        </coordinates>
      </LineString>
    </Placemark>
    <Placemark>
      <name>Route EBBR - LEBL (VLG)</name>
      <styleUrl>#ruta_schengen</styleUrl>
      <LineString>
        <altitudeMode>clampToGround</altitudeMode>
        <extrude>1</extrude>
        <tessellate>1</tessellate>
        <coordinates>
          4.484444444444445,50.90138888888889
          2.0783333333,41.2969444444
        </coordinates>
      </LineString>
    </Placemark>
    <Placemark>
      <name>Route LFPO - LEBL (VLG)</name>
      <styleUrl>#ruta_schengen</styleUrl>
      <LineString>
        <altitudeMode>clampToGround</altitudeMode>
        <extrude>1</extrude>
        <tessellate>1</tessellate>
        <coordinates>
          2.3794444444444447,48.723333333333336
          2.0783333333,41.2969444444
        </coordinates>
      </LineString>
    </Placemark>
    <Placemark>
      <name>Route LIRF - LEBL (RYR)</name>
      <styleUrl>#ruta_schengen</styleUrl>
      <LineString>
        <altitudeMode>clampToGround</altitudeMode>
        <extrude>1</extrude>
        <tessellate>1</tessellate>
        <coordinates>
          12.238888888888889,41.80027777777777
          2.0783333333,41.2969444444
        </coordinates>
      </LineString>
    </Placemark>
    <Placemark>
      <name>Route LIMC - LEBL (VLG)</name>
      <styleUrl>#ruta_schengen</styleUrl>
      <LineString>
        <altitudeMode>clampToGround</altitudeMode>
        <extrude>1</extrude>
        <tessellate>1</tessellate>
        <coordinates>
          8.723055555555556,45.63
          2.0783333333,41.2969444444
        </coordinates>
      </LineString>
    </Placemark>
    <Placemark>
      <name>Route LEMH - LEBL (VLG)</name>
      <styleUrl>#ruta_schengen</styleUrl>
      <LineString>
        <altitudeMode>clampToGround</altitudeMode>
        <extrude>1</extrude>
        <tessellate>1</tessellate>
        <coordinates>
          4.2186111111111115,39.862500000000004
          2.0783333333,41.2969444444
        </coordinates>
      </LineString>
    </Placemark>
    <Placemark>
      <name>Route LEVX - LEBL (VLG)</name>
      <styleUrl>#ruta_schengen</styleUrl>
      <LineString>
        <altitudeMode>clampToGround</altitudeMode>
        <extrude>1</extrude>
        <tessellate>1</tessellate>
        <coordinates>
          -8.627500000000001,42.22916666666667
          2.0783333333,41.2969444444
        </coordinates>
      </LineString>
    </Placemark>
    <Placemark>
      <name>Route UUDD - LEBL (AUL)</name>
      <styleUrl>#ruta_no_schengen</styleUrl>
      <LineString>
        <altitudeMode>clampToGround</altitudeMode>
        <extrude>1</extrude>
        <tessellate>1</tessellate>
        <coordinates>
          37.906388888888884,55.40861111111111
          2.0783333333,41.2969444444
        </coordinates>
      </LineString>
    </Placemark>
    <Placemark>
      <name>Route LEZL - LEBL (VLG)</name>
      <styleUrl>#ruta_schengen</styleUrl>
      <LineString>
        <altitudeMode>clampToGround</altitudeMode>
        <extrude>1</extrude>
        <tessellate>1</tessellate>
        <coordinates>
          -5.898888888888888,37.418055555555554
          2.0783333333,41.2969444444
        </coordinates>
      </LineString>
    </Placemark>
    <Placemark>
      <name>Route LEPA - LEBL (VLG)</name>
      <styleUrl>#ruta_schengen</styleUrl>
      <LineString>
        <altitudeMode>clampToGround</altitudeMode>
        <extrude>1</extrude>
        <tessellate>1</tessellate>
        <coordinates>
          2.738888888888889,39.55166666666666
          2.0783333333,41.2969444444
        </coordinates>
      </LineString>
    </Placemark>
    <Placemark>
      <name>Route LFPG - LEBL (EZY)</name>
      <styleUrl>#ruta_schengen</styleUrl>
      <LineString>
        <altitudeMode>clampToGround</altitudeMode>
        <extrude>1</extrude>
        <tessellate>1</tessellate>
        <coordinates>
          2.5477777777777777,49.00972222222222
          2.0783333333,41.2969444444
        </coordinates>
      </LineString>
    </Placemark>
    <Placemark>
      <name>Route LPPR - LEBL (VLG)</name>
      <styleUrl>#ruta_schengen</styleUrl>
      <LineString>
        <altitudeMode>clampToGround</altitudeMode>
        <extrude>1</extrude>
        <tessellate>1</tessellate>
        <coordinates>
          -8.678055555555554,41.23555555555556
          2.0783333333,41.2969444444
        </coordinates>
      </LineString>
    </Placemark>
    <Placemark>
      <name>Route EHAM - LEBL (VLG)</name>
      <styleUrl>#ruta_schengen</styleUrl>
      <LineString>
        <altitudeMode>clampToGround</altitudeMode>
        <extrude>1</extrude>
        <tessellate>1</tessellate>
        <coordinates>
          4.764166666666667,52.308055555555555
          2.0783333333,41.2969444444
        </coordinates>
      </LineString>
    </Placemark>
    <Placemark>
      <name>Route LGAV - LEBL (AEE)</name>
      <styleUrl>#ruta_schengen</styleUrl>
      <LineString>
        <altitudeMode>clampToGround</altitudeMode>
        <extrude>1</extrude>
        <tessellate>1</tessellate>
        <coordinates>
          23.944444444444446,37.93666666666666
          2.0783333333,41.2969444444
        </coordinates>
      </LineString>
    </Placemark>
    <Placemark>
      <name>Route LIRP - LEBL (VLG)</name>
      <styleUrl>#ruta_schengen</styleUrl>
      <LineString>
        <altitudeMode>clampToGround</altitudeMode>
        <extrude>1</extrude>
        <tessellate>1</tessellate>
        <coordinates>
          10.395555555555555,43.68277777777777
          2.0783333333,41.2969444444
        </coordinates>
      </LineString>
    </Placemark>
    <Placemark>
      <name>Route LIPX - LEBL (VLG)</name>
      <styleUrl>#ruta_schengen</styleUrl>
      <LineString>
        <altitudeMode>clampToGround</altitudeMode>
        <extrude>1</extrude>
        <tessellate>1</tessellate>
        <coordinates>
          10.887777777777778,45.396388888888886
          2.0783333333,41.2969444444
        </coordinates>
      </LineString>
    </Placemark>
    <Placemark>
      <name>Route EGSS - LEBL (RYR)</name>
      <styleUrl>#ruta_no_schengen</styleUrl>
      <LineString>
        <altitudeMode>clampToGround</altitudeMode>
        <extrude>1</extrude>
        <tessellate>1</tessellate>
        <coordinates>
          0.23500000000000001,51.885
          2.0783333333,41.2969444444
        </coordinates>
      </LineString>
    </Placemark>
    <Placemark>
      <name>Route GCLP - LEBL (IBK)</name>
      <styleUrl>#ruta_no_schengen</styleUrl>
      <LineString>
        <altitudeMode>clampToGround</altitudeMode>
        <extrude>1</extrude>
        <tessellate>1</tessellate>
        <coordinates>
          -15.386666666666667,27.931944444444447
          2.0783333333,41.2969444444
        </coordinates>
      </LineString>
    </Placemark>
    <Placemark>
      <name>Route EGKK - LEBL (EZY)</name>
      <styleUrl>#ruta_no_schengen</styleUrl>
      <LineString>
        <altitudeMode>clampToGround</altitudeMode>
        <extrude>1</extrude>
        <tessellate>1</tessellate>
        <coordinates>
          -0.19027777777777777,51.14805555555556
          2.0783333333,41.2969444444
        </coordinates>
      </LineString>
    </Placemark>
    <Placemark>
      <name>Route LIPZ - LEBL (VLG)</name>
      <styleUrl>#ruta_schengen</styleUrl>
      <LineString>
        <altitudeMode>clampToGround</altitudeMode>
        <extrude>1</extrude>
        <tessellate>1</tessellate>
        <coordinates>
          12.351944444444444,45.50527777777778
          2.0783333333,41.2969444444
        </coordinates>
      </LineString>
    </Placemark>
    <Placemark>
      <name>Route BIKF - LEBL (PRW)</name>
      <styleUrl>#ruta_schengen</styleUrl>
      <LineString>
        <altitudeMode>clampToGround</altitudeMode>
        <extrude>1</extrude>
        <tessellate>1</tessellate>
        <coordinates>
          -22.605555555555558,63.985
          2.0783333333,41.2969444444
        </coordinates>
      </LineString>
    </Placemark>
    <Placemark>
      <name>Route EDDK - LEBL (RYR)</name>
      <styleUrl>#ruta_schengen</styleUrl>
      <LineString>
        <altitudeMode>clampToGround</altitudeMode>
        <extrude>1</extrude>
        <tessellate>1</tessellate>
        <coordinates>
          7.142777777777778,50.865833333333335
          2.0783333333,41.2969444444
        </coordinates>
      </LineString>
    </Placemark>
    <Placemark>
      <name>Route EGKK - LEBL (VLG)</name>
      <styleUrl>#ruta_no_schengen</styleUrl>
      <LineString>
        <altitudeMode>clampToGround</altitudeMode>
        <extrude>1</extrude>
        <tessellate>1</tessellate>
        <coordinates>
          -0.19027777777777777,51.14805555555556
          2.0783333333,41.2969444444
        </coordinates>
      </LineString>
    </Placemark>
    <Placemark>
      <name>Route LIEE - LEBL (VLG)</name>
      <styleUrl>#ruta_schengen</styleUrl>
      <LineString>
        <altitudeMode>clampToGround</altitudeMode>
        <extrude>1</extrude>
        <tessellate>1</tessellate>
        <coordinates>
          9.056111111111111,39.24722222222222
          2.0783333333,41.2969444444
        </coordinates>
      </LineString>
    </Placemark>
    <Placemark>
      <name>Route EGGW - LEBL (EZY)</name>
      <styleUrl>#ruta_no_schengen</styleUrl>
      <LineString>
        <altitudeMode>clampToGround</altitudeMode>
        <extrude>1</extrude>
        <tessellate>1</tessellate>
        <coordinates>
          -0.3683333333333333,51.874722222222225
          2.0783333333,41.2969444444
        </coordinates>
      </LineString>
    </Placemark>
    <Placemark>
      <name>Route LEMH - LEBL (VLG)</name>
      <styleUrl>#ruta_schengen</styleUrl>
      <LineString>
        <altitudeMode>clampToGround</altitudeMode>
        <extrude>1</extrude>
        <tessellate>1</tessellate>
        <coordinates>
          4.2186111111111115,39.862500000000004
          2.0783333333,41.2969444444
        </coordinates>
      </LineString>
    </Placemark>
    <Placemark>
      <name>Route LEIB - LEBL (VLG)</name>
      <styleUrl>#ruta_schengen</styleUrl>
      <LineString>
        <altitudeMode>clampToGround</altitudeMode>
        <extrude>1</extrude>
        <tessellate>1</tessellate>
        <coordinates>
          1.3730555555555557,38.87277777777778
          2.0783333333,41.2969444444
        </coordinates>
      </LineString>
    </Placemark>
    <Placemark>
      <name>Route LFMN - LEBL (VLG)</name>
      <styleUrl>#ruta_schengen</styleUrl>
      <LineString>
        <altitudeMode>clampToGround</altitudeMode>
        <extrude>1</extrude>
        <tessellate>1</tessellate>
        <coordinates>
          7.215,43.665277777777774
          2.0783333333,41.2969444444
        </coordinates>
      </LineString>
    </Placemark>
    <Placemark>
      <name>Route EGCC - LEBL (VLG)</name>
      <styleUrl>#ruta_no_schengen</styleUrl>
      <LineString>
        <altitudeMode>clampToGround</altitudeMode>
        <extrude>1</extrude>
        <tessellate>1</tessellate>
        <coordinates>
          -2.275,53.35388888888889
          2.0783333333,41.2969444444
        </coordinates>
      </LineString>
    </Placemark>
    <Placemark>
      <name>Route LFBT - LEBL (LAV)</name>
      <styleUrl>#ruta_schengen</styleUrl>
      <LineString>
        <altitudeMode>clampToGround</altitudeMode>
        <extrude>1</extrude>
        <tessellate>1</tessellate>
        <coordinates>
          -0.002777777777777778,43.18555555555555
          2.0783333333,41.2969444444
        </coordinates>
      </LineString>
    </Placemark>
    <Placemark>
      <name>Route LEIB - LEBL (VLG)</name>
      <styleUrl>#ruta_schengen</styleUrl>
      <LineString>
        <altitudeMode>clampToGround</altitudeMode>
        <extrude>1</extrude>
        <tessellate>1</tessellate>
        <coordinates>
          1.3730555555555557,38.87277777777778
          2.0783333333,41.2969444444
        </coordinates>
      </LineString>
    </Placemark>
  </Folder>
</Document>
</kml>
