<?xml version="1.0" encoding="UTF-8"?>
<kml xmlns="http://www.opengis.net/kml/2.2">
<Document>
 <name>LEBL Arrival Routes</name>
 <Style id="schengenRoute">
   <LineStyle><color>ff00aa00</color><width>3</width></LineStyle>
 </Style>
 <Style id="nonSchengenRoute">
   <LineStyle><color>ff0055ff</color><width>3</width></LineStyle>
 </Style>
 <Placemark>
   <name>ECMKV: LYBE - LEBL (Non-Schengen)</name>
   <styleUrl>#nonSchengenRoute</styleUrl>
   <LineString>
     <altitudeMode>clampToGround</altitudeMode>
     <tessellate>1</tessellate>
     <coordinates>
       20.306944444444444,44.81944444444445,0
       2.0783333333,41.2969444444,0
     </coordinates>
   </LineString>
 </Placemark>
 <Placemark>
   <name>ECJGM: EGCC - LEBL (Non-Schengen)</name>
   <styleUrl>#nonSchengenRoute</styleUrl>
   <LineString>
     <altitudeMode>clampToGround</altitudeMode>
     <tessellate>1</tessellate>
     <coordinates>
       -2.275,53.35388888888889,0
       2.0783333333,41.2969444444,0
     </coordinates>
   </LineString>
 </Placemark>
 <Placemark>
   <name>ECLOB: LMML - LEBL (Schengen)</name>
   <styleUrl>#schengenRoute</styleUrl>
   <LineString>
     <altitudeMode>clampToGround</altitudeMode>
     <tessellate>1</tessellate>
     <coordinates>
       14.477500000000001,35.8575,0
       2.0783333333,41.2969444444,0
     </coordinates>
   </LineString>
 </Placemark>
 <Placemark>
   <name>ECLVC: LGTS - LEBL (Schengen)</name>
   <styleUrl>#schengenRoute</styleUrl>
   <LineString>
     <altitudeMode>clampToGround</altitudeMode>
     <tessellate>1</tessellate>
     <coordinates>
       22.97083333333333,40.51972222222222,0
       2.0783333333,41.2969444444,0
     </coordinates>
   </LineString>
 </Placemark>
 <Placemark>
   <name>DALEC: EBBR - LEBL (Schengen)</name>
   <styleUrl>#schengenRoute</styleUrl>
   <LineString>
     <altitudeMode>clampToGround</altitudeMode>
     <tessellate>1</tessellate>
     <coordinates>
       4.484444444444445,50.90138888888889,0
       2.0783333333,41.2969444444,0
     </coordinates>
   </LineString>
 </Placemark>
 <Placemark>
   <name>N327UP: EDDK - LEBL (Schengen)</name>
   <styleUrl>#schengenRoute</styleUrl>
   <LineString>
     <altitudeMode>clampToGround</altitudeMode>
     <tessellate>1</tessellate>
     <coordinates>
       7.142777777777778,50.865833333333335,0
       2.0783333333,41.2969444444,0
     </coordinates>
   </LineString>
 </Placemark>
 <Placemark>
   <name>ECMKN: LGSR - LEBL (Schengen)</name>
   <styleUrl>#schengenRoute</styleUrl>
   <LineString>
     <altitudeMode>clampToGround</altitudeMode>
     <tessellate>1</tessellate>
     <coordinates>
       25.479166666666664,36.399166666666666,0
       2.0783333333,41.2969444444,0
     </coordinates>
   </LineString>
 </Placemark>
 <Placemark>
   <name>DALEN: EDDP - LEBL (Schengen)</name>
   <styleUrl>#schengenRoute</styleUrl>
   <LineString>
     <altitudeMode>clampToGround</altitudeMode>
     <tessellate>1</tessellate>
     <coordinates>
       12.236388888888888,51.42388888888889,0
       2.0783333333,41.2969444444,0
     </coordinates>
   </LineString>
 </Placemark>
 <Placemark>
   <name>ECMKT: LGAV - LEBL (Schengen)</name>
   <styleUrl>#schengenRoute</styleUrl>
   <LineString>
     <altitudeMode>clampToGround</altitudeMode>
     <tessellate>1</tessellate>
     <coordinates>
       23.944444444444446,37.93666666666666,0
       2.0783333333,41.2969444444,0
     </coordinates>
   </LineString>
 </Placemark>
 <Placemark>
   <name>N920FD: LFPG - LEBL (Schengen)</name>
   <styleUrl>#schengenRoute</styleUrl>
   <LineString>
     <altitudeMode>clampToGround</altitudeMode>
     <tessellate>1</tessellate>
     <coordinates>
       2.5477777777777777,49.00972222222222,0
       2.0783333333,41.2969444444,0
     </coordinates>
   </LineString>
 </Placemark>
 <Placemark>
   <name>OEIBZ: EBLG - LEBL (Schengen)</name>
   <styleUrl>#schengenRoute</styleUrl>
   <LineString>
     <altitudeMode>clampToGround</altitudeMode>
     <tessellate>1</tessellate>
     <coordinates>
       5.442777777777778,50.63638888888889,0
       2.0783333333,41.2969444444,0
     </coordinates>
   </LineString>
 </Placemark>
 <Placemark>
   <name>EIDPG: LEPA - LEBL (Schengen)</name>
   <styleUrl>#schengenRoute</styleUrl>
   <LineString>
     <altitudeMode>clampToGround</altitudeMode>
     <tessellate>1</tessellate>
     <coordinates>
       2.738888888888889,39.55166666666666,0
       2.0783333333,41.2969444444,0
     </coordinates>
   </LineString>
 </Placemark>
 <Placemark>
   <name>ECLTG: LEPA - LEBL (Schengen)</name>
   <styleUrl>#schengenRoute</styleUrl>
   <LineString>
     <altitudeMode>clampToGround</altitudeMode>
     <tessellate>1</tessellate>
     <coordinates>
       2.738888888888889,39.55166666666666,0
       2.0783333333,41.2969444444,0
     </coordinates>
   </LineString>
 </Placemark>
 <Placemark>
   <name>N761AJ: KJFK - LEBL (Non-Schengen)</name>
   <styleUrl>#nonSchengenRoute</styleUrl>
   <LineString>
     <altitudeMode>clampToGround</altitudeMode>
     <tessellate>1</tessellate>
     <coordinates>
       -73.77833333333334,40.640277777777776,0
       2.0783333333,41.2969444444,0
     </coordinates>
   </LineString>
 </Placemark>
 <Placemark>
   <name>EIFJP: LEPA - LEBL (Schengen)</name>
   <styleUrl>#schengenRoute</styleUrl>
   <LineString>
     <altitudeMode>clampToGround</altitudeMode>
     <tessellate>1</tessellate>
     <coordinates>
       2.738888888888889,39.55166666666666,0
       2.0783333333,41.2969444444,0
     </coordinates>
   </LineString>
 </Placemark>
 <Placemark>
   <name>ECKRH: LROP - LEBL (Non-Schengen)</name>
   <styleUrl>#nonSchengenRoute</styleUrl>
   <LineString>
     <altitudeMode>clampToGround</altitudeMode>
     <tessellate>1</tessellate>
     <coordinates>
       26.084999999999997,44.571111111111115,0
       2.0783333333,41.2969444444,0
     </coordinates>
   </LineString>
 </Placemark>
 <Placemark>
   <name>ECLVV: LEPA - LEBL (Schengen)</name>
   <styleUrl>#schengenRoute</styleUrl>
   <LineString>
     <altitudeMode>clampToGround</altitudeMode>
     <tessellate>1</tessellate>
     <coordinates>
       2.738888888888889,39.55166666666666,0
       2.0783333333,41.2969444444,0
     </coordinates>
   </LineString>
 </Placemark>
 <Placemark>
   <name>ECLYB: LEMH - LEBL (Schengen)</name>
   <styleUrl>#schengenRoute</styleUrl>
   <LineString>
     <altitudeMode>clampToGround</altitudeMode>
     <tessellate>1</tessellate>
     <coordinates>
       4.2186111111111115,39.862500000000004,0
       2.0783333333,41.2969444444,0
     </coordinates>
   </LineString>
 </Placemark>
 <Placemark>
   <name>ECLXV: LEPA - LEBL (Schengen)</name>
   <styleUrl>#schengenRoute</styleUrl>
   <LineString>
     <altitudeMode>clampToGround</altitudeMode>
     <tessellate>1</tessellate>
     <coordinates>
       2.738888888888889,39.55166666666666,0
       2.0783333333,41.2969444444,0
     </coordinates>
   </LineString>
 </Placemark>
 <Placemark>
   <name>PHXRD: EHAM - LEBL (Schengen)</name>
   <styleUrl>#schengenRoute</styleUrl>
   <LineString>
     <altitudeMode>clampToGround</altitudeMode>
     <tessellate>1</tessellate>
     <coordinates>
       4.764166666666667,52.308055555555555,0
       2.0783333333,41.2969444444,0
     </coordinates>
   </LineString>
 </Placemark>
 <Placemark>
   <name>ECMAI: BIKF - LEBL (Schengen)</name>
   <styleUrl>#schengenRoute</styleUrl>
   <LineString>
     <altitudeMode>clampToGround</altitudeMode>
     <tessellate>1</tessellate>
     <coordinates>
       -22.605555555555558,63.985,0
       2.0783333333,41.2969444444,0
     </coordinates>
   </LineString>
 </Placemark>
 <Placemark>
   <name>GRAJG: EBOS - LEBL (Schengen)</name>
   <styleUrl>#schengenRoute</styleUrl>
   <LineString>
     <altitudeMode>clampToGround</altitudeMode>
     <tessellate>1</tessellate>
     <coordinates>
       2.8622222222222224,51.19888888888889,0
       2.0783333333,41.2969444444,0
     </coordinates>
   </LineString>
 </Placemark>
 <Placemark>
   <name>GEZWE: LIMC - LEBL (Schengen)</name>
   <styleUrl>#schengenRoute</styleUrl>
   <LineString>
     <altitudeMode>clampToGround</altitudeMode>
     <tessellate>1</tessellate>
     <coordinates>
       8.723055555555556,45.63,0
       2.0783333333,41.2969444444,0
     </coordinates>
   </LineString>
 </Placemark>
 <Placemark>
   <name>EIFOG: LEZL - LEBL (Schengen)</name>
   <styleUrl>#schengenRoute</styleUrl>
   <LineString>
     <altitudeMode>clampToGround</altitudeMode>
     <tessellate>1</tessellate>
     <coordinates>
       -5.898888888888888,37.418055555555554,0
       2.0783333333,41.2969444444,0
     </coordinates>
   </LineString>
 </Placemark>
 <Placemark>
   <name>DAIQE: EDDS - LEBL (Schengen)</name>
   <styleUrl>#schengenRoute</styleUrl>
   <LineString>
     <altitudeMode>clampToGround</altitudeMode>
     <tessellate>1</tessellate>
     <coordinates>
       9.221944444444444,48.69,0
       2.0783333333,41.2969444444,0
     </coordinates>
   </LineString>
 </Placemark>
 <Placemark>
   <name>OOJEM: EBAW - LEBL (Schengen)</name>
   <styleUrl>#schengenRoute</styleUrl>
   <LineString>
     <altitudeMode>clampToGround</altitudeMode>
     <tessellate>1</tessellate>
     <coordinates>
       4.460277777777778,51.18944444444444,0
       2.0783333333,41.2969444444,0
     </coordinates>
   </LineString>
 </Placemark>
 <Placemark>
   <name>ECLZZ: URKK - LEBL (Non-Schengen)</name>
   <styleUrl>#nonSchengenRoute</styleUrl>
   <LineString>
     <altitudeMode>clampToGround</altitudeMode>
     <tessellate>1</tessellate>
     <coordinates>
       39.169999999999995,45.03472222222222,0
       2.0783333333,41.2969444444,0
     </coordinates>
   </LineString>
 </Placemark>
 <Placemark>
   <name>HALXH: LHBP - LEBL (Schengen)</name>
   <styleUrl>#schengenRoute</styleUrl>
   <LineString>
     <altitudeMode>clampToGround</altitudeMode>
     <tessellate>1</tessellate>
     <coordinates>
       19.261944444444445,47.43944444444444,0
       2.0783333333,41.2969444444,0
     </coordinates>
   </LineString>
 </Placemark>
 <Placemark>
   <name>GEZAT: LFLL - LEBL (Schengen)</name>
   <styleUrl>#schengenRoute</styleUrl>
   <LineString>
     <altitudeMode>clampToGround</altitudeMode>
     <tessellate>1</tessellate>
     <coordinates>
       5.0811111111111105,45.72555555555556,0
       2.0783333333,41.2969444444,0
     </coordinates>
   </LineString>
 </Placemark>
 <Placemark>
   <name>ECMBS: LEZL - LEBL (Schengen)</name>
   <styleUrl>#schengenRoute</styleUrl>
   <LineString>
     <altitudeMode>clampToGround</altitudeMode>
     <tessellate>1</tessellate>
     <coordinates>
       -5.898888888888888,37.418055555555554,0
       2.0783333333,41.2969444444,0
     </coordinates>
   </LineString>
 </Placemark>
 <Placemark>
   <name>ECJYX: LECO - LEBL (Schengen)</name>
   <styleUrl>#schengenRoute</styleUrl>
   <LineString>
     <altitudeMode>clampToGround</altitudeMode>
     <tessellate>1</tessellate>
     <coordinates>
       -8.377222222222223,43.301944444444445,0
       2.0783333333,41.2969444444,0
     </coordinates>
   </LineString>
 </Placemark>
 <Placemark>
   <name>DAEBP: EDDM - LEBL (Schengen)</name>
   <styleUrl>#schengenRoute</styleUrl>
   <LineString>
     <altitudeMode>clampToGround</altitudeMode>
     <tessellate>1</tessellate>
     <coordinates>
       11.786111111111111,48.35388888888889,0
       2.0783333333,41.2969444444,0
     </coordinates>
   </LineString>
 </Placemark>
 <Placemark>
   <name>OOSSW: EBBR - LEBL (Schengen)</name>
   <styleUrl>#schengenRoute</styleUrl>
   <LineString>
     <altitudeMode>clampToGround</altitudeMode>
     <tessellate>1</tessellate>
     <coordinates>
       4.484444444444445,50.90138888888889,0
       2.0783333333,41.2969444444,0
     </coordinates>
   </LineString>
 </Placemark>
 <Placemark>
   <name>VQBTN: UUEE - LEBL (Non-Schengen)</name>
   <styleUrl>#nonSchengenRoute</styleUrl>
   <LineString>
     <altitudeMode>clampToGround</altitudeMode>
     <tessellate>1</tessellate>
     <coordinates>
       37.41305555555555,55.972500000000004,0
       2.0783333333,41.2969444444,0
     </coordinates>
   </LineString>
 </Placemark>
 <Placemark>
   <name>OHLZD: EFHK - LEBL (Schengen)</name>
   <styleUrl>#schengenRoute</styleUrl>
   <LineString>
     <altitudeMode>clampToGround</altitudeMode>
     <tessellate>1</tessellate>
     <coordinates>
       24.96333333333333,60.31722222222223,0
       2.0783333333,41.2969444444,0
     </coordinates>
   </LineString>
 </Placemark>
 <Placemark>
   <name>DABZA: EDDL - LEBL (Schengen)</name>
   <styleUrl>#schengenRoute</styleUrl>
   <LineString>
     <altitudeMode>clampToGround</altitudeMode>
     <tessellate>1</tessellate>
     <coordinates>
       6.7572222222222225,51.280833333333334,0
       2.0783333333,41.2969444444,0
     </coordinates>
   </LineString>
 </Placemark>
 <Placemark>
   <name>N823NW: KATL - LEBL (Non-Schengen)</name>
   <styleUrl>#nonSchengenRoute</styleUrl>
   <LineString>
     <altitudeMode>clampToGround</altitudeMode>
     <tessellate>1</tessellate>
     <coordinates>
       -84.43333333333334,33.63333333333333,0
       2.0783333333,41.2969444444,0
     </coordinates>
   </LineString>
 </Placemark>
 <Placemark>
   <name>ECMAH: LIRF - LEBL (Schengen)</name>
   <styleUrl>#schengenRoute</styleUrl>
   <LineString>
     <altitudeMode>clampToGround</altitudeMode>
     <tessellate>1</tessellate>
     <coordinates>
       12.238888888888889,41.80027777777777,0
       2.0783333333,41.2969444444,0
     </coordinates>
   </LineString>
 </Placemark>
 <Placemark>
   <name>EIENM: EDDB - LEBL (Schengen)</name>
   <styleUrl>#schengenRoute</styleUrl>
   <LineString>
     <altitudeMode>clampToGround</altitudeMode>
     <tessellate>1</tessellate>
     <coordinates>
       13.500555555555556,52.36222222222222,0
       2.0783333333,41.2969444444,0
     </coordinates>
   </LineString>
 </Placemark>
 <Placemark>
   <name>ECMBT: LEAS - LEBL (Schengen)</name>
   <styleUrl>#schengenRoute</styleUrl>
   <LineString>
     <altitudeMode>clampToGround</altitudeMode>
     <tessellate>1</tessellate>
     <coordinates>
       -6.034722222222222,43.56361111111111,0
       2.0783333333,41.2969444444,0
     </coordinates>
   </LineString>
 </Placemark>
 <Placemark>
   <name>ECJQZ: LEMD - LEBL (Schengen)</name>
   <styleUrl>#schengenRoute</styleUrl>
   <LineString>
     <altitudeMode>clampToGround</altitudeMode>
     <tessellate>1</tessellate>
     <coordinates>
       -3.560833333333333,40.47222222222222,0
       2.0783333333,41.2969444444,0
     </coordinates>
   </LineString>
 </Placemark>
 <Placemark>
   <name>HBIOK: LSZH - LEBL (Schengen)</name>
   <styleUrl>#schengenRoute</styleUrl>
   <LineString>
     <altitudeMode>clampToGround</altitudeMode>
     <tessellate>1</tessellate>
     <coordinates>
       8.548055555555555,47.45805555555556,0
       2.0783333333,41.2969444444,0
     </coordinates>
   </LineString>
 </Placemark>
 <Placemark>
   <name>ECMEA: ULLI - LEBL (Non-Schengen)</name>
   <styleUrl>#nonSchengenRoute</styleUrl>
   <LineString>
     <altitudeMode>clampToGround</altitudeMode>
     <tessellate>1</tessellate>
     <coordinates>
       30.2625,59.80027777777777,0
       2.0783333333,41.2969444444,0
     </coordinates>
   </LineString>
 </Placemark>
 <Placemark>
   <name>ECLZN: LGMK - LEBL (Schengen)</name>
   <styleUrl>#schengenRoute</styleUrl>
   <LineString>
     <altitudeMode>clampToGround</altitudeMode>
     <tessellate>1</tessellate>
     <coordinates>
       25.34722222222222,37.43722222222222,0
       2.0783333333,41.2969444444,0
     </coordinates>
   </LineString>
 </Placemark>
 <Placemark>
   <name>ECMLM: LFPO - LEBL (Schengen)</name>
   <styleUrl>#schengenRoute</styleUrl>
   <LineString>
     <altitudeMode>clampToGround</altitudeMode>
     <tessellate>1</tessellate>
     <coordinates>
       2.3794444444444447,48.723333333333336,0
       2.0783333333,41.2969444444,0
     </coordinates>
   </LineString>
 </Placemark>
 <Placemark>
   <name>DAGWT: EDDV - LEBL (Schengen)</name>
   <styleUrl>#schengenRoute</styleUrl>
   <LineString>
     <altitudeMode>clampToGround</altitudeMode>
     <tessellate>1</tessellate>
     <coordinates>
       9.68361111111111,52.46027777777778,0
       2.0783333333,41.2969444444,0
     </coordinates>
   </LineString>
 </Placemark>
 <Placemark>
   <name>ECJQQ: LEMD - LEBL (Schengen)</name>
   <styleUrl>#schengenRoute</styleUrl>
   <LineString>
     <altitudeMode>clampToGround</altitudeMode>
     <tessellate>1</tessellate>
     <coordinates>
       -3.560833333333333,40.47222222222222,0
       2.0783333333,41.2969444444,0
     </coordinates>
   </LineString>
 </Placemark>
 <Placemark>
   <name>PHHSK: EHEH - LEBL (Schengen)</name>
   <styleUrl>#schengenRoute</styleUrl>
   <LineString>
     <altitudeMode>clampToGround</altitudeMode>
     <tessellate>1</tessellate>
     <coordinates>
       5.374444444444444,51.45,0
       2.0783333333,41.2969444444,0
     </coordinates>
   </LineString>
 </Placemark>
 <Placemark>
   <name>ECMGE: UUDD - LEBL (Non-Schengen)</name>
   <styleUrl>#nonSchengenRoute</styleUrl>
   <LineString>
     <altitudeMode>clampToGround</altitudeMode>
     <tessellate>1</tessellate>
     <coordinates>
       37.906388888888884,55.40861111111111,0
       2.0783333333,41.2969444444,0
     </coordinates>
   </LineString>
 </Placemark>
 <Placemark>
   <name>DAIPZ: EDDL - LEBL (Schengen)</name>
   <styleUrl>#schengenRoute</styleUrl>
   <LineString>
     <altitudeMode>clampToGround</altitudeMode>
     <tessellate>1</tessellate>
     <coordinates>
       6.7572222222222225,51.280833333333334,0
       2.0783333333,41.2969444444,0
     </coordinates>
   </LineString>
 </Placemark>
 <Placemark>
   <name>GEUUC: EGLL - LEBL (Non-Schengen)</name>
   <styleUrl>#nonSchengenRoute</styleUrl>
   <LineString>
     <altitudeMode>clampToGround</altitudeMode>
     <tessellate>1</tessellate>
     <coordinates>
       -0.4613888888888889,51.4775,0
       2.0783333333,41.2969444444,0
     </coordinates>
   </LineString>
 </Placemark>
 <Placemark>
   <name>ECMEQ: OLBA - LEBL (Non-Schengen)</name>
   <styleUrl>#nonSchengenRoute</styleUrl>
   <LineString>
     <altitudeMode>clampToGround</altitudeMode>
     <tessellate>1</tessellate>
     <coordinates>
       35.49,33.81916666666667,0
       2.0783333333,41.2969444444,0
     </coordinates>
   </LineString>
 </Placemark>
 <Placemark>
   <name>EIEKL: LPPR - LEBL (Schengen)</name>
   <styleUrl>#schengenRoute</styleUrl>
   <LineString>
     <altitudeMode>clampToGround</altitudeMode>
     <tessellate>1</tessellate>
     <coordinates>
       -8.678055555555554,41.23555555555556,0
       2.0783333333,41.2969444444,0
     </coordinates>
   </LineString>
 </Placemark>
 <Placemark>
   <name>ECLUL: LEMD - LEBL (Schengen)</name>
   <styleUrl>#schengenRoute</styleUrl>
   <LineString>
     <altitudeMode>clampToGround</altitudeMode>
     <tessellate>1</tessellate>
     <coordinates>
       -3.560833333333333,40.47222222222222,0
       2.0783333333,41.2969444444,0
     </coordinates>
   </LineString>
 </Placemark>
 <Placemark>
   <name>OELBR: LOWW - LEBL (Schengen)</name>
   <styleUrl>#schengenRoute</styleUrl>
   <LineString>
     <altitudeMode>clampToGround</altitudeMode>
     <tessellate>1</tessellate>
     <coordinates>
       16.56972222222222,48.11027777777778,0
       2.0783333333,41.2969444444,0
     </coordinates>
   </LineString>
 </Placemark>
 <Placemark>
   <name>N76054: KEWR - LEBL (Non-Schengen)</name>
   <styleUrl>#nonSchengenRoute</styleUrl>
   <LineString>
     <altitudeMode>clampToGround</altitudeMode>
     <tessellate>1</tessellate>
     <coordinates>
       -74.16833333333334,40.696666666666665,0
       2.0783333333,41.2969444444,0
     </coordinates>
   </LineString>
 </Placemark>
 <Placemark>
   <name>EIFIY: LEIB - LEBL (Schengen)</name>
   <styleUrl>#schengenRoute</styleUrl>
   <LineString>
     <altitudeMode>clampToGround</altitudeMode>
     <tessellate>1</tessellate>
     <coordinates>
       1.3730555555555557,38.87277777777778,0
       2.0783333333,41.2969444444,0
     </coordinates>
   </LineString>
 </Placemark>
 <Placemark>
   <name>ECMFM: LEZL - LEBL (Schengen)</name>
   <styleUrl>#schengenRoute</styleUrl>
   <LineString>
     <altitudeMode>clampToGround</altitudeMode>
     <tessellate>1</tessellate>
     <coordinates>
       -5.898888888888888,37.418055555555554,0
       2.0783333333,41.2969444444,0
     </coordinates>
   </LineString>
 </Placemark>
 <Placemark>
   <name>9VSWD: SBGR - LEBL (Non-Schengen)</name>
   <styleUrl>#nonSchengenRoute</styleUrl>
   <LineString>
     <altitudeMode>clampToGround</altitudeMode>
     <tessellate>1</tessellate>
     <coordinates>
       -46.47,-23.433333333333334,0
       2.0783333333,41.2969444444,0
     </coordinates>
   </LineString>
 </Placemark>
 <Placemark>
   <name>FGTAZ: LFPG - LEBL (Schengen)</name>
   <styleUrl>#schengenRoute</styleUrl>
   <LineString>
     <altitudeMode>clampToGround</altitudeMode>
     <tessellate>1</tessellate>
     <coordinates>
       2.5477777777777777,49.00972222222222,0
       2.0783333333,41.2969444444,0
     </coordinates>
   </LineString>
 </Placemark>
 <Placemark>
   <name>OYKBP: EKCH - LEBL (Schengen)</name>
   <styleUrl>#schengenRoute</styleUrl>
   <LineString>
     <altitudeMode>clampToGround</altitudeMode>
     <tessellate>1</tessellate>
     <coordinates>
       12.65611111111111,55.61805555555556,0
       2.0783333333,41.2969444444,0
     </coordinates>
   </LineString>
 </Placemark>
 <Placemark>
   <name>ECMHA: LEPA - LEBL (Schengen)</name>
   <styleUrl>#schengenRoute</styleUrl>
   <LineString>
     <altitudeMode>clampToGround</altitudeMode>
     <tessellate>1</tessellate>
     <coordinates>
       2.738888888888889,39.55166666666666,0
       2.0783333333,41.2969444444,0
     </coordinates>
   </LineString>
 </Placemark>
 <Placemark>
   <name>DAGWI: EDDK - LEBL (Schengen)</name>
   <styleUrl>#schengenRoute</styleUrl>
   <LineString>
     <altitudeMode>clampToGround</altitudeMode>
     <tessellate>1</tessellate>
     <coordinates>
       7.142777777777778,50.865833333333335,0
       2.0783333333,41.2969444444,0
     </coordinates>
   </LineString>
 </Placemark>
 <Placemark>
   <name>ECLLJ: LEIB - LEBL (Schengen)</name>
   <styleUrl>#schengenRoute</styleUrl>
   <LineString>
     <altitudeMode>clampToGround</altitudeMode>
     <tessellate>1</tessellate>
     <coordinates>
       1.3730555555555557,38.87277777777778,0
       2.0783333333,41.2969444444,0
     </coordinates>
   </LineString>
 </Placemark>
 <Placemark>
   <name>ECMKV: LESO - LEBL (Schengen)</name>
   <styleUrl>#schengenRoute</styleUrl>
   <LineString>
     <altitudeMode>clampToGround</altitudeMode>
     <tessellate>1</tessellate>
     <coordinates>
       -1.7905555555555555,43.35638888888889,0
       2.0783333333,41.2969444444,0
     </coordinates>
   </LineString>
 </Placemark>
 <Placemark>
   <name>DAIDL: EDDF - LEBL (Schengen)</name>
   <styleUrl>#schengenRoute</styleUrl>
   <LineString>
     <altitudeMode>clampToGround</altitudeMode>
     <tessellate>1</tessellate>
     <coordinates>
       8.570555555555556,50.03333333333333,0
       2.0783333333,41.2969444444,0
     </coordinates>
   </LineString>
 </Placemark>
 <Placemark>
   <name>ECJTR: EHAM - LEBL (Schengen)</name>
   <styleUrl>#schengenRoute</styleUrl>
   <LineString>
     <altitudeMode>clampToGround</altitudeMode>
     <tessellate>1</tessellate>
     <coordinates>
       4.764166666666667,52.308055555555555,0
       2.0783333333,41.2969444444,0
     </coordinates>
   </LineString>
 </Placemark>
 <Placemark>
   <name>EIFRF: EIDW - LEBL (Non-Schengen)</name>
   <styleUrl>#nonSchengenRoute</styleUrl>
   <LineString>
     <altitudeMode>clampToGround</altitudeMode>
     <tessellate>1</tessellate>
     <coordinates>
       -6.27,53.421388888888885,0
       2.0783333333,41.2969444444,0
     </coordinates>
   </LineString>
 </Placemark>
 <Placemark>
   <name>GZBAI: EGKK - LEBL (Non-Schengen)</name>
   <styleUrl>#nonSchengenRoute</styleUrl>
   <LineString>
     <altitudeMode>clampToGround</altitudeMode>
     <tessellate>1</tessellate>
     <coordinates>
       -0.19027777777777777,51.14805555555556,0
       2.0783333333,41.2969444444,0
     </coordinates>
   </LineString>
 </Placemark>
 <Placemark>
   <name>TCJNZ: LTBA - LEBL (Non-Schengen)</name>
   <styleUrl>#nonSchengenRoute</styleUrl>
   <LineString>
     <altitudeMode>clampToGround</altitudeMode>
     <tessellate>1</tessellate>
     <coordinates>
       28.81416666666667,40.976111111111116,0
       2.0783333333,41.2969444444,0
     </coordinates>
   </LineString>
 </Placemark>
 <Placemark>
   <name>GEZDU: EDDB - LEBL (Schengen)</name>
   <styleUrl>#schengenRoute</styleUrl>
   <LineString>
     <altitudeMode>clampToGround</altitudeMode>
     <tessellate>1</tessellate>
     <coordinates>
       13.500555555555556,52.36222222222222,0
       2.0783333333,41.2969444444,0
     </coordinates>
   </LineString>
 </Placemark>
 <Placemark>
   <name>B5913: LOWW - LEBL (Schengen)</name>
   <styleUrl>#schengenRoute</styleUrl>
   <LineString>
     <altitudeMode>clampToGround</altitudeMode>
     <tessellate>1</tessellate>
     <coordinates>
       16.56972222222222,48.11027777777778,0
       2.0783333333,41.2969444444,0
     </coordinates>
   </LineString>
 </Placemark>
 <Placemark>
   <name>OELED: LOWW - LEBL (Schengen)</name>
   <styleUrl>#schengenRoute</styleUrl>
   <LineString>
     <altitudeMode>clampToGround</altitudeMode>
     <tessellate>1</tessellate>
     <coordinates>
       16.56972222222222,48.11027777777778,0
       2.0783333333,41.2969444444,0
     </coordinates>
   </LineString>
 </Placemark>
 <Placemark>
   <name>GZBAH: EGBB - LEBL (Non-Schengen)</name>
   <styleUrl>#nonSchengenRoute</styleUrl>
   <LineString>
     <altitudeMode>clampToGround</altitudeMode>
     <tessellate>1</tessellate>
     <coordinates>
       -1.7480555555555557,52.45388888888889,0
       2.0783333333,41.2969444444,0
     </coordinates>
   </LineString>
 </Placemark>
 <Placemark>
   <name>ECMHS: LPPT - LEBL (Schengen)</name>
   <styleUrl>#schengenRoute</styleUrl>
   <LineString>
     <altitudeMode>clampToGround</altitudeMode>
     <tessellate>1</tessellate>
     <coordinates>
       -9.134166666666665,38.774166666666666,0
       2.0783333333,41.2969444444,0
     </coordinates>
   </LineString>
 </Placemark>
 <Placemark>
   <name>ECLML: LEIB - LEBL (Schengen)</name>
   <styleUrl>#schengenRoute</styleUrl>
   <LineString>
     <altitudeMode>clampToGround</altitudeMode>
     <tessellate>1</tessellate>
     <coordinates>
       1.3730555555555557,38.87277777777778,0
       2.0783333333,41.2969444444,0
     </coordinates>
   </LineString>
 </Placemark>
 <Placemark>
   <name>EIDAM: LIME - LEBL (Schengen)</name>
   <styleUrl>#schengenRoute</styleUrl>
   <LineString>
     <altitudeMode>clampToGround</altitudeMode>
     <tessellate>1</tessellate>
     <coordinates>
       9.700277777777776,45.66888888888889,0
       2.0783333333,41.2969444444,0
     </coordinates>
   </LineString>
 </Placemark>
 <Placemark>
   <name>GEZTG: EGGD - LEBL (Non-Schengen)</name>
   <styleUrl>#nonSchengenRoute</styleUrl>
   <LineString>
     <altitudeMode>clampToGround</altitudeMode>
     <tessellate>1</tessellate>
     <coordinates>
       -2.7191666666666667,51.382777777777775,0
       2.0783333333,41.2969444444,0
     </coordinates>
   </LineString>
 </Placemark>
 <Placemark>
   <name>CSTTO: LPPT - LEBL (Schengen)</name>
   <styleUrl>#schengenRoute</styleUrl>
   <LineString>
     <altitudeMode>clampToGround</altitudeMode>
     <tessellate>1</tessellate>
     <coordinates>
       -9.134166666666665,38.774166666666666,0
       2.0783333333,41.2969444444,0
     </coordinates>
   </LineString>
 </Placemark>
 <Placemark>
   <name>GEZUM: LSGG - LEBL (Schengen)</name>
   <styleUrl>#schengenRoute</styleUrl>
   <LineString>
     <altitudeMode>clampToGround</altitudeMode>
     <tessellate>1</tessellate>
     <coordinates>
       6.109444444444444,46.23833333333334,0
       2.0783333333,41.2969444444,0
     </coordinates>
   </LineString>
 </Placemark>
 <Placemark>
   <name>EIDEJ: EIDW - LEBL (Non-Schengen)</name>
   <styleUrl>#nonSchengenRoute</styleUrl>
   <LineString>
     <altitudeMode>clampToGround</altitudeMode>
     <tessellate>1</tessellate>
     <coordinates>
       -6.27,53.421388888888885,0
       2.0783333333,41.2969444444,0
     </coordinates>
   </LineString>
 </Placemark>
 <Placemark>
   <name>ECMLE: LFRS - LEBL (Schengen)</name>
   <styleUrl>#schengenRoute</styleUrl>
   <LineString>
     <altitudeMode>clampToGround</altitudeMode>
     <tessellate>1</tessellate>
     <coordinates>
       -1.607777777777778,47.15694444444444,0
       2.0783333333,41.2969444444,0
     </coordinates>
   </LineString>
 </Placemark>
 <Placemark>
   <name>CGHLQ: CYUL - LEBL (Non-Schengen)</name>
   <styleUrl>#nonSchengenRoute</styleUrl>
   <LineString>
     <altitudeMode>clampToGround</altitudeMode>
     <tessellate>1</tessellate>
     <coordinates>
       -73.74138888888889,45.46805555555556,0
       2.0783333333,41.2969444444,0
     </coordinates>
   </LineString>
 </Placemark>
 <Placemark>
   <name>ECLZF: LEMH - LEBL (Schengen)</name>
   <styleUrl>#schengenRoute</styleUrl>
   <LineString>
     <altitudeMode>clampToGround</altitudeMode>
     <tessellate>1</tessellate>
     <coordinates>
       4.2186111111111115,39.862500000000004,0
       2.0783333333,41.2969444444,0
     </coordinates>
   </LineString>
 </Placemark>
 <Placemark>
   <name>CSDXZ: LFST - LEBL (Schengen)</name>
   <styleUrl>#schengenRoute</styleUrl>
   <LineString>
     <altitudeMode>clampToGround</altitudeMode>
     <tessellate>1</tessellate>
     <coordinates>
       7.634444444444444,48.54194444444444,0
       2.0783333333,41.2969444444,0
     </coordinates>
   </LineString>
 </Placemark>
 <Placemark>
   <name>GEZPC: EGGP - LEBL (Non-Schengen)</name>
   <styleUrl>#nonSchengenRoute</styleUrl>
   <LineString>
     <altitudeMode>clampToGround</altitudeMode>
     <tessellate>1</tessellate>
     <coordinates>
       -2.8497222222222223,53.33361111111111,0
       2.0783333333,41.2969444444,0
     </coordinates>
   </LineString>
 </Placemark>
 <Placemark>
   <name>PHBXF: EHAM - LEBL (Schengen)</name>
   <styleUrl>#schengenRoute</styleUrl>
   <LineString>
     <altitudeMode>clampToGround</altitudeMode>
     <tessellate>1</tessellate>
     <coordinates>
       4.764166666666667,52.308055555555555,0
       2.0783333333,41.2969444444,0
     </coordinates>
   </LineString>
 </Placemark>
 <Placemark>
   <name>EIEBK: EGCC - LEBL (Non-Schengen)</name>
   <styleUrl>#nonSchengenRoute</styleUrl>
   <LineString>
     <altitudeMode>clampToGround</altitudeMode>
     <tessellate>1</tessellate>
     <coordinates>
       -2.275,53.35388888888889,0
       2.0783333333,41.2969444444,0
     </coordinates>
   </LineString>
 </Placemark>
 <Placemark>
   <name>ECLVC: LEGR - LEBL (Schengen)</name>
   <styleUrl>#schengenRoute</styleUrl>
   <LineString>
     <altitudeMode>clampToGround</altitudeMode>
     <tessellate>1</tessellate>
     <coordinates>
       -3.777222222222222,37.18861111111111,0
       2.0783333333,41.2969444444,0
     </coordinates>
   </LineString>
 </Placemark>
 <Placemark>
   <name>EIDPM: EGPH - LEBL (Non-Schengen)</name>
   <styleUrl>#nonSchengenRoute</styleUrl>
   <LineString>
     <altitudeMode>clampToGround</altitudeMode>
     <tessellate>1</tessellate>
     <coordinates>
       -3.3725,55.95,0
       2.0783333333,41.2969444444,0
     </coordinates>
   </LineString>
 </Placemark>
 <Placemark>
   <name>ECMBK: UWKD - LEBL (Non-Schengen)</name>
   <styleUrl>#nonSchengenRoute</styleUrl>
   <LineString>
     <altitudeMode>clampToGround</altitudeMode>
     <tessellate>1</tessellate>
     <coordinates>
       49.280277777777776,55.606944444444444,0
       2.0783333333,41.2969444444,0
     </coordinates>
   </LineString>
 </Placemark>
 <Placemark>
   <name>ECLUN: DAAG - LEBL (Non-Schengen)</name>
   <styleUrl>#nonSchengenRoute</styleUrl>
   <LineString>
     <altitudeMode>clampToGround</altitudeMode>
     <tessellate>1</tessellate>
     <coordinates>
       3.2144444444444447,36.693888888888885,0
       2.0783333333,41.2969444444,0
     </coordinates>
   </LineString>
 </Placemark>
 <Placemark>
   <name>GEZBD: EGAA - LEBL (Non-Schengen)</name>
   <styleUrl>#nonSchengenRoute</styleUrl>
   <LineString>
     <altitudeMode>clampToGround</altitudeMode>
     <tessellate>1</tessellate>
     <coordinates>
       -6.215833333333333,54.6575,0
       2.0783333333,41.2969444444,0
     </coordinates>
   </LineString>
 </Placemark>
 <Placemark>
   <name>ECLRY: LEMD - LEBL (Schengen)</name>
   <styleUrl>#schengenRoute</styleUrl>
   <LineString>
     <altitudeMode>clampToGround</altitudeMode>
     <tessellate>1</tessellate>
     <coordinates>
       -3.560833333333333,40.47222222222222,0
       2.0783333333,41.2969444444,0
     </coordinates>
   </LineString>
 </Placemark>
 <Placemark>
   <name>EIEFW: LEST - LEBL (Schengen)</name>
   <styleUrl>#schengenRoute</styleUrl>
   <LineString>
     <altitudeMode>clampToGround</altitudeMode>
     <tessellate>1</tessellate>
     <coordinates>
       -8.415277777777778,42.896388888888886,0
       2.0783333333,41.2969444444,0
     </coordinates>
   </LineString>
 </Placemark>
 <Placemark>
   <name>EIDHP: EGBB - LEBL (Non-Schengen)</name>
   <styleUrl>#nonSchengenRoute</styleUrl>
   <LineString>
     <altitudeMode>clampToGround</altitudeMode>
     <tessellate>1</tessellate>
     <coordinates>
       -1.7480555555555557,52.45388888888889,0
       2.0783333333,41.2969444444,0
     </coordinates>
   </LineString>
 </Placemark>
 <Placemark>
   <name>ECLOB: LFMN - LEBL (Schengen)</name>
   <styleUrl>#schengenRoute</styleUrl>
   <LineString>
     <altitudeMode>clampToGround</altitudeMode>
     <tessellate>1</tessellate>
     <coordinates>
       7.215,43.665277777777774,0
       2.0783333333,41.2969444444,0
     </coordinates>
   </LineString>
 </Placemark>
 <Placemark>
   <name>EIDWK: EBBR - LEBL (Schengen)</name>
   <styleUrl>#schengenRoute</styleUrl>
   <LineString>
     <altitudeMode>clampToGround</altitudeMode>
     <tessellate>1</tessellate>
     <coordinates>
       4.484444444444445,50.90138888888889,0
       2.0783333333,41.2969444444,0
     </coordinates>
   </LineString>
 </Placemark>
 <Placemark>
   <name>YRBGI: LROP - LEBL (Non-Schengen)</name>
   <styleUrl>#nonSchengenRoute</styleUrl>
   <LineString>
     <altitudeMode>clampToGround</altitudeMode>
     <tessellate>1</tessellate>
     <coordinates>
       26.084999999999997,44.571111111111115,0
       2.0783333333,41.2969444444,0
     </coordinates>
   </LineString>
 </Placemark>
 <Placemark>
   <name>EIENO: LFOB - LEBL (Schengen)</name>
   <styleUrl>#schengenRoute</styleUrl>
   <LineString>
     <altitudeMode>clampToGround</altitudeMode>
     <tessellate>1</tessellate>
     <coordinates>
       2.112777777777778,49.45444444444445,0
       2.0783333333,41.2969444444,0
     </coordinates>
   </LineString>
 </Placemark>
 <Placemark>
   <name>YRBAP: LROP - LEBL (Non-Schengen)</name>
   <styleUrl>#nonSchengenRoute</styleUrl>
   <LineString>
     <altitudeMode>clampToGround</altitudeMode>
     <tessellate>1</tessellate>
     <coordinates>
       26.084999999999997,44.571111111111115,0
       2.0783333333,41.2969444444,0
     </coordinates>
   </LineString>
 </Placemark>
 <Placemark>
   <name>ECLUT: LLBG - LEBL (Non-Schengen)</name>
   <styleUrl>#nonSchengenRoute</styleUrl>
   <LineString>
     <altitudeMode>clampToGround</altitudeMode>
     <tessellate>1</tessellate>
     <coordinates>
       34.885555555555555,32.00944444444445,0
       2.0783333333,41.2969444444,0
     </coordinates>
   </LineString>
 </Placemark>
 <Placemark>
   <name>GEUUO: EGLL - LEBL (Non-Schengen)</name>
   <styleUrl>#nonSchengenRoute</styleUrl>
   <LineString>
     <altitudeMode>clampToGround</altitudeMode>
     <tessellate>1</tessellate>
     <coordinates>
       -0.4613888888888889,51.4775,0
       2.0783333333,41.2969444444,0
     </coordinates>
   </LineString>
 </Placemark>
 <Placemark>
   <name>N790AN: KMIA - LEBL (Non-Schengen)</name>
   <styleUrl>#nonSchengenRoute</styleUrl>
   <LineString>
     <altitudeMode>clampToGround</altitudeMode>
     <tessellate>1</tessellate>
     <coordinates>
       -80.28333333333333,25.8,0
       2.0783333333,41.2969444444,0
     </coordinates>
   </LineString>
 </Placemark>
 <Placemark>
   <name>GEZWN: EGKK - LEBL (Non-Schengen)</name>
   <styleUrl>#nonSchengenRoute</styleUrl>
   <LineString>
     <altitudeMode>clampToGround</altitudeMode>
     <tessellate>1</tessellate>
     <coordinates>
       -0.19027777777777777,51.14805555555556,0
       2.0783333333,41.2969444444,0
     </coordinates>
   </LineString>
 </Placemark>
 <Placemark>
   <name>SXDGQ: LGAV - LEBL (Schengen)</name>
   <styleUrl>#schengenRoute</styleUrl>
   <LineString>
     <altitudeMode>clampToGround</altitudeMode>
     <tessellate>1</tessellate>
     <coordinates>
       23.944444444444446,37.93666666666666,0
       2.0783333333,41.2969444444,0
     </coordinates>
   </LineString>
 </Placemark>
 <Placemark>
   <name>ECMMU: GCLP - LEBL (Non-Schengen)</name>
   <styleUrl>#nonSchengenRoute</styleUrl>
   <LineString>
     <altitudeMode>clampToGround</altitudeMode>
     <tessellate>1</tessellate>
     <coordinates>
       -15.386666666666667,27.931944444444447,0
       2.0783333333,41.2969444444,0
     </coordinates>
   </LineString>
 </Placemark>
 <Placemark>
   <name>LNRNO: ENGM - LEBL (Schengen)</name>
   <styleUrl>#schengenRoute</styleUrl>
   <LineString>
     <altitudeMode>clampToGround</altitudeMode>
     <tessellate>1</tessellate>
     <coordinates>
       11.08388888888889,60.20277777777778,0
       2.0783333333,41.2969444444,0
     </coordinates>
   </LineString>
 </Placemark>
 <Placemark>
   <name>ECHUH: LEMD - LEBL (Schengen)</name>
   <styleUrl>#schengenRoute</styleUrl>
   <LineString>
     <altitudeMode>clampToGround</altitudeMode>
     <tessellate>1</tessellate>
     <coordinates>
       -3.560833333333333,40.47222222222222,0
       2.0783333333,41.2969444444,0
     </coordinates>
   </LineString>
 </Placemark>
 <Placemark>
   <name>IBIXR: LIRF - LEBL (Schengen)</name>
   <styleUrl>#schengenRoute</styleUrl>
   <LineString>
     <altitudeMode>clampToGround</altitudeMode>
     <tessellate>1</tessellate>
     <coordinates>
       12.238888888888889,41.80027777777777,0
       2.0783333333,41.2969444444,0
     </coordinates>
   </LineString>
 </Placemark>
 <Placemark>
   <name>ECKMI: LEZL - LEBL (Schengen)</name>
   <styleUrl>#schengenRoute</styleUrl>
   <LineString>
     <altitudeMode>clampToGround</altitudeMode>
     <tessellate>1</tessellate>
     <coordinates>
       -5.898888888888888,37.418055555555554,0
       2.0783333333,41.2969444444,0
     </coordinates>
   </LineString>
 </Placemark>
 <Placemark>
   <name>GOZBE: EGCC - LEBL (Non-Schengen)</name>
   <styleUrl>#nonSchengenRoute</styleUrl>
   <LineString>
     <altitudeMode>clampToGround</altitudeMode>
     <tessellate>1</tessellate>
     <coordinates>
       -2.275,53.35388888888889,0
       2.0783333333,41.2969444444,0
     </coordinates>
   </LineString>
 </Placemark>
 <Placemark>
   <name>SPLND: EPWA - LEBL (Schengen)</name>
   <styleUrl>#schengenRoute</styleUrl>
   <LineString>
     <altitudeMode>clampToGround</altitudeMode>
     <tessellate>1</tessellate>
     <coordinates>
       20.96722222222222,52.16583333333333,0
       2.0783333333,41.2969444444,0
     </coordinates>
   </LineString>
 </Placemark>
 <Placemark>
   <name>EIDAE: LIRF - LEBL (Schengen)</name>
   <styleUrl>#schengenRoute</styleUrl>
   <LineString>
     <altitudeMode>clampToGround</altitudeMode>
     <tessellate>1</tessellate>
     <coordinates>
       12.238888888888889,41.80027777777777,0
       2.0783333333,41.2969444444,0
     </coordinates>
   </LineString>
 </Placemark>
 <Placemark>
   <name>N290AY: KPHL - LEBL (Non-Schengen)</name>
   <styleUrl>#nonSchengenRoute</styleUrl>
   <LineString>
     <altitudeMode>clampToGround</altitudeMode>
     <tessellate>1</tessellate>
     <coordinates>
       -75.245,39.87,0
       2.0783333333,41.2969444444,0
     </coordinates>
   </LineString>
 </Placemark>
 <Placemark>
   <name>VQBHK: UUEE - LEBL (Non-Schengen)</name>
   <styleUrl>#nonSchengenRoute</styleUrl>
   <LineString>
     <altitudeMode>clampToGround</altitudeMode>
     <tessellate>1</tessellate>
     <coordinates>
       37.41305555555555,55.972500000000004,0
       2.0783333333,41.2969444444,0
     </coordinates>
   </LineString>
 </Placemark>
 <Placemark>
   <name>ECKLT: LEMD - LEBL (Schengen)</name>
   <styleUrl>#schengenRoute</styleUrl>
   <LineString>
     <altitudeMode>clampToGround</altitudeMode>
     <tessellate>1</tessellate>
     <coordinates>
       -3.560833333333333,40.47222222222222,0
       2.0783333333,41.2969444444,0
     </coordinates>
   </LineString>
 </Placemark>
 <Placemark>
   <name>ECMMH: GCXO - LEBL (Non-Schengen)</name>
   <styleUrl>#nonSchengenRoute</styleUrl>
   <LineString>
     <altitudeMode>clampToGround</altitudeMode>
     <tessellate>1</tessellate>
     <coordinates>
       -16.341666666666665,28.482777777777777,0
       2.0783333333,41.2969444444,0
     </coordinates>
   </LineString>
 </Placemark>
 <Placemark>
   <name>ECMHB: LFPO - LEBL (Schengen)</name>
   <styleUrl>#schengenRoute</styleUrl>
   <LineString>
     <altitudeMode>clampToGround</altitudeMode>
     <tessellate>1</tessellate>
     <coordinates>
       2.3794444444444447,48.723333333333336,0
       2.0783333333,41.2969444444,0
     </coordinates>
   </LineString>
 </Placemark>
 <Placemark>
   <name>ECLXV: LEPA - LEBL (Schengen)</name>
   <styleUrl>#schengenRoute</styleUrl>
   <LineString>
     <altitudeMode>clampToGround</altitudeMode>
     <tessellate>1</tessellate>
     <coordinates>
       2.738888888888889,39.55166666666666,0
       2.0783333333,41.2969444444,0
     </coordinates>
   </LineString>
 </Placemark>
 <Placemark>
   <name>VPBWG: ULLI - LEBL (Non-Schengen)</name>
   <styleUrl>#nonSchengenRoute</styleUrl>
   <LineString>
     <altitudeMode>clampToGround</altitudeMode>
     <tessellate>1</tessellate>
     <coordinates>
       30.2625,59.80027777777777,0
       2.0783333333,41.2969444444,0
     </coordinates>
   </LineString>
 </Placemark>
 <Placemark>
   <name>ECMBY: LDZA - LEBL (Non-Schengen)</name>
   <styleUrl>#nonSchengenRoute</styleUrl>
   <LineString>
     <altitudeMode>clampToGround</altitudeMode>
     <tessellate>1</tessellate>
     <coordinates>
       16.06888888888889,45.74305555555556,0
       2.0783333333,41.2969444444,0
     </coordinates>
   </LineString>
 </Placemark>
 <Placemark>
   <name>DAIDF: EDDM - LEBL (Schengen)</name>
   <styleUrl>#schengenRoute</styleUrl>
   <LineString>
     <altitudeMode>clampToGround</altitudeMode>
     <tessellate>1</tessellate>
     <coordinates>
       11.786111111111111,48.35388888888889,0
       2.0783333333,41.2969444444,0
     </coordinates>
   </LineString>
 </Placemark>
 <Placemark>
   <name>EIDCJ: EGSS - LEBL (Non-Schengen)</name>
   <styleUrl>#nonSchengenRoute</styleUrl>
   <LineString>
     <altitudeMode>clampToGround</altitudeMode>
     <tessellate>1</tessellate>
     <coordinates>
       0.23500000000000001,51.885,0
       2.0783333333,41.2969444444,0
     </coordinates>
   </LineString>
 </Placemark>
 <Placemark>
   <name>ECMKN: LSGG - LEBL (Schengen)</name>
   <styleUrl>#schengenRoute</styleUrl>
   <LineString>
     <altitudeMode>clampToGround</altitudeMode>
     <tessellate>1</tessellate>
     <coordinates>
       6.109444444444444,46.23833333333334,0
       2.0783333333,41.2969444444,0
     </coordinates>
   </LineString>
 </Placemark>
 <Placemark>
   <name>ECJTQ: LEVX - LEBL (Schengen)</name>
   <styleUrl>#schengenRoute</styleUrl>
   <LineString>
     <altitudeMode>clampToGround</altitudeMode>
     <tessellate>1</tessellate>
     <coordinates>
       -8.627500000000001,42.22916666666667,0
       2.0783333333,41.2969444444,0
     </coordinates>
   </LineString>
 </Placemark>
 <Placemark>
   <name>LNNGP: ENGM - LEBL (Schengen)</name>
   <styleUrl>#schengenRoute</styleUrl>
   <LineString>
     <altitudeMode>clampToGround</altitudeMode>
     <tessellate>1</tessellate>
     <coordinates>
       11.08388888888889,60.20277777777778,0
       2.0783333333,41.2969444444,0
     </coordinates>
   </LineString>
 </Placemark>
 <Placemark>
   <name>ECMIQ: LIRQ - LEBL (Schengen)</name>
   <styleUrl>#schengenRoute</styleUrl>
   <LineString>
     <altitudeMode>clampToGround</altitudeMode>
     <tessellate>1</tessellate>
     <coordinates>
       11.202777777777778,43.808611111111105,0
       2.0783333333,41.2969444444,0
     </coordinates>
   </LineString>
 </Placemark>
 <Placemark>
   <name>GEZBI: EGGW - LEBL (Non-Schengen)</name>
   <styleUrl>#nonSchengenRoute</styleUrl>
   <LineString>
     <altitudeMode>clampToGround</altitudeMode>
     <tessellate>1</tessellate>
     <coordinates>
       -0.3683333333333333,51.874722222222225,0
       2.0783333333,41.2969444444,0
     </coordinates>
   </LineString>
 </Placemark>
 <Placemark>
   <name>ECMGZ: LIPZ - LEBL (Schengen)</name>
   <styleUrl>#schengenRoute</styleUrl>
   <LineString>
     <altitudeMode>clampToGround</altitudeMode>
     <tessellate>1</tessellate>
     <coordinates>
       12.351944444444444,45.50527777777778,0
       2.0783333333,41.2969444444,0
     </coordinates>
   </LineString>
 </Placemark>
 <Placemark>
   <name>ECLQM: EBBR - LEBL (Schengen)</name>
   <styleUrl>#schengenRoute</styleUrl>
   <LineString>
     <altitudeMode>clampToGround</altitudeMode>
     <tessellate>1</tessellate>
     <coordinates>
       4.484444444444445,50.90138888888889,0
       2.0783333333,41.2969444444,0
     </coordinates>
   </LineString>
 </Placemark>
 <Placemark>
   <name>GCELG: EGCC - LEBL (Non-Schengen)</name>
   <styleUrl>#nonSchengenRoute</styleUrl>
   <LineString>
     <altitudeMode>clampToGround</altitudeMode>
     <tessellate>1</tessellate>
     <coordinates>
       -2.275,53.35388888888889,0
       2.0783333333,41.2969444444,0
     </coordinates>
   </LineString>
 </Placemark>
 <Placemark>
   <name>GEZTA: LFSB - LEBL (Schengen)</name>
   <styleUrl>#schengenRoute</styleUrl>
   <LineString>
     <altitudeMode>clampToGround</altitudeMode>
     <tessellate>1</tessellate>
     <coordinates>
       7.529166666666667,47.59,0
       2.0783333333,41.2969444444,0
     </coordinates>
   </LineString>
 </Placemark>
 <Placemark>
   <name>DAISG: EDDF - LEBL (Schengen)</name>
   <styleUrl>#schengenRoute</styleUrl>
   <LineString>
     <altitudeMode>clampToGround</altitudeMode>
     <tessellate>1</tessellate>
     <coordinates>
       8.570555555555556,50.03333333333333,0
       2.0783333333,41.2969444444,0
     </coordinates>
   </LineString>
 </Placemark>
 <Placemark>
   <name>N900JG: LLBG - LEBL (Non-Schengen)</name>
   <styleUrl>#nonSchengenRoute</styleUrl>
   <LineString>
     <altitudeMode>clampToGround</altitudeMode>
     <tessellate>1</tessellate>
     <coordinates>
       34.885555555555555,32.00944444444445,0
       2.0783333333,41.2969444444,0
     </coordinates>
   </LineString>
 </Placemark>
 <Placemark>
   <name>LNDYW: EKCH - LEBL (Schengen)</name>
   <styleUrl>#schengenRoute</styleUrl>
   <LineString>
     <altitudeMode>clampToGround</altitudeMode>
     <tessellate>1</tessellate>
     <coordinates>
       12.65611111111111,55.61805555555556,0
       2.0783333333,41.2969444444,0
     </coordinates>
   </LineString>
 </Placemark>
 <Placemark>
   <name>GEZAT: LFBD - LEBL (Schengen)</name>
   <styleUrl>#schengenRoute</styleUrl>
   <LineString>
     <altitudeMode>clampToGround</altitudeMode>
     <tessellate>1</tessellate>
     <coordinates>
       -0.7152777777777777,44.828611111111115,0
       2.0783333333,41.2969444444,0
     </coordinates>
   </LineString>
 </Placemark>
 <Placemark>
   <name>EIDHX: LIPE - LEBL (Schengen)</name>
   <styleUrl>#schengenRoute</styleUrl>
   <LineString>
     <altitudeMode>clampToGround</altitudeMode>
     <tessellate>1</tessellate>
     <coordinates>
       11.296944444444444,44.530833333333334,0
       2.0783333333,41.2969444444,0
     </coordinates>
   </LineString>
 </Placemark>
 <Placemark>
   <name>CFIYE: CYYZ - LEBL (Non-Schengen)</name>
   <styleUrl>#nonSchengenRoute</styleUrl>
   <LineString>
     <altitudeMode>clampToGround</altitudeMode>
     <tessellate>1</tessellate>
     <coordinates>
       -79.63055555555555,43.67722222222222,0
       2.0783333333,41.2969444444,0
     </coordinates>
   </LineString>
 </Placemark>
 <Placemark>
   <name>ECMJC: LDSP - LEBL (Non-Schengen)</name>
   <styleUrl>#nonSchengenRoute</styleUrl>
   <LineString>
     <altitudeMode>clampToGround</altitudeMode>
     <tessellate>1</tessellate>
     <coordinates>
       16.298055555555557,43.538888888888884,0
       2.0783333333,41.2969444444,0
     </coordinates>
   </LineString>
 </Placemark>
 <Placemark>
   <name>ECKRH: LEMH - LEBL (Schengen)</name>
   <styleUrl>#schengenRoute</styleUrl>
   <LineString>
     <altitudeMode>clampToGround</altitudeMode>
     <tessellate>1</tessellate>
     <coordinates>
       4.2186111111111115,39.862500000000004,0
       2.0783333333,41.2969444444,0
     </coordinates>
   </LineString>
 </Placemark>
 <Placemark>
   <name>HBJYI: LSGG - LEBL (Schengen)</name>
   <styleUrl>#schengenRoute</styleUrl>
   <LineString>
     <altitudeMode>clampToGround</altitudeMode>
     <tessellate>1</tessellate>
     <coordinates>
       6.109444444444444,46.23833333333334,0
       2.0783333333,41.2969444444,0
     </coordinates>
   </LineString>
 </Placemark>
 <Placemark>
   <name>ECLQK: LLBG - LEBL (Non-Schengen)</name>
   <styleUrl>#nonSchengenRoute</styleUrl>
   <LineString>
     <altitudeMode>clampToGround</altitudeMode>
     <tessellate>1</tessellate>
     <coordinates>
       34.885555555555555,32.00944444444445,0
       2.0783333333,41.2969444444,0
     </coordinates>
   </LineString>
 </Placemark>
 <Placemark>
   <name>ECMBE: LSZH - LEBL (Schengen)</name>
   <styleUrl>#schengenRoute</styleUrl>
   <LineString>
     <altitudeMode>clampToGround</altitudeMode>
     <tessellate>1</tessellate>
     <coordinates>
       8.548055555555555,47.45805555555556,0
       2.0783333333,41.2969444444,0
     </coordinates>
   </LineString>
 </Placemark>
 <Placemark>
   <name>CNRGG: GMMN - LEBL (Non-Schengen)</name>
   <styleUrl>#nonSchengenRoute</styleUrl>
   <LineString>
     <altitudeMode>clampToGround</altitudeMode>
     <tessellate>1</tessellate>
     <coordinates>
       -7.581666666666666,33.36416666666667,0
       2.0783333333,41.2969444444,0
     </coordinates>
   </LineString>
 </Placemark>
 <Placemark>
   <name>ECMJR: EGGW - LEBL (Non-Schengen)</name>
   <styleUrl>#nonSchengenRoute</styleUrl>
   <LineString>
     <altitudeMode>clampToGround</altitudeMode>
     <tessellate>1</tessellate>
     <coordinates>
       -0.3683333333333333,51.874722222222225,0
       2.0783333333,41.2969444444,0
     </coordinates>
   </LineString>
 </Placemark>
 <Placemark>
   <name>TSIMV: DTTA - LEBL (Non-Schengen)</name>
   <styleUrl>#nonSchengenRoute</styleUrl>
   <LineString>
     <altitudeMode>clampToGround</altitudeMode>
     <tessellate>1</tessellate>
     <coordinates>
       10.226944444444445,36.85111111111111,0
       2.0783333333,41.2969444444,0
     </coordinates>
   </LineString>
 </Placemark>
 <Placemark>
   <name>ECLQL: EDDM - LEBL (Schengen)</name>
   <styleUrl>#schengenRoute</styleUrl>
   <LineString>
     <altitudeMode>clampToGround</altitudeMode>
     <tessellate>1</tessellate>
     <coordinates>
       11.786111111111111,48.35388888888889,0
       2.0783333333,41.2969444444,0
     </coordinates>
   </LineString>
 </Placemark>
 <Placemark>
   <name>FF333: LFCK - LEBL (Schengen)</name>
   <styleUrl>#schengenRoute</styleUrl>
   <LineString>
     <altitudeMode>clampToGround</altitudeMode>
     <tessellate>1</tessellate>
     <coordinates>
       2.2905555555555552,43.555,0
       2.0783333333,41.2969444444,0
     </coordinates>
   </LineString>
 </Placemark>
 <Placemark>
   <name>GGDFK: EGNM - LEBL (Non-Schengen)</name>
   <styleUrl>#nonSchengenRoute</styleUrl>
   <LineString>
     <altitudeMode>clampToGround</altitudeMode>
     <tessellate>1</tessellate>
     <coordinates>
       -1.6608333333333332,53.86611111111111,0
       2.0783333333,41.2969444444,0
     </coordinates>
   </LineString>
 </Placemark>
 <Placemark>
   <name>ECLRG: EDDP - LEBL (Schengen)</name>
   <styleUrl>#schengenRoute</styleUrl>
   <LineString>
     <altitudeMode>clampToGround</altitudeMode>
     <tessellate>1</tessellate>
     <coordinates>
       12.236388888888888,51.42388888888889,0
       2.0783333333,41.2969444444,0
     </coordinates>
   </LineString>
 </Placemark>
 <Placemark>
   <name>ECMBT: LEPA - LEBL (Schengen)</name>
   <styleUrl>#schengenRoute</styleUrl>
   <LineString>
     <altitudeMode>clampToGround</altitudeMode>
     <tessellate>1</tessellate>
     <coordinates>
       2.738888888888889,39.55166666666666,0
       2.0783333333,41.2969444444,0
     </coordinates>
   </LineString>
 </Placemark>
 <Placemark>
   <name>N803NW: KJFK - LEBL (Non-Schengen)</name>
   <styleUrl>#nonSchengenRoute</styleUrl>
   <LineString>
     <altitudeMode>clampToGround</altitudeMode>
     <tessellate>1</tessellate>
     <coordinates>
       -73.77833333333334,40.640277777777776,0
       2.0783333333,41.2969444444,0
     </coordinates>
   </LineString>
 </Placemark>
 <Placemark>
   <name>GEUYC: EGLL - LEBL (Non-Schengen)</name>
   <styleUrl>#nonSchengenRoute</styleUrl>
   <LineString>
     <altitudeMode>clampToGround</altitudeMode>
     <tessellate>1</tessellate>
     <coordinates>
       -0.4613888888888889,51.4775,0
       2.0783333333,41.2969444444,0
     </coordinates>
   </LineString>
 </Placemark>
 <Placemark>
   <name>N283AY: KCLT - LEBL (Non-Schengen)</name>
   <styleUrl>#nonSchengenRoute</styleUrl>
   <LineString>
     <altitudeMode>clampToGround</altitudeMode>
     <tessellate>1</tessellate>
     <coordinates>
       -80.95,35.21666666666667,0
       2.0783333333,41.2969444444,0
     </coordinates>
   </LineString>
 </Placemark>
 <Placemark>
   <name>ECMGF: EDDF - LEBL (Schengen)</name>
   <styleUrl>#schengenRoute</styleUrl>
   <LineString>
     <altitudeMode>clampToGround</altitudeMode>
     <tessellate>1</tessellate>
     <coordinates>
       8.570555555555556,50.03333333333333,0
       2.0783333333,41.2969444444,0
     </coordinates>
   </LineString>
 </Placemark>
 <Placemark>
   <name>ECMLD: EHAM - LEBL (Schengen)</name>
   <styleUrl>#schengenRoute</styleUrl>
   <LineString>
     <altitudeMode>clampToGround</altitudeMode>
     <tessellate>1</tessellate>
     <coordinates>
       4.764166666666667,52.308055555555555,0
       2.0783333333,41.2969444444,0
     </coordinates>
   </LineString>
 </Placemark>
 <Placemark>
   <name>EIIMU: LIML - LEBL (Schengen)</name>
   <styleUrl>#schengenRoute</styleUrl>
   <LineString>
     <altitudeMode>clampToGround</altitudeMode>
     <tessellate>1</tessellate>
     <coordinates>
       9.278333333333334,45.44944444444444,0
       2.0783333333,41.2969444444,0
     </coordinates>
   </LineString>
 </Placemark>
 <Placemark>
   <name>ECHUI: LEMD - LEBL (Schengen)</name>
   <styleUrl>#schengenRoute</styleUrl>
   <LineString>
     <altitudeMode>clampToGround</altitudeMode>
     <tessellate>1</tessellate>
     <coordinates>
       -3.560833333333333,40.47222222222222,0
       2.0783333333,41.2969444444,0
     </coordinates>
   </LineString>
 </Placemark>
 <Placemark>
   <name>ECLRN: LFPG - LEBL (Schengen)</name>
   <styleUrl>#schengenRoute</styleUrl>
   <LineString>
     <altitudeMode>clampToGround</altitudeMode>
     <tessellate>1</tessellate>
     <coordinates>
       2.5477777777777777,49.00972222222222,0
       2.0783333333,41.2969444444,0
     </coordinates>
   </LineString>
 </Placemark>
 <Placemark>
   <name>GEZWZ: EGKK - LEBL (Non-Schengen)</name>
   <styleUrl>#nonSchengenRoute</styleUrl>
   <LineString>
     <altitudeMode>clampToGround</altitudeMode>
     <tessellate>1</tessellate>
     <coordinates>
       -0.19027777777777777,51.14805555555556,0
       2.0783333333,41.2969444444,0
     </coordinates>
   </LineString>
 </Placemark>
 <Placemark>
   <name>CSTTV: LPPT - LEBL (Schengen)</name>
   <styleUrl>#schengenRoute</styleUrl>
   <LineString>
     <altitudeMode>clampToGround</altitudeMode>
     <tessellate>1</tessellate>
     <coordinates>
       -9.134166666666665,38.774166666666666,0
       2.0783333333,41.2969444444,0
     </coordinates>
   </LineString>
 </Placemark>
 <Placemark>
   <name>PHBXP: EHAM - LEBL (Schengen)</name>
   <styleUrl>#schengenRoute</styleUrl>
   <LineString>
     <altitudeMode>clampToGround</altitudeMode>
     <tessellate>1</tessellate>
     <coordinates>
       4.764166666666667,52.308055555555555,0
       2.0783333333,41.2969444444,0
     </coordinates>
   </LineString>
 </Placemark>
 <Placemark>
   <name>ECJGM: LEBB - LEBL (Schengen)</name>
   <styleUrl>#schengenRoute</styleUrl>
   <LineString>
     <altitudeMode>clampToGround</altitudeMode>
     <tessellate>1</tessellate>
     <coordinates>
       -2.9105555555555553,43.301111111111105,0
       2.0783333333,41.2969444444,0
     </coordinates>
   </LineString>
 </Placemark>
 <Placemark>
   <name>CFDAT: CYUL - LEBL (Non-Schengen)</name>
   <styleUrl>#nonSchengenRoute</styleUrl>
   <LineString>
     <altitudeMode>clampToGround</altitudeMode>
     <tessellate>1</tessellate>
     <coordinates>
       -73.74138888888889,45.46805555555556,0
       2.0783333333,41.2969444444,0
     </coordinates>
   </LineString>
 </Placemark>
 <Placemark>
   <name>EIDHG: EDDH - LEBL (Schengen)</name>
   <styleUrl>#schengenRoute</styleUrl>
   <LineString>
     <altitudeMode>clampToGround</altitudeMode>
     <tessellate>1</tessellate>
     <coordinates>
       9.988333333333333,53.63027777777778,0
       2.0783333333,41.2969444444,0
     </coordinates>
   </LineString>
 </Placemark>
 <Placemark>
   <name>EIFJP: LEBB - LEBL (Schengen)</name>
   <styleUrl>#schengenRoute</styleUrl>
   <LineString>
     <altitudeMode>clampToGround</altitudeMode>
     <tessellate>1</tessellate>
     <coordinates>
       -2.9105555555555553,43.301111111111105,0
       2.0783333333,41.2969444444,0
     </coordinates>
   </LineString>
 </Placemark>
 <Placemark>
   <name>ECHQI: LIRF - LEBL (Schengen)</name>
   <styleUrl>#schengenRoute</styleUrl>
   <LineString>
     <altitudeMode>clampToGround</altitudeMode>
     <tessellate>1</tessellate>
     <coordinates>
       12.238888888888889,41.80027777777777,0
       2.0783333333,41.2969444444,0
     </coordinates>
   </LineString>
 </Placemark>
 <Placemark>
   <name>CGTSW: CYYZ - LEBL (Non-Schengen)</name>
   <styleUrl>#nonSchengenRoute</styleUrl>
   <LineString>
     <altitudeMode>clampToGround</altitudeMode>
     <tessellate>1</tessellate>
     <coordinates>
       -79.63055555555555,43.67722222222222,0
       2.0783333333,41.2969444444,0
     </coordinates>
   </LineString>
 </Placemark>
 <Placemark>
   <name>ECLZO: EGKK - LEBL (Non-Schengen)</name>
   <styleUrl>#nonSchengenRoute</styleUrl>
   <LineString>
     <altitudeMode>clampToGround</altitudeMode>
     <tessellate>1</tessellate>
     <coordinates>
       -0.19027777777777777,51.14805555555556,0
       2.0783333333,41.2969444444,0
     </coordinates>
   </LineString>
 </Placemark>
 <Placemark>
   <name>N76062: KIAD - LEBL (Non-Schengen)</name>
   <styleUrl>#nonSchengenRoute</styleUrl>
   <LineString>
     <altitudeMode>clampToGround</altitudeMode>
     <tessellate>1</tessellate>
     <coordinates>
       -77.45666666666666,38.94499999999999,0
       2.0783333333,41.2969444444,0
     </coordinates>
   </LineString>
 </Placemark>
 <Placemark>
   <name>FA123: LEBB - LEBL (Schengen)</name>
   <styleUrl>#schengenRoute</styleUrl>
   <LineString>
     <altitudeMode>clampToGround</altitudeMode>
     <tessellate>1</tessellate>
     <coordinates>
       -2.9105555555555553,43.301111111111105,0
       2.0783333333,41.2969444444,0
     </coordinates>
   </LineString>
 </Placemark>
 <Placemark>
   <name>URPSS: UKBB - LEBL (Non-Schengen)</name>
   <styleUrl>#nonSchengenRoute</styleUrl>
   <LineString>
     <altitudeMode>clampToGround</altitudeMode>
     <tessellate>1</tessellate>
     <coordinates>
       30.893333333333334,50.344722222222224,0
       2.0783333333,41.2969444444,0
     </coordinates>
   </LineString>
 </Placemark>
 <Placemark>
   <name>4XELD: LLBG - LEBL (Non-Schengen)</name>
   <styleUrl>#nonSchengenRoute</styleUrl>
   <LineString>
     <altitudeMode>clampToGround</altitudeMode>
     <tessellate>1</tessellate>
     <coordinates>
       34.885555555555555,32.00944444444445,0
       2.0783333333,41.2969444444,0
     </coordinates>
   </LineString>
 </Placemark>
 <Placemark>
   <name>EIEBA: EGNX - LEBL (Non-Schengen)</name>
   <styleUrl>#nonSchengenRoute</styleUrl>
   <LineString>
     <altitudeMode>clampToGround</altitudeMode>
     <tessellate>1</tessellate>
     <coordinates>
       -1.3277777777777777,52.83111111111111,0
       2.0783333333,41.2969444444,0
     </coordinates>
   </LineString>
 </Placemark>
 <Placemark>
   <name>ECLZE: LFQQ - LEBL (Schengen)</name>
   <styleUrl>#schengenRoute</styleUrl>
   <LineString>
     <altitudeMode>clampToGround</altitudeMode>
     <tessellate>1</tessellate>
     <coordinates>
       3.0869444444444447,50.56333333333333,0
       2.0783333333,41.2969444444,0
     </coordinates>
   </LineString>
 </Placemark>
 <Placemark>
   <name>DAISW: EDDF - LEBL (Schengen)</name>
   <styleUrl>#schengenRoute</styleUrl>
   <LineString>
     <altitudeMode>clampToGround</altitudeMode>
     <tessellate>1</tessellate>
     <coordinates>
       8.570555555555556,50.03333333333333,0
       2.0783333333,41.2969444444,0
     </coordinates>
   </LineString>
 </Placemark>
 <Placemark>
   <name>PHXRX: EHEH - LEBL (Schengen)</name>
   <styleUrl>#schengenRoute</styleUrl>
   <LineString>
     <altitudeMode>clampToGround</altitudeMode>
     <tessellate>1</tessellate>
     <coordinates>
       5.374444444444444,51.45,0
       2.0783333333,41.2969444444,0
     </coordinates>
   </LineString>
 </Placemark>
 <Placemark>
   <name>TCJVM: LTFJ - LEBL (Non-Schengen)</name>
   <styleUrl>#nonSchengenRoute</styleUrl>
   <LineString>
     <altitudeMode>clampToGround</altitudeMode>
     <tessellate>1</tessellate>
     <coordinates>
       29.309166666666666,40.89833333333333,0
       2.0783333333,41.2969444444,0
     </coordinates>
   </LineString>
 </Placemark>
 <Placemark>
   <name>ECLVP: LKPR - LEBL (Schengen)</name>
   <styleUrl>#schengenRoute</styleUrl>
   <LineString>
     <altitudeMode>clampToGround</altitudeMode>
     <tessellate>1</tessellate>
     <coordinates>
       14.26,50.100833333333334,0
       2.0783333333,41.2969444444,0
     </coordinates>
   </LineString>
 </Placemark>
 <Placemark>
   <name>URPSO: UKBB - LEBL (Non-Schengen)</name>
   <styleUrl>#nonSchengenRoute</styleUrl>
   <LineString>
     <altitudeMode>clampToGround</altitudeMode>
     <tessellate>1</tessellate>
     <coordinates>
       30.893333333333334,50.344722222222224,0
       2.0783333333,41.2969444444,0
     </coordinates>
   </LineString>
 </Placemark>
 <Placemark>
   <name>ECLRM: EGBB - LEBL (Non-Schengen)</name>
   <styleUrl>#nonSchengenRoute</styleUrl>
   <LineString>
     <altitudeMode>clampToGround</altitudeMode>
     <tessellate>1</tessellate>
     <coordinates>
       -1.7480555555555557,52.45388888888889,0
       2.0783333333,41.2969444444,0
     </coordinates>
   </LineString>
 </Placemark>
 <Placemark>
   <name>ECLML: LEMH - LEBL (Schengen)</name>
   <styleUrl>#schengenRoute</styleUrl>
   <LineString>
     <altitudeMode>clampToGround</altitudeMode>
     <tessellate>1</tessellate>
     <coordinates>
       4.2186111111111115,39.862500000000004,0
       2.0783333333,41.2969444444,0
     </coordinates>
   </LineString>
 </Placemark>
 <Placemark>
   <name>ECMEQ: LEIB - LEBL (Schengen)</name>
   <styleUrl>#schengenRoute</styleUrl>
   <LineString>
     <altitudeMode>clampToGround</altitudeMode>
     <tessellate>1</tessellate>
     <coordinates>
       1.3730555555555557,38.87277777777778,0
       2.0783333333,41.2969444444,0
     </coordinates>
   </LineString>
 </Placemark>
 <Placemark>
   <name>A7AEC: OTHH - LEBL (Non-Schengen)</name>
   <styleUrl>#nonSchengenRoute</styleUrl>
   <LineString>
     <altitudeMode>clampToGround</altitudeMode>
     <tessellate>1</tessellate>
     <coordinates>
       51.608333333333334,25.274444444444445,0
       2.0783333333,41.2969444444,0
     </coordinates>
   </LineString>
 </Placemark>
 <Placemark>
   <name>LNDYB: ESGG - LEBL (Schengen)</name>
   <styleUrl>#schengenRoute</styleUrl>
   <LineString>
     <altitudeMode>clampToGround</altitudeMode>
     <tessellate>1</tessellate>
     <coordinates>
       12.29111111111111,57.66,0
       2.0783333333,41.2969444444,0
     </coordinates>
   </LineString>
 </Placemark>
 <Placemark>
   <name>A6EOP: OMDB - LEBL (Non-Schengen)</name>
   <styleUrl>#nonSchengenRoute</styleUrl>
   <LineString>
     <altitudeMode>clampToGround</altitudeMode>
     <tessellate>1</tessellate>
     <coordinates>
       55.36,25.249166666666667,0
       2.0783333333,41.2969444444,0
     </coordinates>
   </LineString>
 </Placemark>
 <Placemark>
   <name>DAKNQ: EDDT - LEBL (Schengen)</name>
   <styleUrl>#schengenRoute</styleUrl>
   <LineString>
     <altitudeMode>clampToGround</altitudeMode>
     <tessellate>1</tessellate>
     <coordinates>
       13.287777777777778,52.55972222222222,0
       2.0783333333,41.2969444444,0
     </coordinates>
   </LineString>
 </Placemark>
 <Placemark>
   <name>DAGWE: EDDH - LEBL (Schengen)</name>
   <styleUrl>#schengenRoute</styleUrl>
   <LineString>
     <altitudeMode>clampToGround</altitudeMode>
     <tessellate>1</tessellate>
     <coordinates>
       9.988333333333333,53.63027777777778,0
       2.0783333333,41.2969444444,0
     </coordinates>
   </LineString>
 </Placemark>
 <Placemark>
   <name>DCARO: LEVC - LEBL (Schengen)</name>
   <styleUrl>#schengenRoute</styleUrl>
   <LineString>
     <altitudeMode>clampToGround</altitudeMode>
     <tessellate>1</tessellate>
     <coordinates>
       -0.4816666666666667,39.489444444444445,0
       2.0783333333,41.2969444444,0
     </coordinates>
   </LineString>
 </Placemark>
 <Placemark>
   <name>OKNEN: LKPR - LEBL (Schengen)</name>
   <styleUrl>#schengenRoute</styleUrl>
   <LineString>
     <altitudeMode>clampToGround</altitudeMode>
     <tessellate>1</tessellate>
     <coordinates>
       14.26,50.100833333333334,0
       2.0783333333,41.2969444444,0
     </coordinates>
   </LineString>
 </Placemark>
 <Placemark>
   <name>LXLQB: ELLX - LEBL (Schengen)</name>
   <styleUrl>#schengenRoute</styleUrl>
   <LineString>
     <altitudeMode>clampToGround</altitudeMode>
     <tessellate>1</tessellate>
     <coordinates>
       6.204444444444444,49.623333333333335,0
       2.0783333333,41.2969444444,0
     </coordinates>
   </LineString>
 </Placemark>
 <Placemark>
   <name>EIENL: GMMX - LEBL (Non-Schengen)</name>
   <styleUrl>#nonSchengenRoute</styleUrl>
   <LineString>
     <altitudeMode>clampToGround</altitudeMode>
     <tessellate>1</tessellate>
     <coordinates>
       -8.040833333333333,31.608611111111113,0
       2.0783333333,41.2969444444,0
     </coordinates>
   </LineString>
 </Placemark>
 <Placemark>
   <name>TCJHZ: LTBA - LEBL (Non-Schengen)</name>
   <styleUrl>#nonSchengenRoute</styleUrl>
   <LineString>
     <altitudeMode>clampToGround</altitudeMode>
     <tessellate>1</tessellate>
     <coordinates>
       28.81416666666667,40.976111111111116,0
       2.0783333333,41.2969444444,0
     </coordinates>
   </LineString>
 </Placemark>
 <Placemark>
   <name>EIFRH: LEPA - LEBL (Schengen)</name>
   <styleUrl>#schengenRoute</styleUrl>
   <LineString>
     <altitudeMode>clampToGround</altitudeMode>
     <tessellate>1</tessellate>
     <coordinates>
       2.738888888888889,39.55166666666666,0
       2.0783333333,41.2969444444,0
     </coordinates>
   </LineString>
 </Placemark>
 <Placemark>
   <name>GEZUM: LFMN - LEBL (Schengen)</name>
   <styleUrl>#schengenRoute</styleUrl>
   <LineString>
     <altitudeMode>clampToGround</altitudeMode>
     <tessellate>1</tessellate>
     <coordinates>
       7.215,43.665277777777774,0
       2.0783333333,41.2969444444,0
     </coordinates>
   </LineString>
 </Placemark>
 <Placemark>
   <name>CSTTK: LPPT - LEBL (Schengen)</name>
   <styleUrl>#schengenRoute</styleUrl>
   <LineString>
     <altitudeMode>clampToGround</altitudeMode>
     <tessellate>1</tessellate>
     <coordinates>
       -9.134166666666665,38.774166666666666,0
       2.0783333333,41.2969444444,0
     </coordinates>
   </LineString>
 </Placemark>
 <Placemark>
   <name>EIDHT: EYVI - LEBL (Schengen)</name>
   <styleUrl>#schengenRoute</styleUrl>
   <LineString>
     <altitudeMode>clampToGround</altitudeMode>
     <tessellate>1</tessellate>
     <coordinates>
       25.28777777777778,54.636944444444445,0
       2.0783333333,41.2969444444,0
     </coordinates>
   </LineString>
 </Placemark>
 <Placemark>
   <name>TCCPG: LTFJ - LEBL (Non-Schengen)</name>
   <styleUrl>#nonSchengenRoute</styleUrl>
   <LineString>
     <altitudeMode>clampToGround</altitudeMode>
     <tessellate>1</tessellate>
     <coordinates>
       29.309166666666666,40.89833333333333,0
       2.0783333333,41.2969444444,0
     </coordinates>
   </LineString>
 </Placemark>
 <Placemark>
   <name>ECLZF: LEAM - LEBL (Schengen)</name>
   <styleUrl>#schengenRoute</styleUrl>
   <LineString>
     <altitudeMode>clampToGround</altitudeMode>
     <tessellate>1</tessellate>
     <coordinates>
       -2.37,36.84388888888889,0
       2.0783333333,41.2969444444,0
     </coordinates>
   </LineString>
 </Placemark>
 <Placemark>
   <name>ECIXD: LEMD - LEBL (Schengen)</name>
   <styleUrl>#schengenRoute</styleUrl>
   <LineString>
     <altitudeMode>clampToGround</altitudeMode>
     <tessellate>1</tessellate>
     <coordinates>
       -3.560833333333333,40.47222222222222,0
       2.0783333333,41.2969444444,0
     </coordinates>
   </LineString>
 </Placemark>
 <Placemark>
   <name>ECMHA: LIMC - LEBL (Schengen)</name>
   <styleUrl>#schengenRoute</styleUrl>
   <LineString>
     <altitudeMode>clampToGround</altitudeMode>
     <tessellate>1</tessellate>
     <coordinates>
       8.723055555555556,45.63,0
       2.0783333333,41.2969444444,0
     </coordinates>
   </LineString>
 </Placemark>
 <Placemark>
   <name>SUGCE: HECA - LEBL (Non-Schengen)</name>
   <styleUrl>#nonSchengenRoute</styleUrl>
   <LineString>
     <altitudeMode>clampToGround</altitudeMode>
     <tessellate>1</tessellate>
     <coordinates>
       31.413888888888888,30.11138888888889,0
       2.0783333333,41.2969444444,0
     </coordinates>
   </LineString>
 </Placemark>
 <Placemark>
   <name>SXABE: LFRN - LEBL (Schengen)</name>
   <styleUrl>#schengenRoute</styleUrl>
   <LineString>
     <altitudeMode>clampToGround</altitudeMode>
     <tessellate>1</tessellate>
     <coordinates>
       -1.7322222222222223,48.07194444444445,0
       2.0783333333,41.2969444444,0
     </coordinates>
   </LineString>
 </Placemark>
 <Placemark>
   <name>HBIOM: LSZH - LEBL (Schengen)</name>
   <styleUrl>#schengenRoute</styleUrl>
   <LineString>
     <altitudeMode>clampToGround</altitudeMode>
     <tessellate>1</tessellate>
     <coordinates>
       8.548055555555555,47.45805555555556,0
       2.0783333333,41.2969444444,0
     </coordinates>
   </LineString>
 </Placemark>
 <Placemark>
   <name>GEUUY: EGLL - LEBL (Non-Schengen)</name>
   <styleUrl>#nonSchengenRoute</styleUrl>
   <LineString>
     <altitudeMode>clampToGround</altitudeMode>
     <tessellate>1</tessellate>
     <coordinates>
       -0.4613888888888889,51.4775,0
       2.0783333333,41.2969444444,0
     </coordinates>
   </LineString>
 </Placemark>
 <Placemark>
   <name>ECMEA: GMFF - LEBL (Non-Schengen)</name>
   <styleUrl>#nonSchengenRoute</styleUrl>
   <LineString>
     <altitudeMode>clampToGround</altitudeMode>
     <tessellate>1</tessellate>
     <coordinates>
       -4.977777777777778,33.92722222222222,0
       2.0783333333,41.2969444444,0
     </coordinates>
   </LineString>
 </Placemark>
 <Placemark>
   <name>ECLTG: ETNL - LEBL (Non-Schengen)</name>
   <styleUrl>#nonSchengenRoute</styleUrl>
   <LineString>
     <altitudeMode>clampToGround</altitudeMode>
     <tessellate>1</tessellate>
     <coordinates>
       12.278333333333334,53.91916666666666,0
       2.0783333333,41.2969444444,0
     </coordinates>
   </LineString>
 </Placemark>
 <Placemark>
   <name>DAIRA: EDDM - LEBL (Schengen)</name>
   <styleUrl>#schengenRoute</styleUrl>
   <LineString>
     <altitudeMode>clampToGround</altitudeMode>
     <tessellate>1</tessellate>
     <coordinates>
       11.786111111111111,48.35388888888889,0
       2.0783333333,41.2969444444,0
     </coordinates>
   </LineString>
 </Placemark>
 <Placemark>
   <name>ECJYX: EHAM - LEBL (Schengen)</name>
   <styleUrl>#schengenRoute</styleUrl>
   <LineString>
     <altitudeMode>clampToGround</altitudeMode>
     <tessellate>1</tessellate>
     <coordinates>
       4.764166666666667,52.308055555555555,0
       2.0783333333,41.2969444444,0
     </coordinates>
   </LineString>
 </Placemark>
 <Placemark>
   <name>ECLUN: LIMF - LEBL (Schengen)</name>
   <styleUrl>#schengenRoute</styleUrl>
   <LineString>
     <altitudeMode>clampToGround</altitudeMode>
     <tessellate>1</tessellate>
     <coordinates>
       7.649444444444444,45.2025,0
       2.0783333333,41.2969444444,0
     </coordinates>
   </LineString>
 </Placemark>
 <Placemark>
   <name>GEZPL: EGKK - LEBL (Non-Schengen)</name>
   <styleUrl>#nonSchengenRoute</styleUrl>
   <LineString>
     <altitudeMode>clampToGround</altitudeMode>
     <tessellate>1</tessellate>
     <coordinates>
       -0.19027777777777777,51.14805555555556,0
       2.0783333333,41.2969444444,0
     </coordinates>
   </LineString>
 </Placemark>
 <Placemark>
   <name>EIFJN: EDDB - LEBL (Schengen)</name>
   <styleUrl>#schengenRoute</styleUrl>
   <LineString>
     <altitudeMode>clampToGround</altitudeMode>
     <tessellate>1</tessellate>
     <coordinates>
       13.500555555555556,52.36222222222222,0
       2.0783333333,41.2969444444,0
     </coordinates>
   </LineString>
 </Placemark>
 <Placemark>
   <name>PHXRD: EHAM - LEBL (Schengen)</name>
   <styleUrl>#schengenRoute</styleUrl>
   <LineString>
     <altitudeMode>clampToGround</altitudeMode>
     <tessellate>1</tessellate>
     <coordinates>
       4.764166666666667,52.308055555555555,0
       2.0783333333,41.2969444444,0
     </coordinates>
   </LineString>
 </Placemark>
 <Placemark>
   <name>ECLXV: LEPA - LEBL (Schengen)</name>
   <styleUrl>#schengenRoute</styleUrl>
   <LineString>
     <altitudeMode>clampToGround</altitudeMode>
     <tessellate>1</tessellate>
     <coordinates>
       2.738888888888889,39.55166666666666,0
       2.0783333333,41.2969444444,0
     </coordinates>
   </LineString>
 </Placemark>
 <Placemark>
   <name>ECLOB: LEMG - LEBL (Schengen)</name>
   <styleUrl>#schengenRoute</styleUrl>
   <LineString>
     <altitudeMode>clampToGround</altitudeMode>
     <tessellate>1</tessellate>
     <coordinates>
       -4.4991666666666665,36.675,0
       2.0783333333,41.2969444444,0
     </coordinates>
   </LineString>
 </Placemark>
 <Placemark>
   <name>ECMGE: LEBB - LEBL (Schengen)</name>
   <styleUrl>#schengenRoute</styleUrl>
   <LineString>
     <altitudeMode>clampToGround</altitudeMode>
     <tessellate>1</tessellate>
     <coordinates>
       -2.9105555555555553,43.301111111111105,0
       2.0783333333,41.2969444444,0
     </coordinates>
   </LineString>
 </Placemark>
 <Placemark>
   <name>OOSSW: EBBR - LEBL (Schengen)</name>
   <styleUrl>#schengenRoute</styleUrl>
   <LineString>
     <altitudeMode>clampToGround</altitudeMode>
     <tessellate>1</tessellate>
     <coordinates>
       4.484444444444445,50.90138888888889,0
       2.0783333333,41.2969444444,0
     </coordinates>
   </LineString>
 </Placemark>
 <Placemark>
   <name>GEUYB: EGKK - LEBL (Non-Schengen)</name>
   <styleUrl>#nonSchengenRoute</styleUrl>
   <LineString>
     <altitudeMode>clampToGround</altitudeMode>
     <tessellate>1</tessellate>
     <coordinates>
       -0.19027777777777777,51.14805555555556,0
       2.0783333333,41.2969444444,0
     </coordinates>
   </LineString>
 </Placemark>
 <Placemark>
   <name>DAISE: EDDF - LEBL (Schengen)</name>
   <styleUrl>#schengenRoute</styleUrl>
   <LineString>
     <altitudeMode>clampToGround</altitudeMode>
     <tessellate>1</tessellate>
     <coordinates>
       8.570555555555556,50.03333333333333,0
       2.0783333333,41.2969444444,0
     </coordinates>
   </LineString>
 </Placemark>
 <Placemark>
   <name>N969AV: SKBO - LEBL (Non-Schengen)</name>
   <styleUrl>#nonSchengenRoute</styleUrl>
   <LineString>
     <altitudeMode>clampToGround</altitudeMode>
     <tessellate>1</tessellate>
     <coordinates>
       -74.15,4.7,0
       2.0783333333,41.2969444444,0
     </coordinates>
   </LineString>
 </Placemark>
 <Placemark>
   <name>A6AIN: EGLL - LEBL (Non-Schengen)</name>
   <styleUrl>#nonSchengenRoute</styleUrl>
   <LineString>
     <altitudeMode>clampToGround</altitudeMode>
     <tessellate>1</tessellate>
     <coordinates>
       -0.4613888888888889,51.4775,0
       2.0783333333,41.2969444444,0
     </coordinates>
   </LineString>
 </Placemark>
 <Placemark>
   <name>EIFIY: LIRF - LEBL (Schengen)</name>
   <styleUrl>#schengenRoute</styleUrl>
   <LineString>
     <altitudeMode>clampToGround</altitudeMode>
     <tessellate>1</tessellate>
     <coordinates>
       12.238888888888889,41.80027777777777,0
       2.0783333333,41.2969444444,0
     </coordinates>
   </LineString>
 </Placemark>
 <Placemark>
   <name>ECHUH: LEMD - LEBL (Schengen)</name>
   <styleUrl>#schengenRoute</styleUrl>
   <LineString>
     <altitudeMode>clampToGround</altitudeMode>
     <tessellate>1</tessellate>
     <coordinates>
       -3.560833333333333,40.47222222222222,0
       2.0783333333,41.2969444444,0
     </coordinates>
   </LineString>
 </Placemark>
 <Placemark>
   <name>ECHOB: LYTV - LEBL (Non-Schengen)</name>
   <styleUrl>#nonSchengenRoute</styleUrl>
   <LineString>
     <altitudeMode>clampToGround</altitudeMode>
     <tessellate>1</tessellate>
     <coordinates>
       18.723333333333333,42.40472222222222,0
       2.0783333333,41.2969444444,0
     </coordinates>
   </LineString>
 </Placemark>
 <Placemark>
   <name>EIDAE: LIMF - LEBL (Schengen)</name>
   <styleUrl>#schengenRoute</styleUrl>
   <LineString>
     <altitudeMode>clampToGround</altitudeMode>
     <tessellate>1</tessellate>
     <coordinates>
       7.649444444444444,45.2025,0
       2.0783333333,41.2969444444,0
     </coordinates>
   </LineString>
 </Placemark>
 <Placemark>
   <name>ECLRY: LFPO - LEBL (Schengen)</name>
   <styleUrl>#schengenRoute</styleUrl>
   <LineString>
     <altitudeMode>clampToGround</altitudeMode>
     <tessellate>1</tessellate>
     <coordinates>
       2.3794444444444447,48.723333333333336,0
       2.0783333333,41.2969444444,0
     </coordinates>
   </LineString>
 </Placemark>
 <Placemark>
   <name>EIENO: LEMG - LEBL (Schengen)</name>
   <styleUrl>#schengenRoute</styleUrl>
   <LineString>
     <altitudeMode>clampToGround</altitudeMode>
     <tessellate>1</tessellate>
     <coordinates>
       -4.4991666666666665,36.675,0
       2.0783333333,41.2969444444,0
     </coordinates>
   </LineString>
 </Placemark>
 <Placemark>
   <name>EIDWK: LIPH - LEBL (Schengen)</name>
   <styleUrl>#schengenRoute</styleUrl>
   <LineString>
     <altitudeMode>clampToGround</altitudeMode>
     <tessellate>1</tessellate>
     <coordinates>
       12.197777777777778,45.65083333333333,0
       2.0783333333,41.2969444444,0
     </coordinates>
   </LineString>
 </Placemark>
 <Placemark>
   <name>ECJTR: LFSB - LEBL (Schengen)</name>
   <styleUrl>#schengenRoute</styleUrl>
   <LineString>
     <altitudeMode>clampToGround</altitudeMode>
     <tessellate>1</tessellate>
     <coordinates>
       7.529166666666667,47.59,0
       2.0783333333,41.2969444444,0
     </coordinates>
   </LineString>
 </Placemark>
 <Placemark>
   <name>ECMGF: LEMH - LEBL (Schengen)</name>
   <styleUrl>#schengenRoute</styleUrl>
   <LineString>
     <altitudeMode>clampToGround</altitudeMode>
     <tessellate>1</tessellate>
     <coordinates>
       4.2186111111111115,39.862500000000004,0
       2.0783333333,41.2969444444,0
     </coordinates>
   </LineString>
 </Placemark>
 <Placemark>
   <name>EIFJL: ENBR - LEBL (Schengen)</name>
   <styleUrl>#schengenRoute</styleUrl>
   <LineString>
     <altitudeMode>clampToGround</altitudeMode>
     <tessellate>1</tessellate>
     <coordinates>
       5.218055555555556,60.29361111111111,0
       2.0783333333,41.2969444444,0
     </coordinates>
   </LineString>
 </Placemark>
 <Placemark>
   <name>ECLST: LEMH - LEBL (Schengen)</name>
   <styleUrl>#schengenRoute</styleUrl>
   <LineString>
     <altitudeMode>clampToGround</altitudeMode>
     <tessellate>1</tessellate>
     <coordinates>
       4.2186111111111115,39.862500000000004,0
       2.0783333333,41.2969444444,0
     </coordinates>
   </LineString>
 </Placemark>
 <Placemark>
   <name>EK111: LSZG - LEBL (Schengen)</name>
   <styleUrl>#schengenRoute</styleUrl>
   <LineString>
     <altitudeMode>clampToGround</altitudeMode>
     <tessellate>1</tessellate>
     <coordinates>
       7.416388888888889,47.18138888888889,0
       2.0783333333,41.2969444444,0
     </coordinates>
   </LineString>
 </Placemark>
 <Placemark>
   <name>ECMGY: EPWA - LEBL (Schengen)</name>
   <styleUrl>#schengenRoute</styleUrl>
   <LineString>
     <altitudeMode>clampToGround</altitudeMode>
     <tessellate>1</tessellate>
     <coordinates>
       20.96722222222222,52.16583333333333,0
       2.0783333333,41.2969444444,0
     </coordinates>
   </LineString>
 </Placemark>
 <Placemark>
   <name>EIDAM: EGSS - LEBL (Non-Schengen)</name>
   <styleUrl>#nonSchengenRoute</styleUrl>
   <LineString>
     <altitudeMode>clampToGround</altitudeMode>
     <tessellate>1</tessellate>
     <coordinates>
       0.23500000000000001,51.885,0
       2.0783333333,41.2969444444,0
     </coordinates>
   </LineString>
 </Placemark>
 <Placemark>
   <name>EIFJM: ESSA - LEBL (Schengen)</name>
   <styleUrl>#schengenRoute</styleUrl>
   <LineString>
     <altitudeMode>clampToGround</altitudeMode>
     <tessellate>1</tessellate>
     <coordinates>
       17.91861111111111,59.651944444444446,0
       2.0783333333,41.2969444444,0
     </coordinates>
   </LineString>
 </Placemark>
 <Placemark>
   <name>DAISR: EDDF - LEBL (Schengen)</name>
   <styleUrl>#schengenRoute</styleUrl>
   <LineString>
     <altitudeMode>clampToGround</altitudeMode>
     <tessellate>1</tessellate>
     <coordinates>
       8.570555555555556,50.03333333333333,0
       2.0783333333,41.2969444444,0
     </coordinates>
   </LineString>
 </Placemark>
 <Placemark>
   <name>CSTTN: LPPT - LEBL (Schengen)</name>
   <styleUrl>#schengenRoute</styleUrl>
   <LineString>
     <altitudeMode>clampToGround</altitudeMode>
     <tessellate>1</tessellate>
     <coordinates>
       -9.134166666666665,38.774166666666666,0
       2.0783333333,41.2969444444,0
     </coordinates>
   </LineString>
 </Placemark>
 <Placemark>
   <name>EIDCJ: LIME - LEBL (Schengen)</name>
   <styleUrl>#schengenRoute</styleUrl>
   <LineString>
     <altitudeMode>clampToGround</altitudeMode>
     <tessellate>1</tessellate>
     <coordinates>
       9.700277777777776,45.66888888888889,0
       2.0783333333,41.2969444444,0
     </coordinates>
   </LineString>
 </Placemark>
 <Placemark>
   <name>OYRUP: GCXO - LEBL (Non-Schengen)</name>
   <styleUrl>#nonSchengenRoute</styleUrl>
   <LineString>
     <altitudeMode>clampToGround</altitudeMode>
     <tessellate>1</tessellate>
     <coordinates>
       -16.341666666666665,28.482777777777777,0
       2.0783333333,41.2969444444,0
     </coordinates>
   </LineString>
 </Placemark>
 <Placemark>
   <name>ECIVJ: LEIB - LEBL (Schengen)</name>
   <styleUrl>#schengenRoute</styleUrl>
   <LineString>
     <altitudeMode>clampToGround</altitudeMode>
     <tessellate>1</tessellate>
     <coordinates>
       1.3730555555555557,38.87277777777778,0
       2.0783333333,41.2969444444,0
     </coordinates>
   </LineString>
 </Placemark>
 <Placemark>
   <name>EIEFW: EBBR - LEBL (Schengen)</name>
   <styleUrl>#schengenRoute</styleUrl>
   <LineString>
     <altitudeMode>clampToGround</altitudeMode>
     <tessellate>1</tessellate>
     <coordinates>
       4.484444444444445,50.90138888888889,0
       2.0783333333,41.2969444444,0
     </coordinates>
   </LineString>
 </Placemark>
 <Placemark>
   <name>LVCSX: SAEZ - LEBL (Non-Schengen)</name>
   <styleUrl>#nonSchengenRoute</styleUrl>
   <LineString>
     <altitudeMode>clampToGround</altitudeMode>
     <tessellate>1</tessellate>
     <coordinates>
       -58.53583333333333,-34.82222222222222,0
       2.0783333333,41.2969444444,0
     </coordinates>
   </LineString>
 </Placemark>
 <Placemark>
   <name>PHBXG: EHAM - LEBL (Schengen)</name>
   <styleUrl>#schengenRoute</styleUrl>
   <LineString>
     <altitudeMode>clampToGround</altitudeMode>
     <tessellate>1</tessellate>
     <coordinates>
       4.764166666666667,52.308055555555555,0
       2.0783333333,41.2969444444,0
     </coordinates>
   </LineString>
 </Placemark>
 <Placemark>
   <name>LYVEO: LEST - LEBL (Schengen)</name>
   <styleUrl>#schengenRoute</styleUrl>
   <LineString>
     <altitudeMode>clampToGround</altitudeMode>
     <tessellate>1</tessellate>
     <coordinates>
       -8.415277777777778,42.896388888888886,0
       2.0783333333,41.2969444444,0
     </coordinates>
   </LineString>
 </Placemark>
 <Placemark>
   <name>ECMJZ: LEBZ - LEBL (Schengen)</name>
   <styleUrl>#schengenRoute</styleUrl>
   <LineString>
     <altitudeMode>clampToGround</altitudeMode>
     <tessellate>1</tessellate>
     <coordinates>
       -6.8213888888888885,38.89138888888889,0
       2.0783333333,41.2969444444,0
     </coordinates>
   </LineString>
 </Placemark>
 <Placemark>
   <name>VQBBG: UUEE - LEBL (Non-Schengen)</name>
   <styleUrl>#nonSchengenRoute</styleUrl>
   <LineString>
     <altitudeMode>clampToGround</altitudeMode>
     <tessellate>1</tessellate>
     <coordinates>
       37.41305555555555,55.972500000000004,0
       2.0783333333,41.2969444444,0
     </coordinates>
   </LineString>
 </Placemark>
 <Placemark>
   <name>PTMSV: SBGR - LEBL (Non-Schengen)</name>
   <styleUrl>#nonSchengenRoute</styleUrl>
   <LineString>
     <altitudeMode>clampToGround</altitudeMode>
     <tessellate>1</tessellate>
     <coordinates>
       -46.47,-23.433333333333334,0
       2.0783333333,41.2969444444,0
     </coordinates>
   </LineString>
 </Placemark>
 <Placemark>
   <name>HBJYL: LSGG - LEBL (Schengen)</name>
   <styleUrl>#schengenRoute</styleUrl>
   <LineString>
     <altitudeMode>clampToGround</altitudeMode>
     <tessellate>1</tessellate>
     <coordinates>
       6.109444444444444,46.23833333333334,0
       2.0783333333,41.2969444444,0
     </coordinates>
   </LineString>
 </Placemark>
 <Placemark>
   <name>ECJPF: LEMD - LEBL (Schengen)</name>
   <styleUrl>#schengenRoute</styleUrl>
   <LineString>
     <altitudeMode>clampToGround</altitudeMode>
     <tessellate>1</tessellate>
     <coordinates>
       -3.560833333333333,40.47222222222222,0
       2.0783333333,41.2969444444,0
     </coordinates>
   </LineString>
 </Placemark>
 <Placemark>
   <name>EIFJP: LEPA - LEBL (Schengen)</name>
   <styleUrl>#schengenRoute</styleUrl>
   <LineString>
     <altitudeMode>clampToGround</altitudeMode>
     <tessellate>1</tessellate>
     <coordinates>
       2.738888888888889,39.55166666666666,0
       2.0783333333,41.2969444444,0
     </coordinates>
   </LineString>
 </Placemark>
 <Placemark>
   <name>HBJXE: LFSB - LEBL (Schengen)</name>
   <styleUrl>#schengenRoute</styleUrl>
   <LineString>
     <altitudeMode>clampToGround</altitudeMode>
     <tessellate>1</tessellate>
     <coordinates>
       7.529166666666667,47.59,0
       2.0783333333,41.2969444444,0
     </coordinates>
   </LineString>
 </Placemark>
 <Placemark>
   <name>CNNMH: GMMN - LEBL (Non-Schengen)</name>
   <styleUrl>#nonSchengenRoute</styleUrl>
   <LineString>
     <altitudeMode>clampToGround</altitudeMode>
     <tessellate>1</tessellate>
     <coordinates>
       -7.581666666666666,33.36416666666667,0
       2.0783333333,41.2969444444,0
     </coordinates>
   </LineString>
 </Placemark>
 <Placemark>
   <name>ECLML: LEPA - LEBL (Schengen)</name>
   <styleUrl>#schengenRoute</styleUrl>
   <LineString>
     <altitudeMode>clampToGround</altitudeMode>
     <tessellate>1</tessellate>
     <coordinates>
       2.738888888888889,39.55166666666666,0
       2.0783333333,41.2969444444,0
     </coordinates>
   </LineString>
 </Placemark>
 <Placemark>
   <name>ECJNI: LEMD - LEBL (Schengen)</name>
   <styleUrl>#schengenRoute</styleUrl>
   <LineString>
     <altitudeMode>clampToGround</altitudeMode>
     <tessellate>1</tessellate>
     <coordinates>
       -3.560833333333333,40.47222222222222,0
       2.0783333333,41.2969444444,0
     </coordinates>
   </LineString>
 </Placemark>
 <Placemark>
   <name>ECMKV: ELLX - LEBL (Schengen)</name>
   <styleUrl>#schengenRoute</styleUrl>
   <LineString>
     <altitudeMode>clampToGround</altitudeMode>
     <tessellate>1</tessellate>
     <coordinates>
       6.204444444444444,49.623333333333335,0
       2.0783333333,41.2969444444,0
     </coordinates>
   </LineString>
 </Placemark>
 <Placemark>
   <name>ECJGM: LEBB - LEBL (Schengen)</name>
   <styleUrl>#schengenRoute</styleUrl>
   <LineString>
     <altitudeMode>clampToGround</altitudeMode>
     <tessellate>1</tessellate>
     <coordinates>
       -2.9105555555555553,43.301111111111105,0
       2.0783333333,41.2969444444,0
     </coordinates>
   </LineString>
 </Placemark>
 <Placemark>
   <name>ECMBK: LEJR - LEBL (Schengen)</name>
   <styleUrl>#schengenRoute</styleUrl>
   <LineString>
     <altitudeMode>clampToGround</altitudeMode>
     <tessellate>1</tessellate>
     <coordinates>
       -6.06,36.74472222222222,0
       2.0783333333,41.2969444444,0
     </coordinates>
   </LineString>
 </Placemark>
 <Placemark>
   <name>EIFJK: EFHK - LEBL (Schengen)</name>
   <styleUrl>#schengenRoute</styleUrl>
   <LineString>
     <altitudeMode>clampToGround</altitudeMode>
     <tessellate>1</tessellate>
     <coordinates>
       24.96333333333333,60.31722222222223,0
       2.0783333333,41.2969444444,0
     </coordinates>
   </LineString>
 </Placemark>
 <Placemark>
   <name>ECMBF: EDDN - LEBL (Schengen)</name>
   <styleUrl>#schengenRoute</styleUrl>
   <LineString>
     <altitudeMode>clampToGround</altitudeMode>
     <tessellate>1</tessellate>
     <coordinates>
       11.078055555555554,49.49861111111111,0
       2.0783333333,41.2969444444,0
     </coordinates>
   </LineString>
 </Placemark>
 <Placemark>
   <name>ECMLE: EHEH - LEBL (Schengen)</name>
   <styleUrl>#schengenRoute</styleUrl>
   <LineString>
     <altitudeMode>clampToGround</altitudeMode>
     <tessellate>1</tessellate>
     <coordinates>
       5.374444444444444,51.45,0
       2.0783333333,41.2969444444,0
     </coordinates>
   </LineString>
 </Placemark>
 <Placemark>
   <name>ECMHB: EDDS - LEBL (Schengen)</name>
   <styleUrl>#schengenRoute</styleUrl>
   <LineString>
     <altitudeMode>clampToGround</altitudeMode>
     <tessellate>1</tessellate>
     <coordinates>
       9.221944444444444,48.69,0
       2.0783333333,41.2969444444,0
     </coordinates>
   </LineString>
 </Placemark>
 <Placemark>
   <name>TCJIP: LTBA - LEBL (Non-Schengen)</name>
   <styleUrl>#nonSchengenRoute</styleUrl>
   <LineString>
     <altitudeMode>clampToGround</altitudeMode>
     <tessellate>1</tessellate>
     <coordinates>
       28.81416666666667,40.976111111111116,0
       2.0783333333,41.2969444444,0
     </coordinates>
   </LineString>
 </Placemark>
 <Placemark>
   <name>TCDCF: LTFJ - LEBL (Non-Schengen)</name>
   <styleUrl>#nonSchengenRoute</styleUrl>
   <LineString>
     <altitudeMode>clampToGround</altitudeMode>
     <tessellate>1</tessellate>
     <coordinates>
       29.309166666666666,40.89833333333333,0
       2.0783333333,41.2969444444,0
     </coordinates>
   </LineString>
 </Placemark>
 <Placemark>
   <name>ECLZN: EGNT - LEBL (Non-Schengen)</name>
   <styleUrl>#nonSchengenRoute</styleUrl>
   <LineString>
     <altitudeMode>clampToGround</altitudeMode>
     <tessellate>1</tessellate>
     <coordinates>
       -1.6897222222222223,55.03805555555555,0
       2.0783333333,41.2969444444,0
     </coordinates>
   </LineString>
 </Placemark>
 <Placemark>
   <name>IBIXS: LIRF - LEBL (Schengen)</name>
   <styleUrl>#schengenRoute</styleUrl>
   <LineString>
     <altitudeMode>clampToGround</altitudeMode>
     <tessellate>1</tessellate>
     <coordinates>
       12.238888888888889,41.80027777777777,0
       2.0783333333,41.2969444444,0
     </coordinates>
   </LineString>
 </Placemark>
 <Placemark>
   <name>VPBAS: UUDD - LEBL (Non-Schengen)</name>
   <styleUrl>#nonSchengenRoute</styleUrl>
   <LineString>
     <altitudeMode>clampToGround</altitudeMode>
     <tessellate>1</tessellate>
     <coordinates>
       37.906388888888884,55.40861111111111,0
       2.0783333333,41.2969444444,0
     </coordinates>
   </LineString>
 </Placemark>
 <Placemark>
   <name>ECMBS: LEZL - LEBL (Schengen)</name>
   <styleUrl>#schengenRoute</styleUrl>
   <LineString>
     <altitudeMode>clampToGround</altitudeMode>
     <tessellate>1</tessellate>
     <coordinates>
       -5.898888888888888,37.418055555555554,0
       2.0783333333,41.2969444444,0
     </coordinates>
   </LineString>
 </Placemark>
 <Placemark>
   <name>ECJFF: GCFV - LEBL (Non-Schengen)</name>
   <styleUrl>#nonSchengenRoute</styleUrl>
   <LineString>
     <altitudeMode>clampToGround</altitudeMode>
     <tessellate>1</tessellate>
     <coordinates>
       -13.863888888888889,28.452777777777776,0
       2.0783333333,41.2969444444,0
     </coordinates>
   </LineString>
 </Placemark>
 <Placemark>
   <name>LNRRG: ENGM - LEBL (Schengen)</name>
   <styleUrl>#schengenRoute</styleUrl>
   <LineString>
     <altitudeMode>clampToGround</altitudeMode>
     <tessellate>1</tessellate>
     <coordinates>
       11.08388888888889,60.20277777777778,0
       2.0783333333,41.2969444444,0
     </coordinates>
   </LineString>
 </Placemark>
 <Placemark>
   <name>ECJTQ: LFPG - LEBL (Schengen)</name>
   <styleUrl>#schengenRoute</styleUrl>
   <LineString>
     <altitudeMode>clampToGround</altitudeMode>
     <tessellate>1</tessellate>
     <coordinates>
       2.5477777777777777,49.00972222222222,0
       2.0783333333,41.2969444444,0
     </coordinates>
   </LineString>
 </Placemark>
 <Placemark>
   <name>ECLQK: LEGR - LEBL (Schengen)</name>
   <styleUrl>#schengenRoute</styleUrl>
   <LineString>
     <altitudeMode>clampToGround</altitudeMode>
     <tessellate>1</tessellate>
     <coordinates>
       -3.777222222222222,37.18861111111111,0
       2.0783333333,41.2969444444,0
     </coordinates>
   </LineString>
 </Placemark>
 <Placemark>
   <name>ECMKX: LFPO - LEBL (Schengen)</name>
   <styleUrl>#schengenRoute</styleUrl>
   <LineString>
     <altitudeMode>clampToGround</altitudeMode>
     <tessellate>1</tessellate>
     <coordinates>
       2.3794444444444447,48.723333333333336,0
       2.0783333333,41.2969444444,0
     </coordinates>
   </LineString>
 </Placemark>
 <Placemark>
   <name>ECLVO: LEMH - LEBL (Schengen)</name>
   <styleUrl>#schengenRoute</styleUrl>
   <LineString>
     <altitudeMode>clampToGround</altitudeMode>
     <tessellate>1</tessellate>
     <coordinates>
       4.2186111111111115,39.862500000000004,0
       2.0783333333,41.2969444444,0
     </coordinates>
   </LineString>
 </Placemark>
 <Placemark>
   <name>N483CM: LDDU - LEBL (Non-Schengen)</name>
   <styleUrl>#nonSchengenRoute</styleUrl>
   <LineString>
     <altitudeMode>clampToGround</altitudeMode>
     <tessellate>1</tessellate>
     <coordinates>
       18.26833333333333,42.561388888888885,0
       2.0783333333,41.2969444444,0
     </coordinates>
   </LineString>
 </Placemark>
 <Placemark>
   <name>FHEPB: LFPG - LEBL (Schengen)</name>
   <styleUrl>#schengenRoute</styleUrl>
   <LineString>
     <altitudeMode>clampToGround</altitudeMode>
     <tessellate>1</tessellate>
     <coordinates>
       2.5477777777777777,49.00972222222222,0
       2.0783333333,41.2969444444,0
     </coordinates>
   </LineString>
 </Placemark>
 <Placemark>
   <name>ECMBY: EGGP - LEBL (Non-Schengen)</name>
   <styleUrl>#nonSchengenRoute</styleUrl>
   <LineString>
     <altitudeMode>clampToGround</altitudeMode>
     <tessellate>1</tessellate>
     <coordinates>
       -2.8497222222222223,53.33361111111111,0
       2.0783333333,41.2969444444,0
     </coordinates>
   </LineString>
 </Placemark>
 <Placemark>
   <name>ECMKM: LEAL - LEBL (Schengen)</name>
   <styleUrl>#schengenRoute</styleUrl>
   <LineString>
     <altitudeMode>clampToGround</altitudeMode>
     <tessellate>1</tessellate>
     <coordinates>
       -0.5580555555555556,38.282222222222224,0
       2.0783333333,41.2969444444,0
     </coordinates>
   </LineString>
 </Placemark>
 <Placemark>
   <name>DIERF: EDDN - LEBL (Schengen)</name>
   <styleUrl>#schengenRoute</styleUrl>
   <LineString>
     <altitudeMode>clampToGround</altitudeMode>
     <tessellate>1</tessellate>
     <coordinates>
       11.078055555555554,49.49861111111111,0
       2.0783333333,41.2969444444,0
     </coordinates>
   </LineString>
 </Placemark>
 <Placemark>
   <name>DAIRD: EDDM - LEBL (Schengen)</name>
   <styleUrl>#schengenRoute</styleUrl>
   <LineString>
     <altitudeMode>clampToGround</altitudeMode>
     <tessellate>1</tessellate>
     <coordinates>
       11.786111111111111,48.35388888888889,0
       2.0783333333,41.2969444444,0
     </coordinates>
   </LineString>
 </Placemark>
 <Placemark>
   <name>ECJFN: LEMD - LEBL (Schengen)</name>
   <styleUrl>#schengenRoute</styleUrl>
   <LineString>
     <altitudeMode>clampToGround</altitudeMode>
     <tessellate>1</tessellate>
     <coordinates>
       -3.560833333333333,40.47222222222222,0
       2.0783333333,41.2969444444,0
     </coordinates>
   </LineString>
 </Placemark>
 <Placemark>
   <name>HBIOH: LSZH - LEBL (Schengen)</name>
   <styleUrl>#schengenRoute</styleUrl>
   <LineString>
     <altitudeMode>clampToGround</altitudeMode>
     <tessellate>1</tessellate>
     <coordinates>
       8.548055555555555,47.45805555555556,0
       2.0783333333,41.2969444444,0
     </coordinates>
   </LineString>
 </Placemark>
 <Placemark>
   <name>ECKCU: EBBR - LEBL (Schengen)</name>
   <styleUrl>#schengenRoute</styleUrl>
   <LineString>
     <altitudeMode>clampToGround</altitudeMode>
     <tessellate>1</tessellate>
     <coordinates>
       4.484444444444445,50.90138888888889,0
       2.0783333333,41.2969444444,0
     </coordinates>
   </LineString>
 </Placemark>
 <Placemark>
   <name>EIDHT: LEIB - LEBL (Schengen)</name>
   <styleUrl>#schengenRoute</styleUrl>
   <LineString>
     <altitudeMode>clampToGround</altitudeMode>
     <tessellate>1</tessellate>
     <coordinates>
       1.3730555555555557,38.87277777777778,0
       2.0783333333,41.2969444444,0
     </coordinates>
   </LineString>
 </Placemark>
 <Placemark>
   <name>ECLZF: LEBB - LEBL (Schengen)</name>
   <styleUrl>#schengenRoute</styleUrl>
   <LineString>
     <altitudeMode>clampToGround</altitudeMode>
     <tessellate>1</tessellate>
     <coordinates>
       -2.9105555555555553,43.301111111111105,0
       2.0783333333,41.2969444444,0
     </coordinates>
   </LineString>
 </Placemark>
 <Placemark>
   <name>GTTOE: EGLL - LEBL (Non-Schengen)</name>
   <styleUrl>#nonSchengenRoute</styleUrl>
   <LineString>
     <altitudeMode>clampToGround</altitudeMode>
     <tessellate>1</tessellate>
     <coordinates>
       -0.4613888888888889,51.4775,0
       2.0783333333,41.2969444444,0
     </coordinates>
   </LineString>
 </Placemark>
 <Placemark>
   <name>ECLAA: EDDH - LEBL (Schengen)</name>
   <styleUrl>#schengenRoute</styleUrl>
   <LineString>
     <altitudeMode>clampToGround</altitudeMode>
     <tessellate>1</tessellate>
     <coordinates>
       9.988333333333333,53.63027777777778,0
       2.0783333333,41.2969444444,0
     </coordinates>
   </LineString>
 </Placemark>
 <Placemark>
   <name>EIEPG: EGGP - LEBL (Non-Schengen)</name>
   <styleUrl>#nonSchengenRoute</styleUrl>
   <LineString>
     <altitudeMode>clampToGround</altitudeMode>
     <tessellate>1</tessellate>
     <coordinates>
       -2.8497222222222223,53.33361111111111,0
       2.0783333333,41.2969444444,0
     </coordinates>
   </LineString>
 </Placemark>
 <Placemark>
   <name>ECMKN: EDDV - LEBL (Schengen)</name>
   <styleUrl>#schengenRoute</styleUrl>
   <LineString>
     <altitudeMode>clampToGround</altitudeMode>
     <tessellate>1</tessellate>
     <coordinates>
       9.68361111111111,52.46027777777778,0
       2.0783333333,41.2969444444,0
     </coordinates>
   </LineString>
 </Placemark>
 <Placemark>
   <name>ECHHA: LEIB - LEBL (Schengen)</name>
   <styleUrl>#schengenRoute</styleUrl>
   <LineString>
     <altitudeMode>clampToGround</altitudeMode>
     <tessellate>1</tessellate>
     <coordinates>
       1.3730555555555557,38.87277777777778,0
       2.0783333333,41.2969444444,0
     </coordinates>
   </LineString>
 </Placemark>
 <Placemark>
   <name>ECLXV: LEPA - LEBL (Schengen)</name>
   <styleUrl>#schengenRoute</styleUrl>
   <LineString>
     <altitudeMode>clampToGround</altitudeMode>
     <tessellate>1</tessellate>
     <coordinates>
       2.738888888888889,39.55166666666666,0
       2.0783333333,41.2969444444,0
     </coordinates>
   </LineString>
 </Placemark>
 <Placemark>
   <name>CNRGG: GMMN - LEBL (Non-Schengen)</name>
   <styleUrl>#nonSchengenRoute</styleUrl>
   <LineString>
     <altitudeMode>clampToGround</altitudeMode>
     <tessellate>1</tessellate>
     <coordinates>
       -7.581666666666666,33.36416666666667,0
       2.0783333333,41.2969444444,0
     </coordinates>
   </LineString>
 </Placemark>
 <Placemark>
   <name>DAIDQ: EDDF - LEBL (Schengen)</name>
   <styleUrl>#schengenRoute</styleUrl>
   <LineString>
     <altitudeMode>clampToGround</altitudeMode>
     <tessellate>1</tessellate>
     <coordinates>
       8.570555555555556,50.03333333333333,0
       2.0783333333,41.2969444444,0
     </coordinates>
   </LineString>
 </Placemark>
 <Placemark>
   <name>GEZWZ: LFPG - LEBL (Schengen)</name>
   <styleUrl>#schengenRoute</styleUrl>
   <LineString>
     <altitudeMode>clampToGround</altitudeMode>
     <tessellate>1</tessellate>
     <coordinates>
       2.5477777777777777,49.00972222222222,0
       2.0783333333,41.2969444444,0
     </coordinates>
   </LineString>
 </Placemark>
 <Placemark>
   <name>ECMGZ: EGKK - LEBL (Non-Schengen)</name>
   <styleUrl>#nonSchengenRoute</styleUrl>
   <LineString>
     <altitudeMode>clampToGround</altitudeMode>
     <tessellate>1</tessellate>
     <coordinates>
       -0.19027777777777777,51.14805555555556,0
       2.0783333333,41.2969444444,0
     </coordinates>
   </LineString>
 </Placemark>
 <Placemark>
   <name>SXABE: LFBD - LEBL (Schengen)</name>
   <styleUrl>#schengenRoute</styleUrl>
   <LineString>
     <altitudeMode>clampToGround</altitudeMode>
     <tessellate>1</tessellate>
     <coordinates>
       -0.7152777777777777,44.828611111111115,0
       2.0783333333,41.2969444444,0
     </coordinates>
   </LineString>
 </Placemark>
 <Placemark>
   <name>ECMEQ: LPPT - LEBL (Schengen)</name>
   <styleUrl>#schengenRoute</styleUrl>
   <LineString>
     <altitudeMode>clampToGround</altitudeMode>
     <tessellate>1</tessellate>
     <coordinates>
       -9.134166666666665,38.774166666666666,0
       2.0783333333,41.2969444444,0
     </coordinates>
   </LineString>
 </Placemark>
 <Placemark>
   <name>GEZTA: EGKK - LEBL (Non-Schengen)</name>
   <styleUrl>#nonSchengenRoute</styleUrl>
   <LineString>
     <altitudeMode>clampToGround</altitudeMode>
     <tessellate>1</tessellate>
     <coordinates>
       -0.19027777777777777,51.14805555555556,0
       2.0783333333,41.2969444444,0
     </coordinates>
   </LineString>
 </Placemark>
 <Placemark>
   <name>ECLZE: LIPZ - LEBL (Schengen)</name>
   <styleUrl>#schengenRoute</styleUrl>
   <LineString>
     <altitudeMode>clampToGround</altitudeMode>
     <tessellate>1</tessellate>
     <coordinates>
       12.351944444444444,45.50527777777778,0
       2.0783333333,41.2969444444,0
     </coordinates>
   </LineString>
 </Placemark>
 <Placemark>
   <name>ECLRN: LICJ - LEBL (Schengen)</name>
   <styleUrl>#schengenRoute</styleUrl>
   <LineString>
     <altitudeMode>clampToGround</altitudeMode>
     <tessellate>1</tessellate>
     <coordinates>
       13.099444444444446,38.18194444444444,0
       2.0783333333,41.2969444444,0
     </coordinates>
   </LineString>
 </Placemark>
 <Placemark>
   <name>ECHQI: LIBD - LEBL (Schengen)</name>
   <styleUrl>#schengenRoute</styleUrl>
   <LineString>
     <altitudeMode>clampToGround</altitudeMode>
     <tessellate>1</tessellate>
     <coordinates>
       16.765,41.13805555555555,0
       2.0783333333,41.2969444444,0
     </coordinates>
   </LineString>
 </Placemark>
 <Placemark>
   <name>ECHQJ: LOWW - LEBL (Schengen)</name>
   <styleUrl>#schengenRoute</styleUrl>
   <LineString>
     <altitudeMode>clampToGround</altitudeMode>
     <tessellate>1</tessellate>
     <coordinates>
       16.56972222222222,48.11027777777778,0
       2.0783333333,41.2969444444,0
     </coordinates>
   </LineString>
 </Placemark>
 <Placemark>
   <name>ECMAI: LEIB - LEBL (Schengen)</name>
   <styleUrl>#schengenRoute</styleUrl>
   <LineString>
     <altitudeMode>clampToGround</altitudeMode>
     <tessellate>1</tessellate>
     <coordinates>
       1.3730555555555557,38.87277777777778,0
       2.0783333333,41.2969444444,0
     </coordinates>
   </LineString>
 </Placemark>
 <Placemark>
   <name>ECMLD: EDDM - LEBL (Schengen)</name>
   <styleUrl>#schengenRoute</styleUrl>
   <LineString>
     <altitudeMode>clampToGround</altitudeMode>
     <tessellate>1</tessellate>
     <coordinates>
       11.786111111111111,48.35388888888889,0
       2.0783333333,41.2969444444,0
     </coordinates>
   </LineString>
 </Placemark>
 <Placemark>
   <name>FGUGO: LFPG - LEBL (Schengen)</name>
   <styleUrl>#schengenRoute</styleUrl>
   <LineString>
     <altitudeMode>clampToGround</altitudeMode>
     <tessellate>1</tessellate>
     <coordinates>
       2.5477777777777777,49.00972222222222,0
       2.0783333333,41.2969444444,0
     </coordinates>
   </LineString>
 </Placemark>
 <Placemark>
   <name>ECMJR: LIRN - LEBL (Schengen)</name>
   <styleUrl>#schengenRoute</styleUrl>
   <LineString>
     <altitudeMode>clampToGround</altitudeMode>
     <tessellate>1</tessellate>
     <coordinates>
       14.290833333333333,40.88444444444444,0
       2.0783333333,41.2969444444,0
     </coordinates>
   </LineString>
 </Placemark>
 <Placemark>
   <name>ECLUN: LFML - LEBL (Schengen)</name>
   <styleUrl>#schengenRoute</styleUrl>
   <LineString>
     <altitudeMode>clampToGround</altitudeMode>
     <tessellate>1</tessellate>
     <coordinates>
       5.215,43.43666666666666,0
       2.0783333333,41.2969444444,0
     </coordinates>
   </LineString>
 </Placemark>
 <Placemark>
   <name>ECKRN: GMMX - LEBL (Non-Schengen)</name>
   <styleUrl>#nonSchengenRoute</styleUrl>
   <LineString>
     <altitudeMode>clampToGround</altitudeMode>
     <tessellate>1</tessellate>
     <coordinates>
       -8.040833333333333,31.608611111111113,0
       2.0783333333,41.2969444444,0
     </coordinates>
   </LineString>
 </Placemark>
 <Placemark>
   <name>EIDHG: LIRF - LEBL (Schengen)</name>
   <styleUrl>#schengenRoute</styleUrl>
   <LineString>
     <altitudeMode>clampToGround</altitudeMode>
     <tessellate>1</tessellate>
     <coordinates>
       12.238888888888889,41.80027777777777,0
       2.0783333333,41.2969444444,0
     </coordinates>
   </LineString>
 </Placemark>
 <Placemark>
   <name>GEZUM: LSGG - LEBL (Schengen)</name>
   <styleUrl>#schengenRoute</styleUrl>
   <LineString>
     <altitudeMode>clampToGround</altitudeMode>
     <tessellate>1</tessellate>
     <coordinates>
       6.109444444444444,46.23833333333334,0
       2.0783333333,41.2969444444,0
     </coordinates>
   </LineString>
 </Placemark>
 <Placemark>
   <name>ECLVP: LSGG - LEBL (Schengen)</name>
   <styleUrl>#schengenRoute</styleUrl>
   <LineString>
     <altitudeMode>clampToGround</altitudeMode>
     <tessellate>1</tessellate>
     <coordinates>
       6.109444444444444,46.23833333333334,0
       2.0783333333,41.2969444444,0
     </coordinates>
   </LineString>
 </Placemark>
 <Placemark>
   <name>ECIXD: LEMD - LEBL (Schengen)</name>
   <styleUrl>#schengenRoute</styleUrl>
   <LineString>
     <altitudeMode>clampToGround</altitudeMode>
     <tessellate>1</tessellate>
     <coordinates>
       -3.560833333333333,40.47222222222222,0
       2.0783333333,41.2969444444,0
     </coordinates>
   </LineString>
 </Placemark>
 <Placemark>
   <name>ECLZZ: LIRF - LEBL (Schengen)</name>
   <styleUrl>#schengenRoute</styleUrl>
   <LineString>
     <altitudeMode>clampToGround</altitudeMode>
     <tessellate>1</tessellate>
     <coordinates>
       12.238888888888889,41.80027777777777,0
       2.0783333333,41.2969444444,0
     </coordinates>
   </LineString>
 </Placemark>
 <Placemark>
   <name>PHBXE: EHAM - LEBL (Schengen)</name>
   <styleUrl>#schengenRoute</styleUrl>
   <LineString>
     <altitudeMode>clampToGround</altitudeMode>
     <tessellate>1</tessellate>
     <coordinates>
       4.764166666666667,52.308055555555555,0
       2.0783333333,41.2969444444,0
     </coordinates>
   </LineString>
 </Placemark>
 <Placemark>
   <name>ECLRM: EGFF - LEBL (Non-Schengen)</name>
   <styleUrl>#nonSchengenRoute</styleUrl>
   <LineString>
     <altitudeMode>clampToGround</altitudeMode>
     <tessellate>1</tessellate>
     <coordinates>
       -3.3433333333333333,51.39666666666667,0
       2.0783333333,41.2969444444,0
     </coordinates>
   </LineString>
 </Placemark>
 <Placemark>
   <name>ECMGY: LEIB - LEBL (Schengen)</name>
   <styleUrl>#schengenRoute</styleUrl>
   <LineString>
     <altitudeMode>clampToGround</altitudeMode>
     <tessellate>1</tessellate>
     <coordinates>
       1.3730555555555557,38.87277777777778,0
       2.0783333333,41.2969444444,0
     </coordinates>
   </LineString>
 </Placemark>
 <Placemark>
   <name>ECJYX: LEXJ - LEBL (Schengen)</name>
   <styleUrl>#schengenRoute</styleUrl>
   <LineString>
     <altitudeMode>clampToGround</altitudeMode>
     <tessellate>1</tessellate>
     <coordinates>
       -3.82,43.426944444444445,0
       2.0783333333,41.2969444444,0
     </coordinates>
   </LineString>
 </Placemark>
 <Placemark>
   <name>EIFIY: LEVD - LEBL (Schengen)</name>
   <styleUrl>#schengenRoute</styleUrl>
   <LineString>
     <altitudeMode>clampToGround</altitudeMode>
     <tessellate>1</tessellate>
     <coordinates>
       -4.851944444444444,41.70611111111111,0
       2.0783333333,41.2969444444,0
     </coordinates>
   </LineString>
 </Placemark>
 <Placemark>
   <name>DAICG: EDDS - LEBL (Schengen)</name>
   <styleUrl>#schengenRoute</styleUrl>
   <LineString>
     <altitudeMode>clampToGround</altitudeMode>
     <tessellate>1</tessellate>
     <coordinates>
       9.221944444444444,48.69,0
       2.0783333333,41.2969444444,0
     </coordinates>
   </LineString>
 </Placemark>
 <Placemark>
   <name>CSTPA: LPPT - LEBL (Schengen)</name>
   <styleUrl>#schengenRoute</styleUrl>
   <LineString>
     <altitudeMode>clampToGround</altitudeMode>
     <tessellate>1</tessellate>
     <coordinates>
       -9.134166666666665,38.774166666666666,0
       2.0783333333,41.2969444444,0
     </coordinates>
   </LineString>
 </Placemark>
 <Placemark>
   <name>EIDWK: LEMH - LEBL (Schengen)</name>
   <styleUrl>#schengenRoute</styleUrl>
   <LineString>
     <altitudeMode>clampToGround</altitudeMode>
     <tessellate>1</tessellate>
     <coordinates>
       4.2186111111111115,39.862500000000004,0
       2.0783333333,41.2969444444,0
     </coordinates>
   </LineString>
 </Placemark>
 <Placemark>
   <name>GOZBW: EGNM - LEBL (Non-Schengen)</name>
   <styleUrl>#nonSchengenRoute</styleUrl>
   <LineString>
     <altitudeMode>clampToGround</altitudeMode>
     <tessellate>1</tessellate>
     <coordinates>
       -1.6608333333333332,53.86611111111111,0
       2.0783333333,41.2969444444,0
     </coordinates>
   </LineString>
 </Placemark>
 <Placemark>
   <name>ECMMH: GCXO - LEBL (Non-Schengen)</name>
   <styleUrl>#nonSchengenRoute</styleUrl>
   <LineString>
     <altitudeMode>clampToGround</altitudeMode>
     <tessellate>1</tessellate>
     <coordinates>
       -16.341666666666665,28.482777777777777,0
       2.0783333333,41.2969444444,0
     </coordinates>
   </LineString>
 </Placemark>
 <Placemark>
   <name>EIDHX: EGSS - LEBL (Non-Schengen)</name>
   <styleUrl>#nonSchengenRoute</styleUrl>
   <LineString>
     <altitudeMode>clampToGround</altitudeMode>
     <tessellate>1</tessellate>
     <coordinates>
       0.23500000000000001,51.885,0
       2.0783333333,41.2969444444,0
     </coordinates>
   </LineString>
 </Placemark>
 <Placemark>
   <name>EIDHO: ESKN - LEBL (Schengen)</name>
   <styleUrl>#schengenRoute</styleUrl>
   <LineString>
     <altitudeMode>clampToGround</altitudeMode>
     <tessellate>1</tessellate>
     <coordinates>
       16.90361111111111,58.78861111111111,0
       2.0783333333,41.2969444444,0
     </coordinates>
   </LineString>
 </Placemark>
 <Placemark>
   <name>ECMHS: GCRR - LEBL (Non-Schengen)</name>
   <styleUrl>#nonSchengenRoute</styleUrl>
   <LineString>
     <altitudeMode>clampToGround</altitudeMode>
     <tessellate>1</tessellate>
     <coordinates>
       -13.605277777777777,28.945555555555554,0
       2.0783333333,41.2969444444,0
     </coordinates>
   </LineString>
 </Placemark>
 <Placemark>
   <name>DAISL: EDDF - LEBL (Schengen)</name>
   <styleUrl>#schengenRoute</styleUrl>
   <LineString>
     <altitudeMode>clampToGround</altitudeMode>
     <tessellate>1</tessellate>
     <coordinates>
       8.570555555555556,50.03333333333333,0
       2.0783333333,41.2969444444,0
     </coordinates>
   </LineString>
 </Placemark>
 <Placemark>
   <name>HALPX: LRCL - LEBL (Non-Schengen)</name>
   <styleUrl>#nonSchengenRoute</styleUrl>
   <LineString>
     <altitudeMode>clampToGround</altitudeMode>
     <tessellate>1</tessellate>
     <coordinates>
       23.692222222222224,46.78916666666667,0
       2.0783333333,41.2969444444,0
     </coordinates>
   </LineString>
 </Placemark>
 <Placemark>
   <name>HALWY: EVRA - LEBL (Schengen)</name>
   <styleUrl>#schengenRoute</styleUrl>
   <LineString>
     <altitudeMode>clampToGround</altitudeMode>
     <tessellate>1</tessellate>
     <coordinates>
       23.97111111111111,56.92361111111111,0
       2.0783333333,41.2969444444,0
     </coordinates>
   </LineString>
 </Placemark>
 <Placemark>
   <name>ECJFT: LEPA - LEBL (Schengen)</name>
   <styleUrl>#schengenRoute</styleUrl>
   <LineString>
     <altitudeMode>clampToGround</altitudeMode>
     <tessellate>1</tessellate>
     <coordinates>
       2.738888888888889,39.55166666666666,0
       2.0783333333,41.2969444444,0
     </coordinates>
   </LineString>
 </Placemark>
 <Placemark>
   <name>LNDYP: ESSA - LEBL (Schengen)</name>
   <styleUrl>#schengenRoute</styleUrl>
   <LineString>
     <altitudeMode>clampToGround</altitudeMode>
     <tessellate>1</tessellate>
     <coordinates>
       17.91861111111111,59.651944444444446,0
       2.0783333333,41.2969444444,0
     </coordinates>
   </LineString>
 </Placemark>
 <Placemark>
   <name>DABZA: EDDL - LEBL (Schengen)</name>
   <styleUrl>#schengenRoute</styleUrl>
   <LineString>
     <altitudeMode>clampToGround</altitudeMode>
     <tessellate>1</tessellate>
     <coordinates>
       6.7572222222222225,51.280833333333334,0
       2.0783333333,41.2969444444,0
     </coordinates>
   </LineString>
 </Placemark>
 <Placemark>
   <name>GEZIM: EDDB - LEBL (Schengen)</name>
   <styleUrl>#schengenRoute</styleUrl>
   <LineString>
     <altitudeMode>clampToGround</altitudeMode>
     <tessellate>1</tessellate>
     <coordinates>
       13.500555555555556,52.36222222222222,0
       2.0783333333,41.2969444444,0
     </coordinates>
   </LineString>
 </Placemark>
 <Placemark>
   <name>ECLQM: EDDT - LEBL (Schengen)</name>
   <styleUrl>#schengenRoute</styleUrl>
   <LineString>
     <altitudeMode>clampToGround</altitudeMode>
     <tessellate>1</tessellate>
     <coordinates>
       13.287777777777778,52.55972222222222,0
       2.0783333333,41.2969444444,0
     </coordinates>
   </LineString>
 </Placemark>
 <Placemark>
   <name>DAIQK: EDDK - LEBL (Schengen)</name>
   <styleUrl>#schengenRoute</styleUrl>
   <LineString>
     <altitudeMode>clampToGround</altitudeMode>
     <tessellate>1</tessellate>
     <coordinates>
       7.142777777777778,50.865833333333335,0
       2.0783333333,41.2969444444,0
     </coordinates>
   </LineString>
 </Placemark>
 <Placemark>
   <name>ECLRG: EGNM - LEBL (Non-Schengen)</name>
   <styleUrl>#nonSchengenRoute</styleUrl>
   <LineString>
     <altitudeMode>clampToGround</altitudeMode>
     <tessellate>1</tessellate>
     <coordinates>
       -1.6608333333333332,53.86611111111111,0
       2.0783333333,41.2969444444,0
     </coordinates>
   </LineString>
 </Placemark>
 <Placemark>
   <name>ECMFB: ENGM - LEBL (Schengen)</name>
   <styleUrl>#schengenRoute</styleUrl>
   <LineString>
     <altitudeMode>clampToGround</altitudeMode>
     <tessellate>1</tessellate>
     <coordinates>
       11.08388888888889,60.20277777777778,0
       2.0783333333,41.2969444444,0
     </coordinates>
   </LineString>
 </Placemark>
 <Placemark>
   <name>ECMLM: LFPO - LEBL (Schengen)</name>
   <styleUrl>#schengenRoute</styleUrl>
   <LineString>
     <altitudeMode>clampToGround</altitudeMode>
     <tessellate>1</tessellate>
     <coordinates>
       2.3794444444444447,48.723333333333336,0
       2.0783333333,41.2969444444,0
     </coordinates>
   </LineString>
 </Placemark>
 <Placemark>
   <name>DASXJ: EDDL - LEBL (Schengen)</name>
   <styleUrl>#schengenRoute</styleUrl>
   <LineString>
     <altitudeMode>clampToGround</altitudeMode>
     <tessellate>1</tessellate>
     <coordinates>
       6.7572222222222225,51.280833333333334,0
       2.0783333333,41.2969444444,0
     </coordinates>
   </LineString>
 </Placemark>
 <Placemark>
   <name>ECMMU: GCLP - LEBL (Non-Schengen)</name>
   <styleUrl>#nonSchengenRoute</styleUrl>
   <LineString>
     <altitudeMode>clampToGround</altitudeMode>
     <tessellate>1</tessellate>
     <coordinates>
       -15.386666666666667,27.931944444444447,0
       2.0783333333,41.2969444444,0
     </coordinates>
   </LineString>
 </Placemark>
 <Placemark>
   <name>ECLUT: GCXO - LEBL (Non-Schengen)</name>
   <styleUrl>#nonSchengenRoute</styleUrl>
   <LineString>
     <altitudeMode>clampToGround</altitudeMode>
     <tessellate>1</tessellate>
     <coordinates>
       -16.341666666666665,28.482777777777777,0
       2.0783333333,41.2969444444,0
     </coordinates>
   </LineString>
 </Placemark>
 <Placemark>
   <name>HBIOM: LSZH - LEBL (Schengen)</name>
   <styleUrl>#schengenRoute</styleUrl>
   <LineString>
     <altitudeMode>clampToGround</altitudeMode>
     <tessellate>1</tessellate>
     <coordinates>
       8.548055555555555,47.45805555555556,0
       2.0783333333,41.2969444444,0
     </coordinates>
   </LineString>
 </Placemark>
 <Placemark>
   <name>ECMEA: LIMC - LEBL (Schengen)</name>
   <styleUrl>#schengenRoute</styleUrl>
   <LineString>
     <altitudeMode>clampToGround</altitudeMode>
     <tessellate>1</tessellate>
     <coordinates>
       8.723055555555556,45.63,0
       2.0783333333,41.2969444444,0
     </coordinates>
   </LineString>
 </Placemark>
 <Placemark>
   <name>FGRXE: LFPG - LEBL (Schengen)</name>
   <styleUrl>#schengenRoute</styleUrl>
   <LineString>
     <altitudeMode>clampToGround</altitudeMode>
     <tessellate>1</tessellate>
     <coordinates>
       2.5477777777777777,49.00972222222222,0
       2.0783333333,41.2969444444,0
     </coordinates>
   </LineString>
 </Placemark>
 <Placemark>
   <name>GEUUT: EGLL - LEBL (Non-Schengen)</name>
   <styleUrl>#nonSchengenRoute</styleUrl>
   <LineString>
     <altitudeMode>clampToGround</altitudeMode>
     <tessellate>1</tessellate>
     <coordinates>
       -0.4613888888888889,51.4775,0
       2.0783333333,41.2969444444,0
     </coordinates>
   </LineString>
 </Placemark>
 <Placemark>
   <name>ECLQN: LSZH - LEBL (Schengen)</name>
   <styleUrl>#schengenRoute</styleUrl>
   <LineString>
     <altitudeMode>clampToGround</altitudeMode>
     <tessellate>1</tessellate>
     <coordinates>
       8.548055555555555,47.45805555555556,0
       2.0783333333,41.2969444444,0
     </coordinates>
   </LineString>
 </Placemark>
 <Placemark>
   <name>LYVEV: LEPA - LEBL (Schengen)</name>
   <styleUrl>#schengenRoute</styleUrl>
   <LineString>
     <altitudeMode>clampToGround</altitudeMode>
     <tessellate>1</tessellate>
     <coordinates>
       2.738888888888889,39.55166666666666,0
       2.0783333333,41.2969444444,0
     </coordinates>
   </LineString>
 </Placemark>
 <Placemark>
   <name>ECJTR: LEMH - LEBL (Schengen)</name>
   <styleUrl>#schengenRoute</styleUrl>
   <LineString>
     <altitudeMode>clampToGround</altitudeMode>
     <tessellate>1</tessellate>
     <coordinates>
       4.2186111111111115,39.862500000000004,0
       2.0783333333,41.2969444444,0
     </coordinates>
   </LineString>
 </Placemark>
 <Placemark>
   <name>9HVMK: LIPZ - LEBL (Schengen)</name>
   <styleUrl>#schengenRoute</styleUrl>
   <LineString>
     <altitudeMode>clampToGround</altitudeMode>
     <tessellate>1</tessellate>
     <coordinates>
       12.351944444444444,45.50527777777778,0
       2.0783333333,41.2969444444,0
     </coordinates>
   </LineString>
 </Placemark>
 <Placemark>
   <name>ECMKV: LESO - LEBL (Schengen)</name>
   <styleUrl>#schengenRoute</styleUrl>
   <LineString>
     <altitudeMode>clampToGround</altitudeMode>
     <tessellate>1</tessellate>
     <coordinates>
       -1.7905555555555555,43.35638888888889,0
       2.0783333333,41.2969444444,0
     </coordinates>
   </LineString>
 </Placemark>
 <Placemark>
   <name>CGDEJ: EHRD - LEBL (Schengen)</name>
   <styleUrl>#schengenRoute</styleUrl>
   <LineString>
     <altitudeMode>clampToGround</altitudeMode>
     <tessellate>1</tessellate>
     <coordinates>
       4.437222222222222,51.956944444444446,0
       2.0783333333,41.2969444444,0
     </coordinates>
   </LineString>
 </Placemark>
 <Placemark>
   <name>ECHUH: LEMD - LEBL (Schengen)</name>
   <styleUrl>#schengenRoute</styleUrl>
   <LineString>
     <altitudeMode>clampToGround</altitudeMode>
     <tessellate>1</tessellate>
     <coordinates>
       -3.560833333333333,40.47222222222222,0
       2.0783333333,41.2969444444,0
     </coordinates>
   </LineString>
 </Placemark>
 <Placemark>
   <name>ECLLM: LEIB - LEBL (Schengen)</name>
   <styleUrl>#schengenRoute</styleUrl>
   <LineString>
     <altitudeMode>clampToGround</altitudeMode>
     <tessellate>1</tessellate>
     <coordinates>
       1.3730555555555557,38.87277777777778,0
       2.0783333333,41.2969444444,0
     </coordinates>
   </LineString>
 </Placemark>
 <Placemark>
   <name>OEIEW: LOWW - LEBL (Schengen)</name>
   <styleUrl>#schengenRoute</styleUrl>
   <LineString>
     <altitudeMode>clampToGround</altitudeMode>
     <tessellate>1</tessellate>
     <coordinates>
       16.56972222222222,48.11027777777778,0
       2.0783333333,41.2969444444,0
     </coordinates>
   </LineString>
 </Placemark>
 <Placemark>
   <name>ECLLJ: LEIB - LEBL (Schengen)</name>
   <styleUrl>#schengenRoute</styleUrl>
   <LineString>
     <altitudeMode>clampToGround</altitudeMode>
     <tessellate>1</tessellate>
     <coordinates>
       1.3730555555555557,38.87277777777778,0
       2.0783333333,41.2969444444,0
     </coordinates>
   </LineString>
 </Placemark>
 <Placemark>
   <name>EIEFN: EBBR - LEBL (Schengen)</name>
   <styleUrl>#schengenRoute</styleUrl>
   <LineString>
     <altitudeMode>clampToGround</altitudeMode>
     <tessellate>1</tessellate>
     <coordinates>
       4.484444444444445,50.90138888888889,0
       2.0783333333,41.2969444444,0
     </coordinates>
   </LineString>
 </Placemark>
 <Placemark>
   <name>GEZEG: EGKK - LEBL (Non-Schengen)</name>
   <styleUrl>#nonSchengenRoute</styleUrl>
   <LineString>
     <altitudeMode>clampToGround</altitudeMode>
     <tessellate>1</tessellate>
     <coordinates>
       -0.19027777777777777,51.14805555555556,0
       2.0783333333,41.2969444444,0
     </coordinates>
   </LineString>
 </Placemark>
 <Placemark>
   <name>EIDCM: LIRF - LEBL (Schengen)</name>
   <styleUrl>#schengenRoute</styleUrl>
   <LineString>
     <altitudeMode>clampToGround</altitudeMode>
     <tessellate>1</tessellate>
     <coordinates>
       12.238888888888889,41.80027777777777,0
       2.0783333333,41.2969444444,0
     </coordinates>
   </LineString>
 </Placemark>
 <Placemark>
   <name>A7ACD: OTHH - LEBL (Non-Schengen)</name>
   <styleUrl>#nonSchengenRoute</styleUrl>
   <LineString>
     <altitudeMode>clampToGround</altitudeMode>
     <tessellate>1</tessellate>
     <coordinates>
       51.608333333333334,25.274444444444445,0
       2.0783333333,41.2969444444,0
     </coordinates>
   </LineString>
 </Placemark>
 <Placemark>
   <name>7TVJM: DAAG - LEBL (Non-Schengen)</name>
   <styleUrl>#nonSchengenRoute</styleUrl>
   <LineString>
     <altitudeMode>clampToGround</altitudeMode>
     <tessellate>1</tessellate>
     <coordinates>
       3.2144444444444447,36.693888888888885,0
       2.0783333333,41.2969444444,0
     </coordinates>
   </LineString>
 </Placemark>
 <Placemark>
   <name>EIDAE: LEVX - LEBL (Schengen)</name>
   <styleUrl>#schengenRoute</styleUrl>
   <LineString>
     <altitudeMode>clampToGround</altitudeMode>
     <tessellate>1</tessellate>
     <coordinates>
       -8.627500000000001,42.22916666666667,0
       2.0783333333,41.2969444444,0
     </coordinates>
   </LineString>
 </Placemark>
 <Placemark>
   <name>HBJYK: LSGG - LEBL (Schengen)</name>
   <styleUrl>#schengenRoute</styleUrl>
   <LineString>
     <altitudeMode>clampToGround</altitudeMode>
     <tessellate>1</tessellate>
     <coordinates>
       6.109444444444444,46.23833333333334,0
       2.0783333333,41.2969444444,0
     </coordinates>
   </LineString>
 </Placemark>
 <Placemark>
   <name>HALYG: EPKT - LEBL (Schengen)</name>
   <styleUrl>#schengenRoute</styleUrl>
   <LineString>
     <altitudeMode>clampToGround</altitudeMode>
     <tessellate>1</tessellate>
     <coordinates>
       19.08,50.47416666666667,0
       2.0783333333,41.2969444444,0
     </coordinates>
   </LineString>
 </Placemark>
 <Placemark>
   <name>GEZBU: EGMC - LEBL (Non-Schengen)</name>
   <styleUrl>#nonSchengenRoute</styleUrl>
   <LineString>
     <altitudeMode>clampToGround</altitudeMode>
     <tessellate>1</tessellate>
     <coordinates>
       0.6933333333333334,51.57027777777778,0
       2.0783333333,41.2969444444,0
     </coordinates>
   </LineString>
 </Placemark>
 <Placemark>
   <name>OHLZB: EFHK - LEBL (Schengen)</name>
   <styleUrl>#schengenRoute</styleUrl>
   <LineString>
     <altitudeMode>clampToGround</altitudeMode>
     <tessellate>1</tessellate>
     <coordinates>
       24.96333333333333,60.31722222222223,0
       2.0783333333,41.2969444444,0
     </coordinates>
   </LineString>
 </Placemark>
 <Placemark>
   <name>GEUYC: EGLL - LEBL (Non-Schengen)</name>
   <styleUrl>#nonSchengenRoute</styleUrl>
   <LineString>
     <altitudeMode>clampToGround</altitudeMode>
     <tessellate>1</tessellate>
     <coordinates>
       -0.4613888888888889,51.4775,0
       2.0783333333,41.2969444444,0
     </coordinates>
   </LineString>
 </Placemark>
 <Placemark>
   <name>HBJYE: LFSB - LEBL (Schengen)</name>
   <styleUrl>#schengenRoute</styleUrl>
   <LineString>
     <altitudeMode>clampToGround</altitudeMode>
     <tessellate>1</tessellate>
     <coordinates>
       7.529166666666667,47.59,0
       2.0783333333,41.2969444444,0
     </coordinates>
   </LineString>
 </Placemark>
 <Placemark>
   <name>ECMBK: LEIB - LEBL (Schengen)</name>
   <styleUrl>#schengenRoute</styleUrl>
   <LineString>
     <altitudeMode>clampToGround</altitudeMode>
     <tessellate>1</tessellate>
     <coordinates>
       1.3730555555555557,38.87277777777778,0
       2.0783333333,41.2969444444,0
     </coordinates>
   </LineString>
 </Placemark>
 <Placemark>
   <name>A6EEH: OMDB - LEBL (Non-Schengen)</name>
   <styleUrl>#nonSchengenRoute</styleUrl>
   <LineString>
     <altitudeMode>clampToGround</altitudeMode>
     <tessellate>1</tessellate>
     <coordinates>
       55.36,25.249166666666667,0
       2.0783333333,41.2969444444,0
     </coordinates>
   </LineString>
 </Placemark>
 <Placemark>
   <name>OELEF: LOWW - LEBL (Schengen)</name>
   <styleUrl>#schengenRoute</styleUrl>
   <LineString>
     <altitudeMode>clampToGround</altitudeMode>
     <tessellate>1</tessellate>
     <coordinates>
       16.56972222222222,48.11027777777778,0
       2.0783333333,41.2969444444,0
     </coordinates>
   </LineString>
 </Placemark>
 <Placemark>
   <name>OOSSK: EBBR - LEBL (Schengen)</name>
   <styleUrl>#schengenRoute</styleUrl>
   <LineString>
     <altitudeMode>clampToGround</altitudeMode>
     <tessellate>1</tessellate>
     <coordinates>
       4.484444444444445,50.90138888888889,0
       2.0783333333,41.2969444444,0
     </coordinates>
   </LineString>
 </Placemark>
 <Placemark>
   <name>ECLML: LFLL - LEBL (Schengen)</name>
   <styleUrl>#schengenRoute</styleUrl>
   <LineString>
     <altitudeMode>clampToGround</altitudeMode>
     <tessellate>1</tessellate>
     <coordinates>
       5.0811111111111105,45.72555555555556,0
       2.0783333333,41.2969444444,0
     </coordinates>
   </LineString>
 </Placemark>
 <Placemark>
   <name>EIEFI: EIDW - LEBL (Non-Schengen)</name>
   <styleUrl>#nonSchengenRoute</styleUrl>
   <LineString>
     <altitudeMode>clampToGround</altitudeMode>
     <tessellate>1</tessellate>
     <coordinates>
       -6.27,53.421388888888885,0
       2.0783333333,41.2969444444,0
     </coordinates>
   </LineString>
 </Placemark>
 <Placemark>
   <name>HBIJQ: LSGG - LEBL (Schengen)</name>
   <styleUrl>#schengenRoute</styleUrl>
   <LineString>
     <altitudeMode>clampToGround</altitudeMode>
     <tessellate>1</tessellate>
     <coordinates>
       6.109444444444444,46.23833333333334,0
       2.0783333333,41.2969444444,0
     </coordinates>
   </LineString>
 </Placemark>
 <Placemark>
   <name>GEZFY: EGNT - LEBL (Non-Schengen)</name>
   <styleUrl>#nonSchengenRoute</styleUrl>
   <LineString>
     <altitudeMode>clampToGround</altitudeMode>
     <tessellate>1</tessellate>
     <coordinates>
       -1.6897222222222223,55.03805555555555,0
       2.0783333333,41.2969444444,0
     </coordinates>
   </LineString>
 </Placemark>
 <Placemark>
   <name>CSTRN: ESSA - LEBL (Schengen)</name>
   <styleUrl>#schengenRoute</styleUrl>
   <LineString>
     <altitudeMode>clampToGround</altitudeMode>
     <tessellate>1</tessellate>
     <coordinates>
       17.91861111111111,59.651944444444446,0
       2.0783333333,41.2969444444,0
     </coordinates>
   </LineString>
 </Placemark>
 <Placemark>
   <name>EIDHB: LEZL - LEBL (Schengen)</name>
   <styleUrl>#schengenRoute</styleUrl>
   <LineString>
     <altitudeMode>clampToGround</altitudeMode>
     <tessellate>1</tessellate>
     <coordinates>
       -5.898888888888888,37.418055555555554,0
       2.0783333333,41.2969444444,0
     </coordinates>
   </LineString>
 </Placemark>
 <Placemark>
   <name>FGZHY: LFPO - LEBL (Schengen)</name>
   <styleUrl>#schengenRoute</styleUrl>
   <LineString>
     <altitudeMode>clampToGround</altitudeMode>
     <tessellate>1</tessellate>
     <coordinates>
       2.3794444444444447,48.723333333333336,0
       2.0783333333,41.2969444444,0
     </coordinates>
   </LineString>
 </Placemark>
 <Placemark>
   <name>EIDHH: GCRR - LEBL (Non-Schengen)</name>
   <styleUrl>#nonSchengenRoute</styleUrl>
   <LineString>
     <altitudeMode>clampToGround</altitudeMode>
     <tessellate>1</tessellate>
     <coordinates>
       -13.605277777777777,28.945555555555554,0
       2.0783333333,41.2969444444,0
     </coordinates>
   </LineString>
 </Placemark>
 <Placemark>
   <name>ECJBX: LEPA - LEBL (Schengen)</name>
   <styleUrl>#schengenRoute</styleUrl>
   <LineString>
     <altitudeMode>clampToGround</altitudeMode>
     <tessellate>1</tessellate>
     <coordinates>
       2.738888888888889,39.55166666666666,0
       2.0783333333,41.2969444444,0
     </coordinates>
   </LineString>
 </Placemark>
 <Placemark>
   <name>ECLVS: LEMG - LEBL (Schengen)</name>
   <styleUrl>#schengenRoute</styleUrl>
   <LineString>
     <altitudeMode>clampToGround</altitudeMode>
     <tessellate>1</tessellate>
     <coordinates>
       -4.4991666666666665,36.675,0
       2.0783333333,41.2969444444,0
     </coordinates>
   </LineString>
 </Placemark>
 <Placemark>
   <name>HALYL: LWSK - LEBL (Non-Schengen)</name>
   <styleUrl>#nonSchengenRoute</styleUrl>
   <LineString>
     <altitudeMode>clampToGround</altitudeMode>
     <tessellate>1</tessellate>
     <coordinates>
       21.62138888888889,41.961666666666666,0
       2.0783333333,41.2969444444,0
     </coordinates>
   </LineString>
 </Placemark>
 <Placemark>
   <name>EIDWA: EGPK - LEBL (Non-Schengen)</name>
   <styleUrl>#nonSchengenRoute</styleUrl>
   <LineString>
     <altitudeMode>clampToGround</altitudeMode>
     <tessellate>1</tessellate>
     <coordinates>
       -4.594444444444444,55.50944444444445,0
       2.0783333333,41.2969444444,0
     </coordinates>
   </LineString>
 </Placemark>
 <Placemark>
   <name>ECJPK: LEMD - LEBL (Schengen)</name>
   <styleUrl>#schengenRoute</styleUrl>
   <LineString>
     <altitudeMode>clampToGround</altitudeMode>
     <tessellate>1</tessellate>
     <coordinates>
       -3.560833333333333,40.47222222222222,0
       2.0783333333,41.2969444444,0
     </coordinates>
   </LineString>
 </Placemark>
 <Placemark>
   <name>ECLST: LEMH - LEBL (Schengen)</name>
   <styleUrl>#schengenRoute</styleUrl>
   <LineString>
     <altitudeMode>clampToGround</altitudeMode>
     <tessellate>1</tessellate>
     <coordinates>
       4.2186111111111115,39.862500000000004,0
       2.0783333333,41.2969444444,0
     </coordinates>
   </LineString>
 </Placemark>
 <Placemark>
   <name>ECLOB: EHAM - LEBL (Schengen)</name>
   <styleUrl>#schengenRoute</styleUrl>
   <LineString>
     <altitudeMode>clampToGround</altitudeMode>
     <tessellate>1</tessellate>
     <coordinates>
       4.764166666666667,52.308055555555555,0
       2.0783333333,41.2969444444,0
     </coordinates>
   </LineString>
 </Placemark>
 <Placemark>
   <name>ECJTQ: LEVD - LEBL (Schengen)</name>
   <styleUrl>#schengenRoute</styleUrl>
   <LineString>
     <altitudeMode>clampToGround</altitudeMode>
     <tessellate>1</tessellate>
     <coordinates>
       -4.851944444444444,41.70611111111111,0
       2.0783333333,41.2969444444,0
     </coordinates>
   </LineString>
 </Placemark>
 <Placemark>
   <name>GEZFG: EGGP - LEBL (Non-Schengen)</name>
   <styleUrl>#nonSchengenRoute</styleUrl>
   <LineString>
     <altitudeMode>clampToGround</altitudeMode>
     <tessellate>1</tessellate>
     <coordinates>
       -2.8497222222222223,53.33361111111111,0
       2.0783333333,41.2969444444,0
     </coordinates>
   </LineString>
 </Placemark>
 <Placemark>
   <name>EIDLH: GCLP - LEBL (Non-Schengen)</name>
   <styleUrl>#nonSchengenRoute</styleUrl>
   <LineString>
     <altitudeMode>clampToGround</altitudeMode>
     <tessellate>1</tessellate>
     <coordinates>
       -15.386666666666667,27.931944444444447,0
       2.0783333333,41.2969444444,0
     </coordinates>
   </LineString>
 </Placemark>
 <Placemark>
   <name>ECJGM: LEMD - LEBL (Schengen)</name>
   <styleUrl>#schengenRoute</styleUrl>
   <LineString>
     <altitudeMode>clampToGround</altitudeMode>
     <tessellate>1</tessellate>
     <coordinates>
       -3.560833333333333,40.47222222222222,0
       2.0783333333,41.2969444444,0
     </coordinates>
   </LineString>
 </Placemark>
 <Placemark>
   <name>CSTTN: LPPT - LEBL (Schengen)</name>
   <styleUrl>#schengenRoute</styleUrl>
   <LineString>
     <altitudeMode>clampToGround</altitudeMode>
     <tessellate>1</tessellate>
     <coordinates>
       -9.134166666666665,38.774166666666666,0
       2.0783333333,41.2969444444,0
     </coordinates>
   </LineString>
 </Placemark>
 <Placemark>
   <name>HALYO: LBSF - LEBL (Non-Schengen)</name>
   <styleUrl>#nonSchengenRoute</styleUrl>
   <LineString>
     <altitudeMode>clampToGround</altitudeMode>
     <tessellate>1</tessellate>
     <coordinates>
       23.40833333333333,42.69499999999999,0
       2.0783333333,41.2969444444,0
     </coordinates>
   </LineString>
 </Placemark>
 <Placemark>
   <name>ECLZO: EKCH - LEBL (Schengen)</name>
   <styleUrl>#schengenRoute</styleUrl>
   <LineString>
     <altitudeMode>clampToGround</altitudeMode>
     <tessellate>1</tessellate>
     <coordinates>
       12.65611111111111,55.61805555555556,0
       2.0783333333,41.2969444444,0
     </coordinates>
   </LineString>
 </Placemark>
 <Placemark>
   <name>N900AL: HTDA - LEBL (Non-Schengen)</name>
   <styleUrl>#nonSchengenRoute</styleUrl>
   <LineString>
     <altitudeMode>clampToGround</altitudeMode>
     <tessellate>1</tessellate>
     <coordinates>
       39.20333333333333,-6.875555555555556,0
       2.0783333333,41.2969444444,0
     </coordinates>
   </LineString>
 </Placemark>
 <Placemark>
   <name>DAIRB: EDDM - LEBL (Schengen)</name>
   <styleUrl>#schengenRoute</styleUrl>
   <LineString>
     <altitudeMode>clampToGround</altitudeMode>
     <tessellate>1</tessellate>
     <coordinates>
       11.786111111111111,48.35388888888889,0
       2.0783333333,41.2969444444,0
     </coordinates>
   </LineString>
 </Placemark>
 <Placemark>
   <name>GEZIZ: LIMC - LEBL (Schengen)</name>
   <styleUrl>#schengenRoute</styleUrl>
   <LineString>
     <altitudeMode>clampToGround</altitudeMode>
     <tessellate>1</tessellate>
     <coordinates>
       8.723055555555556,45.63,0
       2.0783333333,41.2969444444,0
     </coordinates>
   </LineString>
 </Placemark>
 <Placemark>
   <name>ECMKT: EFHK - LEBL (Schengen)</name>
   <styleUrl>#schengenRoute</styleUrl>
   <LineString>
     <altitudeMode>clampToGround</altitudeMode>
     <tessellate>1</tessellate>
     <coordinates>
       24.96333333333333,60.31722222222223,0
       2.0783333333,41.2969444444,0
     </coordinates>
   </LineString>
 </Placemark>
 <Placemark>
   <name>EIFIN: EGCC - LEBL (Non-Schengen)</name>
   <styleUrl>#nonSchengenRoute</styleUrl>
   <LineString>
     <altitudeMode>clampToGround</altitudeMode>
     <tessellate>1</tessellate>
     <coordinates>
       -2.275,53.35388888888889,0
       2.0783333333,41.2969444444,0
     </coordinates>
   </LineString>
 </Placemark>
 <Placemark>
   <name>ECMJZ: LELN - LEBL (Schengen)</name>
   <styleUrl>#schengenRoute</styleUrl>
   <LineString>
     <altitudeMode>clampToGround</altitudeMode>
     <tessellate>1</tessellate>
     <coordinates>
       -5.6561111111111115,42.58861111111111,0
       2.0783333333,41.2969444444,0
     </coordinates>
   </LineString>
 </Placemark>
 <Placemark>
   <name>ECMBT: LEAS - LEBL (Schengen)</name>
   <styleUrl>#schengenRoute</styleUrl>
   <LineString>
     <altitudeMode>clampToGround</altitudeMode>
     <tessellate>1</tessellate>
     <coordinates>
       -6.034722222222222,43.56361111111111,0
       2.0783333333,41.2969444444,0
     </coordinates>
   </LineString>
 </Placemark>
 <Placemark>
   <name>ECKHN: LFPO - LEBL (Schengen)</name>
   <styleUrl>#schengenRoute</styleUrl>
   <LineString>
     <altitudeMode>clampToGround</altitudeMode>
     <tessellate>1</tessellate>
     <coordinates>
       2.3794444444444447,48.723333333333336,0
       2.0783333333,41.2969444444,0
     </coordinates>
   </LineString>
 </Placemark>
 <Placemark>
   <name>EIENG: LIPE - LEBL (Schengen)</name>
   <styleUrl>#schengenRoute</styleUrl>
   <LineString>
     <altitudeMode>clampToGround</altitudeMode>
     <tessellate>1</tessellate>
     <coordinates>
       11.296944444444444,44.530833333333334,0
       2.0783333333,41.2969444444,0
     </coordinates>
   </LineString>
 </Placemark>
 <Placemark>
   <name>GDBCI: EGKK - LEBL (Non-Schengen)</name>
   <styleUrl>#nonSchengenRoute</styleUrl>
   <LineString>
     <altitudeMode>clampToGround</altitudeMode>
     <tessellate>1</tessellate>
     <coordinates>
       -0.19027777777777777,51.14805555555556,0
       2.0783333333,41.2969444444,0
     </coordinates>
   </LineString>
 </Placemark>
 <Placemark>
   <name>EIFHS: ENGM - LEBL (Schengen)</name>
   <styleUrl>#schengenRoute</styleUrl>
   <LineString>
     <altitudeMode>clampToGround</altitudeMode>
     <tessellate>1</tessellate>
     <coordinates>
       11.08388888888889,60.20277777777778,0
       2.0783333333,41.2969444444,0
     </coordinates>
   </LineString>
 </Placemark>
 <Placemark>
   <name>GEZIK: EGGD - LEBL (Non-Schengen)</name>
   <styleUrl>#nonSchengenRoute</styleUrl>
   <LineString>
     <altitudeMode>clampToGround</altitudeMode>
     <tessellate>1</tessellate>
     <coordinates>
       -2.7191666666666667,51.382777777777775,0
       2.0783333333,41.2969444444,0
     </coordinates>
   </LineString>
 </Placemark>
 <Placemark>
   <name>ECMBS: LEZL - LEBL (Schengen)</name>
   <styleUrl>#schengenRoute</styleUrl>
   <LineString>
     <altitudeMode>clampToGround</altitudeMode>
     <tessellate>1</tessellate>
     <coordinates>
       -5.898888888888888,37.418055555555554,0
       2.0783333333,41.2969444444,0
     </coordinates>
   </LineString>
 </Placemark>
 <Placemark>
   <name>EIENL: LEJR - LEBL (Schengen)</name>
   <styleUrl>#schengenRoute</styleUrl>
   <LineString>
     <altitudeMode>clampToGround</altitudeMode>
     <tessellate>1</tessellate>
     <coordinates>
       -6.06,36.74472222222222,0
       2.0783333333,41.2969444444,0
     </coordinates>
   </LineString>
 </Placemark>
 <Placemark>
   <name>ECLXV: LEPA - LEBL (Schengen)</name>
   <styleUrl>#schengenRoute</styleUrl>
   <LineString>
     <altitudeMode>clampToGround</altitudeMode>
     <tessellate>1</tessellate>
     <coordinates>
       2.738888888888889,39.55166666666666,0
       2.0783333333,41.2969444444,0
     </coordinates>
   </LineString>
 </Placemark>
 <Placemark>
   <name>ECLGV: LEMD - LEBL (Schengen)</name>
   <styleUrl>#schengenRoute</styleUrl>
   <LineString>
     <altitudeMode>clampToGround</altitudeMode>
     <tessellate>1</tessellate>
     <coordinates>
       -3.560833333333333,40.47222222222222,0
       2.0783333333,41.2969444444,0
     </coordinates>
   </LineString>
 </Placemark>
 <Placemark>
   <name>LYVEO: LFPG - LEBL (Schengen)</name>
   <styleUrl>#schengenRoute</styleUrl>
   <LineString>
     <altitudeMode>clampToGround</altitudeMode>
     <tessellate>1</tessellate>
     <coordinates>
       2.5477777777777777,49.00972222222222,0
       2.0783333333,41.2969444444,0
     </coordinates>
   </LineString>
 </Placemark>
 <Placemark>
   <name>N327UP: LEVC - LEBL (Schengen)</name>
   <styleUrl>#schengenRoute</styleUrl>
   <LineString>
     <altitudeMode>clampToGround</altitudeMode>
     <tessellate>1</tessellate>
     <coordinates>
       -0.4816666666666667,39.489444444444445,0
       2.0783333333,41.2969444444,0
     </coordinates>
   </LineString>
 </Placemark>
 <Placemark>
   <name>EIDLC: LPPR - LEBL (Schengen)</name>
   <styleUrl>#schengenRoute</styleUrl>
   <LineString>
     <altitudeMode>clampToGround</altitudeMode>
     <tessellate>1</tessellate>
     <coordinates>
       -8.678055555555554,41.23555555555556,0
       2.0783333333,41.2969444444,0
     </coordinates>
   </LineString>
 </Placemark>
 <Placemark>
   <name>TFBRO: BIKF - LEBL (Schengen)</name>
   <styleUrl>#schengenRoute</styleUrl>
   <LineString>
     <altitudeMode>clampToGround</altitudeMode>
     <tessellate>1</tessellate>
     <coordinates>
       -22.605555555555558,63.985,0
       2.0783333333,41.2969444444,0
     </coordinates>
   </LineString>
 </Placemark>
 <Placemark>
   <name>EIDPG: LEPA - LEBL (Schengen)</name>
   <styleUrl>#schengenRoute</styleUrl>
   <LineString>
     <altitudeMode>clampToGround</altitudeMode>
     <tessellate>1</tessellate>
     <coordinates>
       2.738888888888889,39.55166666666666,0
       2.0783333333,41.2969444444,0
     </coordinates>
   </LineString>
 </Placemark>
 <Placemark>
   <name>ECJFN: LEMD - LEBL (Schengen)</name>
   <styleUrl>#schengenRoute</styleUrl>
   <LineString>
     <altitudeMode>clampToGround</altitudeMode>
     <tessellate>1</tessellate>
     <coordinates>
       -3.560833333333333,40.47222222222222,0
       2.0783333333,41.2969444444,0
     </coordinates>
   </LineString>
 </Placemark>
 <Placemark>
   <name>ECLQL: EGLL - LEBL (Non-Schengen)</name>
   <styleUrl>#nonSchengenRoute</styleUrl>
   <LineString>
     <altitudeMode>clampToGround</altitudeMode>
     <tessellate>1</tessellate>
     <coordinates>
       -0.4613888888888889,51.4775,0
       2.0783333333,41.2969444444,0
     </coordinates>
   </LineString>
 </Placemark>
 <Placemark>
   <name>EIDEE: EIDW - LEBL (Non-Schengen)</name>
   <styleUrl>#nonSchengenRoute</styleUrl>
   <LineString>
     <altitudeMode>clampToGround</altitudeMode>
     <tessellate>1</tessellate>
     <coordinates>
       -6.27,53.421388888888885,0
       2.0783333333,41.2969444444,0
     </coordinates>
   </LineString>
 </Placemark>
 <Placemark>
   <name>ECLVA: LIRF - LEBL (Schengen)</name>
   <styleUrl>#schengenRoute</styleUrl>
   <LineString>
     <altitudeMode>clampToGround</altitudeMode>
     <tessellate>1</tessellate>
     <coordinates>
       12.238888888888889,41.80027777777777,0
       2.0783333333,41.2969444444,0
     </coordinates>
   </LineString>
 </Placemark>
 <Placemark>
   <name>ECMGF: EDDF - LEBL (Schengen)</name>
   <styleUrl>#schengenRoute</styleUrl>
   <LineString>
     <altitudeMode>clampToGround</altitudeMode>
     <tessellate>1</tessellate>
     <coordinates>
       8.570555555555556,50.03333333333333,0
       2.0783333333,41.2969444444,0
     </coordinates>
   </LineString>
 </Placemark>
 <Placemark>
   <name>CNNMH: GMTT - LEBL (Non-Schengen)</name>
   <styleUrl>#nonSchengenRoute</styleUrl>
   <LineString>
     <altitudeMode>clampToGround</altitudeMode>
     <tessellate>1</tessellate>
     <coordinates>
       -5.921111111111111,35.73166666666667,0
       2.0783333333,41.2969444444,0
     </coordinates>
   </LineString>
 </Placemark>
 <Placemark>
   <name>ECMKM: LPPR - LEBL (Schengen)</name>
   <styleUrl>#schengenRoute</styleUrl>
   <LineString>
     <altitudeMode>clampToGround</altitudeMode>
     <tessellate>1</tessellate>
     <coordinates>
       -8.678055555555554,41.23555555555556,0
       2.0783333333,41.2969444444,0
     </coordinates>
   </LineString>
 </Placemark>
 <Placemark>
   <name>ECLUN: LEBB - LEBL (Schengen)</name>
   <styleUrl>#schengenRoute</styleUrl>
   <LineString>
     <altitudeMode>clampToGround</altitudeMode>
     <tessellate>1</tessellate>
     <coordinates>
       -2.9105555555555553,43.301111111111105,0
       2.0783333333,41.2969444444,0
     </coordinates>
   </LineString>
 </Placemark>
 <Placemark>
   <name>ERAXP: LUKK - LEBL (Non-Schengen)</name>
   <styleUrl>#nonSchengenRoute</styleUrl>
   <LineString>
     <altitudeMode>clampToGround</altitudeMode>
     <tessellate>1</tessellate>
     <coordinates>
       28.930833333333336,46.92777777777778,0
       2.0783333333,41.2969444444,0
     </coordinates>
   </LineString>
 </Placemark>
 <Placemark>
   <name>ECMLE: LEMH - LEBL (Schengen)</name>
   <styleUrl>#schengenRoute</styleUrl>
   <LineString>
     <altitudeMode>clampToGround</altitudeMode>
     <tessellate>1</tessellate>
     <coordinates>
       4.2186111111111115,39.862500000000004,0
       2.0783333333,41.2969444444,0
     </coordinates>
   </LineString>
 </Placemark>
 <Placemark>
   <name>EIFJL: EKBI - LEBL (Schengen)</name>
   <styleUrl>#schengenRoute</styleUrl>
   <LineString>
     <altitudeMode>clampToGround</altitudeMode>
     <tessellate>1</tessellate>
     <coordinates>
       9.151666666666667,55.74027777777778,0
       2.0783333333,41.2969444444,0
     </coordinates>
   </LineString>
 </Placemark>
 <Placemark>
   <name>ECKMI: LEMD - LEBL (Schengen)</name>
   <styleUrl>#schengenRoute</styleUrl>
   <LineString>
     <altitudeMode>clampToGround</altitudeMode>
     <tessellate>1</tessellate>
     <coordinates>
       -3.560833333333333,40.47222222222222,0
       2.0783333333,41.2969444444,0
     </coordinates>
   </LineString>
 </Placemark>
 <Placemark>
   <name>GEZUM: LFLL - LEBL (Schengen)</name>
   <styleUrl>#schengenRoute</styleUrl>
   <LineString>
     <altitudeMode>clampToGround</altitudeMode>
     <tessellate>1</tessellate>
     <coordinates>
       5.0811111111111105,45.72555555555556,0
       2.0783333333,41.2969444444,0
     </coordinates>
   </LineString>
 </Placemark>
 <Placemark>
   <name>HBION: LSZH - LEBL (Schengen)</name>
   <styleUrl>#schengenRoute</styleUrl>
   <LineString>
     <altitudeMode>clampToGround</altitudeMode>
     <tessellate>1</tessellate>
     <coordinates>
       8.548055555555555,47.45805555555556,0
       2.0783333333,41.2969444444,0
     </coordinates>
   </LineString>
 </Placemark>
 <Placemark>
   <name>ECLZF: LEAL - LEBL (Schengen)</name>
   <styleUrl>#schengenRoute</styleUrl>
   <LineString>
     <altitudeMode>clampToGround</altitudeMode>
     <tessellate>1</tessellate>
     <coordinates>
       -0.5580555555555556,38.282222222222224,0
       2.0783333333,41.2969444444,0
     </coordinates>
   </LineString>
 </Placemark>
 <Placemark>
   <name>TCICT: LEIB - LEBL (Schengen)</name>
   <styleUrl>#schengenRoute</styleUrl>
   <LineString>
     <altitudeMode>clampToGround</altitudeMode>
     <tessellate>1</tessellate>
     <coordinates>
       1.3730555555555557,38.87277777777778,0
       2.0783333333,41.2969444444,0
     </coordinates>
   </LineString>
 </Placemark>
 <Placemark>
   <name>ECLAA: LEST - LEBL (Schengen)</name>
   <styleUrl>#schengenRoute</styleUrl>
   <LineString>
     <altitudeMode>clampToGround</altitudeMode>
     <tessellate>1</tessellate>
     <coordinates>
       -8.415277777777778,42.896388888888886,0
       2.0783333333,41.2969444444,0
     </coordinates>
   </LineString>
 </Placemark>
 <Placemark>
   <name>EIFJK: EGKK - LEBL (Non-Schengen)</name>
   <styleUrl>#nonSchengenRoute</styleUrl>
   <LineString>
     <altitudeMode>clampToGround</altitudeMode>
     <tessellate>1</tessellate>
     <coordinates>
       -0.19027777777777777,51.14805555555556,0
       2.0783333333,41.2969444444,0
     </coordinates>
   </LineString>
 </Placemark>
 <Placemark>
   <name>YRBGA: LROP - LEBL (Non-Schengen)</name>
   <styleUrl>#nonSchengenRoute</styleUrl>
   <LineString>
     <altitudeMode>clampToGround</altitudeMode>
     <tessellate>1</tessellate>
     <coordinates>
       26.084999999999997,44.571111111111115,0
       2.0783333333,41.2969444444,0
     </coordinates>
   </LineString>
 </Placemark>
 <Placemark>
   <name>TCJRF: LTBA - LEBL (Non-Schengen)</name>
   <styleUrl>#nonSchengenRoute</styleUrl>
   <LineString>
     <altitudeMode>clampToGround</altitudeMode>
     <tessellate>1</tessellate>
     <coordinates>
       28.81416666666667,40.976111111111116,0
       2.0783333333,41.2969444444,0
     </coordinates>
   </LineString>
 </Placemark>
 <Placemark>
   <name>DCALL: LIEE - LEBL (Schengen)</name>
   <styleUrl>#schengenRoute</styleUrl>
   <LineString>
     <altitudeMode>clampToGround</altitudeMode>
     <tessellate>1</tessellate>
     <coordinates>
       9.056111111111111,39.24722222222222,0
       2.0783333333,41.2969444444,0
     </coordinates>
   </LineString>
 </Placemark>
 <Placemark>
   <name>ECLRY: EDDM - LEBL (Schengen)</name>
   <styleUrl>#schengenRoute</styleUrl>
   <LineString>
     <altitudeMode>clampToGround</altitudeMode>
     <tessellate>1</tessellate>
     <coordinates>
       11.786111111111111,48.35388888888889,0
       2.0783333333,41.2969444444,0
     </coordinates>
   </LineString>
 </Placemark>
 <Placemark>
   <name>ECKCU: LIRF - LEBL (Schengen)</name>
   <styleUrl>#schengenRoute</styleUrl>
   <LineString>
     <altitudeMode>clampToGround</altitudeMode>
     <tessellate>1</tessellate>
     <coordinates>
       12.238888888888889,41.80027777777777,0
       2.0783333333,41.2969444444,0
     </coordinates>
   </LineString>
 </Placemark>
 <Placemark>
   <name>EIDAM: EIDW - LEBL (Non-Schengen)</name>
   <styleUrl>#nonSchengenRoute</styleUrl>
   <LineString>
     <altitudeMode>clampToGround</altitudeMode>
     <tessellate>1</tessellate>
     <coordinates>
       -6.27,53.421388888888885,0
       2.0783333333,41.2969444444,0
     </coordinates>
   </LineString>
 </Placemark>
 <Placemark>
   <name>ECMIR: LIRQ - LEBL (Schengen)</name>
   <styleUrl>#schengenRoute</styleUrl>
   <LineString>
     <altitudeMode>clampToGround</altitudeMode>
     <tessellate>1</tessellate>
     <coordinates>
       11.202777777777778,43.808611111111105,0
       2.0783333333,41.2969444444,0
     </coordinates>
   </LineString>
 </Placemark>
 <Placemark>
   <name>PHBXK: EHAM - LEBL (Schengen)</name>
   <styleUrl>#schengenRoute</styleUrl>
   <LineString>
     <altitudeMode>clampToGround</altitudeMode>
     <tessellate>1</tessellate>
     <coordinates>
       4.764166666666667,52.308055555555555,0
       2.0783333333,41.2969444444,0
     </coordinates>
   </LineString>
 </Placemark>
 <Placemark>
   <name>EIENO: LHBP - LEBL (Schengen)</name>
   <styleUrl>#schengenRoute</styleUrl>
   <LineString>
     <altitudeMode>clampToGround</altitudeMode>
     <tessellate>1</tessellate>
     <coordinates>
       19.261944444444445,47.43944444444444,0
       2.0783333333,41.2969444444,0
     </coordinates>
   </LineString>
 </Placemark>
 <Placemark>
   <name>GEUUG: EGLL - LEBL (Non-Schengen)</name>
   <styleUrl>#nonSchengenRoute</styleUrl>
   <LineString>
     <altitudeMode>clampToGround</altitudeMode>
     <tessellate>1</tessellate>
     <coordinates>
       -0.4613888888888889,51.4775,0
       2.0783333333,41.2969444444,0
     </coordinates>
   </LineString>
 </Placemark>
 <Placemark>
   <name>ECHHA: LSZH - LEBL (Schengen)</name>
   <styleUrl>#schengenRoute</styleUrl>
   <LineString>
     <altitudeMode>clampToGround</altitudeMode>
     <tessellate>1</tessellate>
     <coordinates>
       8.548055555555555,47.45805555555556,0
       2.0783333333,41.2969444444,0
     </coordinates>
   </LineString>
 </Placemark>
 <Placemark>
   <name>ECMHB: EGKK - LEBL (Non-Schengen)</name>
   <styleUrl>#nonSchengenRoute</styleUrl>
   <LineString>
     <altitudeMode>clampToGround</altitudeMode>
     <tessellate>1</tessellate>
     <coordinates>
       -0.19027777777777777,51.14805555555556,0
       2.0783333333,41.2969444444,0
     </coordinates>
   </LineString>
 </Placemark>
 <Placemark>
   <name>ECMFL: LFPO - LEBL (Schengen)</name>
   <styleUrl>#schengenRoute</styleUrl>
   <LineString>
     <altitudeMode>clampToGround</altitudeMode>
     <tessellate>1</tessellate>
     <coordinates>
       2.3794444444444447,48.723333333333336,0
       2.0783333333,41.2969444444,0
     </coordinates>
   </LineString>
 </Placemark>
 <Placemark>
   <name>ECLVP: LEMD - LEBL (Schengen)</name>
   <styleUrl>#schengenRoute</styleUrl>
   <LineString>
     <altitudeMode>clampToGround</altitudeMode>
     <tessellate>1</tessellate>
     <coordinates>
       -3.560833333333333,40.47222222222222,0
       2.0783333333,41.2969444444,0
     </coordinates>
   </LineString>
 </Placemark>
 <Placemark>
   <name>ECLUT: LEMH - LEBL (Schengen)</name>
   <styleUrl>#schengenRoute</styleUrl>
   <LineString>
     <altitudeMode>clampToGround</altitudeMode>
     <tessellate>1</tessellate>
     <coordinates>
       4.2186111111111115,39.862500000000004,0
       2.0783333333,41.2969444444,0
     </coordinates>
   </LineString>
 </Placemark>
 <Placemark>
   <name>ECJFF: LDDU - LEBL (Non-Schengen)</name>
   <styleUrl>#nonSchengenRoute</styleUrl>
   <LineString>
     <altitudeMode>clampToGround</altitudeMode>
     <tessellate>1</tessellate>
     <coordinates>
       18.26833333333333,42.561388888888885,0
       2.0783333333,41.2969444444,0
     </coordinates>
   </LineString>
 </Placemark>
 <Placemark>
   <name>ECLZE: LEMG - LEBL (Schengen)</name>
   <styleUrl>#schengenRoute</styleUrl>
   <LineString>
     <altitudeMode>clampToGround</altitudeMode>
     <tessellate>1</tessellate>
     <coordinates>
       -4.4991666666666665,36.675,0
       2.0783333333,41.2969444444,0
     </coordinates>
   </LineString>
 </Placemark>
 <Placemark>
   <name>FGKXR: LFPG - LEBL (Schengen)</name>
   <styleUrl>#schengenRoute</styleUrl>
   <LineString>
     <altitudeMode>clampToGround</altitudeMode>
     <tessellate>1</tessellate>
     <coordinates>
       2.5477777777777777,49.00972222222222,0
       2.0783333333,41.2969444444,0
     </coordinates>
   </LineString>
 </Placemark>
 <Placemark>
   <name>ECLRG: LEPA - LEBL (Schengen)</name>
   <styleUrl>#schengenRoute</styleUrl>
   <LineString>
     <altitudeMode>clampToGround</altitudeMode>
     <tessellate>1</tessellate>
     <coordinates>
       2.738888888888889,39.55166666666666,0
       2.0783333333,41.2969444444,0
     </coordinates>
   </LineString>
 </Placemark>
 <Placemark>
   <name>DAISG: EDDF - LEBL (Schengen)</name>
   <styleUrl>#schengenRoute</styleUrl>
   <LineString>
     <altitudeMode>clampToGround</altitudeMode>
     <tessellate>1</tessellate>
     <coordinates>
       8.570555555555556,50.03333333333333,0
       2.0783333333,41.2969444444,0
     </coordinates>
   </LineString>
 </Placemark>
 <Placemark>
   <name>EIEIB: LIRF - LEBL (Schengen)</name>
   <styleUrl>#schengenRoute</styleUrl>
   <LineString>
     <altitudeMode>clampToGround</altitudeMode>
     <tessellate>1</tessellate>
     <coordinates>
       12.238888888888889,41.80027777777777,0
       2.0783333333,41.2969444444,0
     </coordinates>
   </LineString>
 </Placemark>
 <Placemark>
   <name>EIFJN: ENGM - LEBL (Schengen)</name>
   <styleUrl>#schengenRoute</styleUrl>
   <LineString>
     <altitudeMode>clampToGround</altitudeMode>
     <tessellate>1</tessellate>
     <coordinates>
       11.08388888888889,60.20277777777778,0
       2.0783333333,41.2969444444,0
     </coordinates>
   </LineString>
 </Placemark>
 <Placemark>
   <name>EIEPG: LFOB - LEBL (Schengen)</name>
   <styleUrl>#schengenRoute</styleUrl>
   <LineString>
     <altitudeMode>clampToGround</altitudeMode>
     <tessellate>1</tessellate>
     <coordinates>
       2.112777777777778,49.45444444444445,0
       2.0783333333,41.2969444444,0
     </coordinates>
   </LineString>
 </Placemark>
 <Placemark>
   <name>ECMKX: EDDL - LEBL (Schengen)</name>
   <styleUrl>#schengenRoute</styleUrl>
   <LineString>
     <altitudeMode>clampToGround</altitudeMode>
     <tessellate>1</tessellate>
     <coordinates>
       6.7572222222222225,51.280833333333334,0
       2.0783333333,41.2969444444,0
     </coordinates>
   </LineString>
 </Placemark>
 <Placemark>
   <name>VPBZA: UUEE - LEBL (Non-Schengen)</name>
   <styleUrl>#nonSchengenRoute</styleUrl>
   <LineString>
     <altitudeMode>clampToGround</altitudeMode>
     <tessellate>1</tessellate>
     <coordinates>
       37.41305555555555,55.972500000000004,0
       2.0783333333,41.2969444444,0
     </coordinates>
   </LineString>
 </Placemark>
 <Placemark>
   <name>EIFJM: EKCH - LEBL (Schengen)</name>
   <styleUrl>#schengenRoute</styleUrl>
   <LineString>
     <altitudeMode>clampToGround</altitudeMode>
     <tessellate>1</tessellate>
     <coordinates>
       12.65611111111111,55.61805555555556,0
       2.0783333333,41.2969444444,0
     </coordinates>
   </LineString>
 </Placemark>
 <Placemark>
   <name>ECLZN: LKPR - LEBL (Schengen)</name>
   <styleUrl>#schengenRoute</styleUrl>
   <LineString>
     <altitudeMode>clampToGround</altitudeMode>
     <tessellate>1</tessellate>
     <coordinates>
       14.26,50.100833333333334,0
       2.0783333333,41.2969444444,0
     </coordinates>
   </LineString>
 </Placemark>
 <Placemark>
   <name>ECLQK: EIDW - LEBL (Non-Schengen)</name>
   <styleUrl>#nonSchengenRoute</styleUrl>
   <LineString>
     <altitudeMode>clampToGround</altitudeMode>
     <tessellate>1</tessellate>
     <coordinates>
       -6.27,53.421388888888885,0
       2.0783333333,41.2969444444,0
     </coordinates>
   </LineString>
 </Placemark>
 <Placemark>
   <name>ECLZS: LIEO - LEBL (Schengen)</name>
   <styleUrl>#schengenRoute</styleUrl>
   <LineString>
     <altitudeMode>clampToGround</altitudeMode>
     <tessellate>1</tessellate>
     <coordinates>
       9.517777777777779,40.89861111111111,0
       2.0783333333,41.2969444444,0
     </coordinates>
   </LineString>
 </Placemark>
 <Placemark>
   <name>ECHTD: LEIB - LEBL (Schengen)</name>
   <styleUrl>#schengenRoute</styleUrl>
   <LineString>
     <altitudeMode>clampToGround</altitudeMode>
     <tessellate>1</tessellate>
     <coordinates>
       1.3730555555555557,38.87277777777778,0
       2.0783333333,41.2969444444,0
     </coordinates>
   </LineString>
 </Placemark>
 <Placemark>
   <name>ECLML: LEMH - LEBL (Schengen)</name>
   <styleUrl>#schengenRoute</styleUrl>
   <LineString>
     <altitudeMode>clampToGround</altitudeMode>
     <tessellate>1</tessellate>
     <coordinates>
       4.2186111111111115,39.862500000000004,0
       2.0783333333,41.2969444444,0
     </coordinates>
   </LineString>
 </Placemark>
 <Placemark>
   <name>ECMGE: EGGW - LEBL (Non-Schengen)</name>
   <styleUrl>#nonSchengenRoute</styleUrl>
   <LineString>
     <altitudeMode>clampToGround</altitudeMode>
     <tessellate>1</tessellate>
     <coordinates>
       -0.3683333333333333,51.874722222222225,0
       2.0783333333,41.2969444444,0
     </coordinates>
   </LineString>
 </Placemark>
 <Placemark>
   <name>ECMGY: LEGR - LEBL (Schengen)</name>
   <styleUrl>#schengenRoute</styleUrl>
   <LineString>
     <altitudeMode>clampToGround</altitudeMode>
     <tessellate>1</tessellate>
     <coordinates>
       -3.777222222222222,37.18861111111111,0
       2.0783333333,41.2969444444,0
     </coordinates>
   </LineString>
 </Placemark>
 <Placemark>
   <name>EIDHX: LIME - LEBL (Schengen)</name>
   <styleUrl>#schengenRoute</styleUrl>
   <LineString>
     <altitudeMode>clampToGround</altitudeMode>
     <tessellate>1</tessellate>
     <coordinates>
       9.700277777777776,45.66888888888889,0
       2.0783333333,41.2969444444,0
     </coordinates>
   </LineString>
 </Placemark>
 <Placemark>
   <name>ECLRM: LIPE - LEBL (Schengen)</name>
   <styleUrl>#schengenRoute</styleUrl>
   <LineString>
     <altitudeMode>clampToGround</altitudeMode>
     <tessellate>1</tessellate>
     <coordinates>
       11.296944444444444,44.530833333333334,0
       2.0783333333,41.2969444444,0
     </coordinates>
   </LineString>
 </Placemark>
 <Placemark>
   <name>ECHFK: LEPA - LEBL (Schengen)</name>
   <styleUrl>#schengenRoute</styleUrl>
   <LineString>
     <altitudeMode>clampToGround</altitudeMode>
     <tessellate>1</tessellate>
     <coordinates>
       2.738888888888889,39.55166666666666,0
       2.0783333333,41.2969444444,0
     </coordinates>
   </LineString>
 </Placemark>
 <Placemark>
   <name>EIDAE: LEIB - LEBL (Schengen)</name>
   <styleUrl>#schengenRoute</styleUrl>
   <LineString>
     <altitudeMode>clampToGround</altitudeMode>
     <tessellate>1</tessellate>
     <coordinates>
       1.3730555555555557,38.87277777777778,0
       2.0783333333,41.2969444444,0
     </coordinates>
   </LineString>
 </Placemark>
 <Placemark>
   <name>CSTTS: LPPT - LEBL (Schengen)</name>
   <styleUrl>#schengenRoute</styleUrl>
   <LineString>
     <altitudeMode>clampToGround</altitudeMode>
     <tessellate>1</tessellate>
     <coordinates>
       -9.134166666666665,38.774166666666666,0
       2.0783333333,41.2969444444,0
     </coordinates>
   </LineString>
 </Placemark>
 <Placemark>
   <name>EIFIY: LIPH - LEBL (Schengen)</name>
   <styleUrl>#schengenRoute</styleUrl>
   <LineString>
     <altitudeMode>clampToGround</altitudeMode>
     <tessellate>1</tessellate>
     <coordinates>
       12.197777777777778,45.65083333333333,0
       2.0783333333,41.2969444444,0
     </coordinates>
   </LineString>
 </Placemark>
 <Placemark>
   <name>EIDCJ: EDDB - LEBL (Schengen)</name>
   <styleUrl>#schengenRoute</styleUrl>
   <LineString>
     <altitudeMode>clampToGround</altitudeMode>
     <tessellate>1</tessellate>
     <coordinates>
       13.500555555555556,52.36222222222222,0
       2.0783333333,41.2969444444,0
     </coordinates>
   </LineString>
 </Placemark>
 <Placemark>
   <name>ECLVO: LECO - LEBL (Schengen)</name>
   <styleUrl>#schengenRoute</styleUrl>
   <LineString>
     <altitudeMode>clampToGround</altitudeMode>
     <tessellate>1</tessellate>
     <coordinates>
       -8.377222222222223,43.301944444444445,0
       2.0783333333,41.2969444444,0
     </coordinates>
   </LineString>
 </Placemark>
 <Placemark>
   <name>ECLVB: LPPT - LEBL (Schengen)</name>
   <styleUrl>#schengenRoute</styleUrl>
   <LineString>
     <altitudeMode>clampToGround</altitudeMode>
     <tessellate>1</tessellate>
     <coordinates>
       -9.134166666666665,38.774166666666666,0
       2.0783333333,41.2969444444,0
     </coordinates>
   </LineString>
 </Placemark>
 <Placemark>
   <name>SXABE: EBBR - LEBL (Schengen)</name>
   <styleUrl>#schengenRoute</styleUrl>
   <LineString>
     <altitudeMode>clampToGround</altitudeMode>
     <tessellate>1</tessellate>
     <coordinates>
       4.484444444444445,50.90138888888889,0
       2.0783333333,41.2969444444,0
     </coordinates>
   </LineString>
 </Placemark>
 <Placemark>
   <name>ECMEQ: LFPO - LEBL (Schengen)</name>
   <styleUrl>#schengenRoute</styleUrl>
   <LineString>
     <altitudeMode>clampToGround</altitudeMode>
     <tessellate>1</tessellate>
     <coordinates>
       2.3794444444444447,48.723333333333336,0
       2.0783333333,41.2969444444,0
     </coordinates>
   </LineString>
 </Placemark>
 <Placemark>
   <name>EIDWK: LIRF - LEBL (Schengen)</name>
   <styleUrl>#schengenRoute</styleUrl>
   <LineString>
     <altitudeMode>clampToGround</altitudeMode>
     <tessellate>1</tessellate>
     <coordinates>
       12.238888888888889,41.80027777777777,0
       2.0783333333,41.2969444444,0
     </coordinates>
   </LineString>
 </Placemark>
 <Placemark>
   <name>ECMJR: LIMC - LEBL (Schengen)</name>
   <styleUrl>#schengenRoute</styleUrl>
   <LineString>
     <altitudeMode>clampToGround</altitudeMode>
     <tessellate>1</tessellate>
     <coordinates>
       8.723055555555556,45.63,0
       2.0783333333,41.2969444444,0
     </coordinates>
   </LineString>
 </Placemark>
 <Placemark>
   <name>ECMFK: LEMH - LEBL (Schengen)</name>
   <styleUrl>#schengenRoute</styleUrl>
   <LineString>
     <altitudeMode>clampToGround</altitudeMode>
     <tessellate>1</tessellate>
     <coordinates>
       4.2186111111111115,39.862500000000004,0
       2.0783333333,41.2969444444,0
     </coordinates>
   </LineString>
 </Placemark>
 <Placemark>
   <name>ECMLM: LEVX - LEBL (Schengen)</name>
   <styleUrl>#schengenRoute</styleUrl>
   <LineString>
     <altitudeMode>clampToGround</altitudeMode>
     <tessellate>1</tessellate>
     <coordinates>
       -8.627500000000001,42.22916666666667,0
       2.0783333333,41.2969444444,0
     </coordinates>
   </LineString>
 </Placemark>
 <Placemark>
   <name>VPBRI: UUDD - LEBL (Non-Schengen)</name>
   <styleUrl>#nonSchengenRoute</styleUrl>
   <LineString>
     <altitudeMode>clampToGround</altitudeMode>
     <tessellate>1</tessellate>
     <coordinates>
       37.906388888888884,55.40861111111111,0
       2.0783333333,41.2969444444,0
     </coordinates>
   </LineString>
 </Placemark>
 <Placemark>
   <name>ECMEA: LEZL - LEBL (Schengen)</name>
   <styleUrl>#schengenRoute</styleUrl>
   <LineString>
     <altitudeMode>clampToGround</altitudeMode>
     <tessellate>1</tessellate>
     <coordinates>
       -5.898888888888888,37.418055555555554,0
       2.0783333333,41.2969444444,0
     </coordinates>
   </LineString>
 </Placemark>
 <Placemark>
   <name>ECJTR: LEPA - LEBL (Schengen)</name>
   <styleUrl>#schengenRoute</styleUrl>
   <LineString>
     <altitudeMode>clampToGround</altitudeMode>
     <tessellate>1</tessellate>
     <coordinates>
       2.738888888888889,39.55166666666666,0
       2.0783333333,41.2969444444,0
     </coordinates>
   </LineString>
 </Placemark>
 <Placemark>
   <name>GEZTA: LFPG - LEBL (Schengen)</name>
   <styleUrl>#schengenRoute</styleUrl>
   <LineString>
     <altitudeMode>clampToGround</altitudeMode>
     <tessellate>1</tessellate>
     <coordinates>
       2.5477777777777777,49.00972222222222,0
       2.0783333333,41.2969444444,0
     </coordinates>
   </LineString>
 </Placemark>
 <Placemark>
   <name>ECLSA: LPPR - LEBL (Schengen)</name>
   <styleUrl>#schengenRoute</styleUrl>
   <LineString>
     <altitudeMode>clampToGround</altitudeMode>
     <tessellate>1</tessellate>
     <coordinates>
       -8.678055555555554,41.23555555555556,0
       2.0783333333,41.2969444444,0
     </coordinates>
   </LineString>
 </Placemark>
 <Placemark>
   <name>ECMGZ: EHAM - LEBL (Schengen)</name>
   <styleUrl>#schengenRoute</styleUrl>
   <LineString>
     <altitudeMode>clampToGround</altitudeMode>
     <tessellate>1</tessellate>
     <coordinates>
       4.764166666666667,52.308055555555555,0
       2.0783333333,41.2969444444,0
     </coordinates>
   </LineString>
 </Placemark>
 <Placemark>
   <name>SXDVV: LGAV - LEBL (Schengen)</name>
   <styleUrl>#schengenRoute</styleUrl>
   <LineString>
     <altitudeMode>clampToGround</altitudeMode>
     <tessellate>1</tessellate>
     <coordinates>
       23.944444444444446,37.93666666666666,0
       2.0783333333,41.2969444444,0
     </coordinates>
   </LineString>
 </Placemark>
 <Placemark>
   <name>ECMKV: LIRP - LEBL (Schengen)</name>
   <styleUrl>#schengenRoute</styleUrl>
   <LineString>
     <altitudeMode>clampToGround</altitudeMode>
     <tessellate>1</tessellate>
     <coordinates>
       10.395555555555555,43.68277777777777,0
       2.0783333333,41.2969444444,0
     </coordinates>
   </LineString>
 </Placemark>
 <Placemark>
   <name>ECJYX: LIPX - LEBL (Schengen)</name>
   <styleUrl>#schengenRoute</styleUrl>
   <LineString>
     <altitudeMode>clampToGround</altitudeMode>
     <tessellate>1</tessellate>
     <coordinates>
       10.887777777777778,45.396388888888886,0
       2.0783333333,41.2969444444,0
     </coordinates>
   </LineString>
 </Placemark>
 <Placemark>
   <name>EIDHT: EGSS - LEBL (Non-Schengen)</name>
   <styleUrl>#nonSchengenRoute</styleUrl>
   <LineString>
     <altitudeMode>clampToGround</altitudeMode>
     <tessellate>1</tessellate>
     <coordinates>
       0.23500000000000001,51.885,0
       2.0783333333,41.2969444444,0
     </coordinates>
   </LineString>
 </Placemark>
 <Placemark>
   <name>OYRUP: GCLP - LEBL (Non-Schengen)</name>
   <styleUrl>#nonSchengenRoute</styleUrl>
   <LineString>
     <altitudeMode>clampToGround</altitudeMode>
     <tessellate>1</tessellate>
     <coordinates>
       -15.386666666666667,27.931944444444447,0
       2.0783333333,41.2969444444,0
     </coordinates>
   </LineString>
 </Placemark>
 <Placemark>
   <name>GEZWZ: EGKK - LEBL (Non-Schengen)</name>
   <styleUrl>#nonSchengenRoute</styleUrl>
   <LineString>
     <altitudeMode>clampToGround</altitudeMode>
     <tessellate>1</tessellate>
     <coordinates>
       -0.19027777777777777,51.14805555555556,0
       2.0783333333,41.2969444444,0
     </coordinates>
   </LineString>
 </Placemark>
 <Placemark>
   <name>LYVEV: LIPZ - LEBL (Schengen)</name>
   <styleUrl>#schengenRoute</styleUrl>
   <LineString>
     <altitudeMode>clampToGround</altitudeMode>
     <tessellate>1</tessellate>
     <coordinates>
       12.351944444444444,45.50527777777778,0
       2.0783333333,41.2969444444,0
     </coordinates>
   </LineString>
 </Placemark>
 <Placemark>
   <name>YLPSH: BIKF - LEBL (Schengen)</name>
   <styleUrl>#schengenRoute</styleUrl>
   <LineString>
     <altitudeMode>clampToGround</altitudeMode>
     <tessellate>1</tessellate>
     <coordinates>
       -22.605555555555558,63.985,0
       2.0783333333,41.2969444444,0
     </coordinates>
   </LineString>
 </Placemark>
 <Placemark>
   <name>EIDHG: EDDK - LEBL (Schengen)</name>
   <styleUrl>#schengenRoute</styleUrl>
   <LineString>
     <altitudeMode>clampToGround</altitudeMode>
     <tessellate>1</tessellate>
     <coordinates>
       7.142777777777778,50.865833333333335,0
       2.0783333333,41.2969444444,0
     </coordinates>
   </LineString>
 </Placemark>
 <Placemark>
   <name>ECLZZ: EGKK - LEBL (Non-Schengen)</name>
   <styleUrl>#nonSchengenRoute</styleUrl>
   <LineString>
     <altitudeMode>clampToGround</altitudeMode>
     <tessellate>1</tessellate>
     <coordinates>
       -0.19027777777777777,51.14805555555556,0
       2.0783333333,41.2969444444,0
     </coordinates>
   </LineString>
 </Placemark>
 <Placemark>
   <name>ECMBK: LIEE - LEBL (Schengen)</name>
   <styleUrl>#schengenRoute</styleUrl>
   <LineString>
     <altitudeMode>clampToGround</altitudeMode>
     <tessellate>1</tessellate>
     <coordinates>
       9.056111111111111,39.24722222222222,0
       2.0783333333,41.2969444444,0
     </coordinates>
   </LineString>
 </Placemark>
 <Placemark>
   <name>GEZDJ: EGGW - LEBL (Non-Schengen)</name>
   <styleUrl>#nonSchengenRoute</styleUrl>
   <LineString>
     <altitudeMode>clampToGround</altitudeMode>
     <tessellate>1</tessellate>
     <coordinates>
       -0.3683333333333333,51.874722222222225,0
       2.0783333333,41.2969444444,0
     </coordinates>
   </LineString>
 </Placemark>
 <Placemark>
   <name>ECKHN: LEMH - LEBL (Schengen)</name>
   <styleUrl>#schengenRoute</styleUrl>
   <LineString>
     <altitudeMode>clampToGround</altitudeMode>
     <tessellate>1</tessellate>
     <coordinates>
       4.2186111111111115,39.862500000000004,0
       2.0783333333,41.2969444444,0
     </coordinates>
   </LineString>
 </Placemark>
 <Placemark>
   <name>ECLZO: LEIB - LEBL (Schengen)</name>
   <styleUrl>#schengenRoute</styleUrl>
   <LineString>
     <altitudeMode>clampToGround</altitudeMode>
     <tessellate>1</tessellate>
     <coordinates>
       1.3730555555555557,38.87277777777778,0
       2.0783333333,41.2969444444,0
     </coordinates>
   </LineString>
 </Placemark>
 <Placemark>
   <name>ECHQI: LFMN - LEBL (Schengen)</name>
   <styleUrl>#schengenRoute</styleUrl>
   <LineString>
     <altitudeMode>clampToGround</altitudeMode>
     <tessellate>1</tessellate>
     <coordinates>
       7.215,43.665277777777774,0
       2.0783333333,41.2969444444,0
     </coordinates>
   </LineString>
 </Placemark>
 <Placemark>
   <name>ECMLD: EGCC - LEBL (Non-Schengen)</name>
   <styleUrl>#nonSchengenRoute</styleUrl>
   <LineString>
     <altitudeMode>clampToGround</altitudeMode>
     <tessellate>1</tessellate>
     <coordinates>
       -2.275,53.35388888888889,0
       2.0783333333,41.2969444444,0
     </coordinates>
   </LineString>
 </Placemark>
 <Placemark>
   <name>ECLTG: LFBT - LEBL (Schengen)</name>
   <styleUrl>#schengenRoute</styleUrl>
   <LineString>
     <altitudeMode>clampToGround</altitudeMode>
     <tessellate>1</tessellate>
     <coordinates>
       -0.002777777777777778,43.18555555555555,0
       2.0783333333,41.2969444444,0
     </coordinates>
   </LineString>
 </Placemark>
 <Placemark>
   <name>ECHQJ: LEIB - LEBL (Schengen)</name>
   <styleUrl>#schengenRoute</styleUrl>
   <LineString>
     <altitudeMode>clampToGround</altitudeMode>
     <tessellate>1</tessellate>
     <coordinates>
       1.3730555555555557,38.87277777777778,0
       2.0783333333,41.2969444444,0
     </coordinates>
   </LineString>
 </Placemark>
</Document>
</kml>
